date,product_id,stock_available,stockout,restock_quantity
2023-01-01,P001,500,False,0
2023-01-01,P002,500,False,0
2023-01-01,P003,500,False,0
2023-01-01,P004,500,False,0
2023-01-01,P005,500,False,0
2023-01-01,P006,500,False,0
2023-01-01,P007,500,False,0
2023-01-01,P008,500,False,0
2023-01-01,P009,500,False,0
2023-01-01,P010,500,False,0
2023-01-01,P011,500,False,0
2023-01-01,P012,500,False,0
2023-01-01,P013,500,False,0
2023-01-01,P014,500,False,0
2023-01-01,P015,500,False,0
2023-01-01,P016,500,False,0
2023-01-01,P017,500,False,0
2023-01-01,P018,500,False,0
2023-01-01,P019,500,False,0
2023-01-01,P020,500,False,0
2023-01-01,P021,500,False,0
2023-01-01,P022,500,False,0
2023-01-01,P023,500,False,0
2023-01-01,P024,500,False,0
2023-01-01,P025,500,False,0
2023-01-01,P026,500,False,0
2023-01-01,P027,500,False,0
2023-01-01,P028,500,False,0
2023-01-01,P029,500,False,0
2023-01-01,P030,500,False,0
2023-01-01,P031,500,False,0
2023-01-01,P032,500,False,0
2023-01-01,P033,500,False,0
2023-01-01,P034,500,False,0
2023-01-01,P035,500,False,0
2023-01-01,P036,500,False,0
2023-01-01,P037,500,False,0
2023-01-01,P038,500,False,0
2023-01-01,P039,500,False,0
2023-01-01,P040,500,False,0
2023-01-02,P001,500,False,0
2023-01-02,P002,496,False,0
2023-01-02,P003,497,False,0
2023-01-02,P004,492,False,0
2023-01-02,P005,500,False,0
2023-01-02,P006,500,False,0
2023-01-02,P007,497,False,0
2023-01-02,P008,498,False,0
2023-01-02,P009,500,False,0
2023-01-02,P010,493,False,0
2023-01-02,P011,500,False,0
2023-01-02,P012,492,False,0
2023-01-02,P013,492,False,0
2023-01-02,P014,497,False,0
2023-01-02,P015,493,False,0
2023-01-02,P016,500,False,0
2023-01-02,P017,495,False,0
2023-01-02,P018,500,False,0
2023-01-02,P019,500,False,0
2023-01-02,P020,500,False,0
2023-01-02,P021,492,False,0
2023-01-02,P022,498,False,0
2023-01-02,P023,500,False,0
2023-01-02,P024,500,False,0
2023-01-02,P025,500,False,0
2023-01-02,P026,492,False,0
2023-01-02,P027,492,False,0
2023-01-02,P028,499,False,0
2023-01-02,P029,500,False,0
2023-01-02,P030,495,False,0
2023-01-02,P031,492,False,0
2023-01-02,P032,500,False,0
2023-01-02,P033,491,False,0
2023-01-02,P034,496,False,0
2023-01-02,P035,494,False,0
2023-01-02,P036,499,False,0
2023-01-02,P037,490,False,0
2023-01-02,P038,497,False,0
2023-01-02,P039,494,False,0
2023-01-02,P040,496,False,0
2023-01-03,P001,500,False,0
2023-01-03,P002,480,False,0
2023-01-03,P003,497,False,0
2023-01-03,P004,488,False,0
2023-01-03,P005,500,False,0
2023-01-03,P006,494,False,0
2023-01-03,P007,494,False,0
2023-01-03,P008,495,False,0
2023-01-03,P009,495,False,0
2023-01-03,P010,491,False,0
2023-01-03,P011,496,False,0
2023-01-03,P012,491,False,0
2023-01-03,P013,492,False,0
2023-01-03,P014,491,False,0
2023-01-03,P015,479,False,0
2023-01-03,P016,500,False,0
2023-01-03,P017,490,False,0
2023-01-03,P018,490,False,0
2023-01-03,P019,496,False,0
2023-01-03,P020,500,False,0
2023-01-03,P021,482,False,0
2023-01-03,P022,488,False,0
2023-01-03,P023,498,False,0
2023-01-03,P024,500,False,0
2023-01-03,P025,496,False,0
2023-01-03,P026,487,False,0
2023-01-03,P027,458,False,0
2023-01-03,P028,491,False,0
2023-01-03,P029,494,False,0
2023-01-03,P030,491,False,0
2023-01-03,P031,490,False,0
2023-01-03,P032,500,False,0
2023-01-03,P033,479,False,0
2023-01-03,P034,492,False,0
2023-01-03,P035,484,False,0
2023-01-03,P036,499,False,0
2023-01-03,P037,485,False,0
2023-01-03,P038,497,False,0
2023-01-03,P039,493,False,0
2023-01-03,P040,492,False,0
2023-01-04,P001,500,False,0
2023-01-04,P002,480,False,0
2023-01-04,P003,490,False,0
2023-01-04,P004,483,False,0
2023-01-04,P005,500,False,0
2023-01-04,P006,494,False,0
2023-01-04,P007,484,False,0
2023-01-04,P008,472,False,0
2023-01-04,P009,489,False,0
2023-01-04,P010,491,False,0
2023-01-04,P011,496,False,0
2023-01-04,P012,491,False,0
2023-01-04,P013,485,False,0
2023-01-04,P014,484,False,0
2023-01-04,P015,468,False,0
2023-01-04,P016,500,False,0
2023-01-04,P017,481,False,0
2023-01-04,P018,482,False,0
2023-01-04,P019,496,False,0
2023-01-04,P020,500,False,0
2023-01-04,P021,458,False,0
2023-01-04,P022,485,False,0
2023-01-04,P023,495,False,0
2023-01-04,P024,500,False,0
2023-01-04,P025,491,False,0
2023-01-04,P026,487,False,0
2023-01-04,P027,458,False,0
2023-01-04,P028,483,False,0
2023-01-04,P029,494,False,0
2023-01-04,P030,487,False,0
2023-01-04,P031,475,False,0
2023-01-04,P032,500,False,0
2023-01-04,P033,464,False,0
2023-01-04,P034,492,False,0
2023-01-04,P035,477,False,0
2023-01-04,P036,499,False,0
2023-01-04,P037,481,False,0
2023-01-04,P038,497,False,0
2023-01-04,P039,480,False,0
2023-01-04,P040,487,False,0
2023-01-05,P001,497,False,0
2023-01-05,P002,476,False,0
2023-01-05,P003,490,False,0
2023-01-05,P004,465,False,0
2023-01-05,P005,500,False,0
2023-01-05,P006,494,False,0
2023-01-05,P007,479,False,0
2023-01-05,P008,464,False,0
2023-01-05,P009,479,False,0
2023-01-05,P010,484,False,0
2023-01-05,P011,496,False,0
2023-01-05,P012,481,False,0
2023-01-05,P013,481,False,0
2023-01-05,P014,483,False,0
2023-01-05,P015,468,False,0
2023-01-05,P016,500,False,0
2023-01-05,P017,478,False,0
2023-01-05,P018,473,False,0
2023-01-05,P019,495,False,0
2023-01-05,P020,500,False,0
2023-01-05,P021,458,False,0
2023-01-05,P022,480,False,0
2023-01-05,P023,495,False,0
2023-01-05,P024,500,False,0
2023-01-05,P025,491,False,0
2023-01-05,P026,487,False,0
2023-01-05,P027,442,False,0
2023-01-05,P028,468,False,0
2023-01-05,P029,492,False,0
2023-01-05,P030,487,False,0
2023-01-05,P031,466,False,0
2023-01-05,P032,500,False,0
2023-01-05,P033,461,False,0
2023-01-05,P034,488,False,0
2023-01-05,P035,472,False,0
2023-01-05,P036,491,False,0
2023-01-05,P037,477,False,0
2023-01-05,P038,497,False,0
2023-01-05,P039,477,False,0
2023-01-05,P040,483,False,0
2023-01-06,P001,472,False,0
2023-01-06,P002,476,False,0
2023-01-06,P003,490,False,0
2023-01-06,P004,460,False,0
2023-01-06,P005,500,False,0
2023-01-06,P006,489,False,0
2023-01-06,P007,469,False,0
2023-01-06,P008,449,False,0
2023-01-06,P009,474,False,0
2023-01-06,P010,484,False,0
2023-01-06,P011,491,False,0
2023-01-06,P012,478,False,0
2023-01-06,P013,476,False,0
2023-01-06,P014,483,False,0
2023-01-06,P015,468,False,0
2023-01-06,P016,500,False,0
2023-01-06,P017,475,False,0
2023-01-06,P018,469,False,0
2023-01-06,P019,490,False,0
2023-01-06,P020,500,False,0
2023-01-06,P021,453,False,0
2023-01-06,P022,475,False,0
2023-01-06,P023,482,False,0
2023-01-06,P024,500,False,0
2023-01-06,P025,491,False,0
2023-01-06,P026,482,False,0
2023-01-06,P027,433,False,0
2023-01-06,P028,463,False,0
2023-01-06,P029,487,False,0
2023-01-06,P030,485,False,0
2023-01-06,P031,461,False,0
2023-01-06,P032,500,False,0
2023-01-06,P033,459,False,0
2023-01-06,P034,488,False,0
2023-01-06,P035,468,False,0
2023-01-06,P036,481,False,0
2023-01-06,P037,477,False,0
2023-01-06,P038,496,False,0
2023-01-06,P039,463,False,0
2023-01-06,P040,471,False,0
2023-01-07,P001,466,False,0
2023-01-07,P002,472,False,0
2023-01-07,P003,489,False,0
2023-01-07,P004,450,False,0
2023-01-07,P005,500,False,0
2023-01-07,P006,489,False,0
2023-01-07,P007,461,False,0
2023-01-07,P008,437,False,0
2023-01-07,P009,454,False,0
2023-01-07,P010,475,False,0
2023-01-07,P011,491,False,0
2023-01-07,P012,470,False,0
2023-01-07,P013,470,False,0
2023-01-07,P014,478,False,0
2023-01-07,P015,456,False,0
2023-01-07,P016,500,False,0
2023-01-07,P017,464,False,0
2023-01-07,P018,447,False,0
2023-01-07,P019,488,False,0
2023-01-07,P020,500,False,0
2023-01-07,P021,441,False,0
2023-01-07,P022,471,False,0
2023-01-07,P023,466,False,0
2023-01-07,P024,500,False,0
2023-01-07,P025,485,False,0
2023-01-07,P026,475,False,0
2023-01-07,P027,431,False,0
2023-01-07,P028,455,False,0
2023-01-07,P029,482,False,0
2023-01-07,P030,456,False,0
2023-01-07,P031,458,False,0
2023-01-07,P032,498,False,0
2023-01-07,P033,456,False,0
2023-01-07,P034,488,False,0
2023-01-07,P035,468,False,0
2023-01-07,P036,481,False,0
2023-01-07,P037,473,False,0
2023-01-07,P038,494,False,0
2023-01-07,P039,450,False,0
2023-01-07,P040,471,False,0
2023-01-08,P001,456,False,0
2023-01-08,P002,471,False,0
2023-01-08,P003,489,False,0
2023-01-08,P004,444,False,0
2023-01-08,P005,497,False,0
2023-01-08,P006,485,False,0
2023-01-08,P007,451,False,0
2023-01-08,P008,430,False,0
2023-01-08,P009,441,False,0
2023-01-08,P010,472,False,0
2023-01-08,P011,491,False,0
2023-01-08,P012,464,False,0
2023-01-08,P013,463,False,0
2023-01-08,P014,478,False,0
2023-01-08,P015,449,False,0
2023-01-08,P016,500,False,0
2023-01-08,P017,462,False,0
2023-01-08,P018,438,False,0
2023-01-08,P019,488,False,0
2023-01-08,P020,500,False,0
2023-01-08,P021,426,False,0
2023-01-08,P022,462,False,0
2023-01-08,P023,457,False,0
2023-01-08,P024,500,False,0
2023-01-08,P025,480,False,0
2023-01-08,P026,461,False,0
2023-01-08,P027,419,False,0
2023-01-08,P028,450,False,0
2023-01-08,P029,471,False,0
2023-01-08,P030,452,False,0
2023-01-08,P031,454,False,0
2023-01-08,P032,494,False,0
2023-01-08,P033,453,False,0
2023-01-08,P034,488,False,0
2023-01-08,P035,466,False,0
2023-01-08,P036,469,False,0
2023-01-08,P037,471,False,0
2023-01-08,P038,489,False,0
2023-01-08,P039,449,False,0
2023-01-08,P040,464,False,0
2023-01-09,P001,451,False,0
2023-01-09,P002,461,False,0
2023-01-09,P003,472,False,0
2023-01-09,P004,433,False,0
2023-01-09,P005,497,False,0
2023-01-09,P006,485,False,0
2023-01-09,P007,433,False,0
2023-01-09,P008,414,False,0
2023-01-09,P009,432,False,0
2023-01-09,P010,469,False,0
2023-01-09,P011,489,False,0
2023-01-09,P012,459,False,0
2023-01-09,P013,452,False,0
2023-01-09,P014,473,False,0
2023-01-09,P015,444,False,0
2023-01-09,P016,500,False,0
2023-01-09,P017,439,False,0
2023-01-09,P018,438,False,0
2023-01-09,P019,488,False,0
2023-01-09,P020,500,False,0
2023-01-09,P021,413,False,0
2023-01-09,P022,454,False,0
2023-01-09,P023,451,False,0
2023-01-09,P024,498,False,0
2023-01-09,P025,480,False,0
2023-01-09,P026,454,False,0
2023-01-09,P027,419,False,0
2023-01-09,P028,450,False,0
2023-01-09,P029,468,False,0
2023-01-09,P030,448,False,0
2023-01-09,P031,444,False,0
2023-01-09,P032,491,False,0
2023-01-09,P033,449,False,0
2023-01-09,P034,487,False,0
2023-01-09,P035,463,False,0
2023-01-09,P036,462,False,0
2023-01-09,P037,466,False,0
2023-01-09,P038,489,False,0
2023-01-09,P039,419,False,0
2023-01-09,P040,462,False,0
2023-01-10,P001,450,False,0
2023-01-10,P002,456,False,0
2023-01-10,P003,472,False,0
2023-01-10,P004,429,False,0
2023-01-10,P005,497,False,0
2023-01-10,P006,481,False,0
2023-01-10,P007,427,False,0
2023-01-10,P008,410,False,0
2023-01-10,P009,425,False,0
2023-01-10,P010,466,False,0
2023-01-10,P011,489,False,0
2023-01-10,P012,442,False,0
2023-01-10,P013,444,False,0
2023-01-10,P014,469,False,0
2023-01-10,P015,432,False,0
2023-01-10,P016,500,False,0
2023-01-10,P017,426,False,0
2023-01-10,P018,436,False,0
2023-01-10,P019,483,False,0
2023-01-10,P020,500,False,0
2023-01-10,P021,413,False,0
2023-01-10,P022,449,False,0
2023-01-10,P023,451,False,0
2023-01-10,P024,498,False,0
2023-01-10,P025,480,False,0
2023-01-10,P026,450,False,0
2023-01-10,P027,415,False,0
2023-01-10,P028,441,False,0
2023-01-10,P029,463,False,0
2023-01-10,P030,442,False,0
2023-01-10,P031,442,False,0
2023-01-10,P032,484,False,0
2023-01-10,P033,446,False,0
2023-01-10,P034,479,False,0
2023-01-10,P035,462,False,0
2023-01-10,P036,462,False,0
2023-01-10,P037,466,False,0
2023-01-10,P038,489,False,0
2023-01-10,P039,415,False,0
2023-01-10,P040,462,False,0
2023-01-11,P001,444,False,0
2023-01-11,P002,456,False,0
2023-01-11,P003,467,False,0
2023-01-11,P004,422,False,0
2023-01-11,P005,497,False,0
2023-01-11,P006,481,False,0
2023-01-11,P007,422,False,0
2023-01-11,P008,410,False,0
2023-01-11,P009,425,False,0
2023-01-11,P010,466,False,0
2023-01-11,P011,489,False,0
2023-01-11,P012,437,False,0
2023-01-11,P013,440,False,0
2023-01-11,P014,469,False,0
2023-01-11,P015,432,False,0
2023-01-11,P016,500,False,0
2023-01-11,P017,414,False,0
2023-01-11,P018,436,False,0
2023-01-11,P019,483,False,0
2023-01-11,P020,500,False,0
2023-01-11,P021,411,False,0
2023-01-11,P022,449,False,0
2023-01-11,P023,442,False,0
2023-01-11,P024,494,False,0
2023-01-11,P025,477,False,0
2023-01-11,P026,450,False,0
2023-01-11,P027,407,False,0
2023-01-11,P028,441,False,0
2023-01-11,P029,462,False,0
2023-01-11,P030,439,False,0
2023-01-11,P031,437,False,0
2023-01-11,P032,484,False,0
2023-01-11,P033,442,False,0
2023-01-11,P034,473,False,0
2023-01-11,P035,456,False,0
2023-01-11,P036,452,False,0
2023-01-11,P037,461,False,0
2023-01-11,P038,486,False,0
2023-01-11,P039,403,False,0
2023-01-11,P040,462,False,0
2023-01-12,P001,439,False,0
2023-01-12,P002,454,False,0
2023-01-12,P003,464,False,0
2023-01-12,P004,413,False,0
2023-01-12,P005,477,False,0
2023-01-12,P006,473,False,0
2023-01-12,P007,420,False,0
2023-01-12,P008,404,False,0
2023-01-12,P009,422,False,0
2023-01-12,P010,461,False,0
2023-01-12,P011,489,False,0
2023-01-12,P012,435,False,0
2023-01-12,P013,431,False,0
2023-01-12,P014,464,False,0
2023-01-12,P015,424,False,0
2023-01-12,P016,500,False,0
2023-01-12,P017,410,False,0
2023-01-12,P018,427,False,0
2023-01-12,P019,480,False,0
2023-01-12,P020,500,False,0
2023-01-12,P021,402,False,0
2023-01-12,P022,446,False,0
2023-01-12,P023,440,False,0
2023-01-12,P024,489,False,0
2023-01-12,P025,477,False,0
2023-01-12,P026,450,False,0
2023-01-12,P027,405,False,0
2023-01-12,P028,435,False,0
2023-01-12,P029,449,False,0
2023-01-12,P030,435,False,0
2023-01-12,P031,425,False,0
2023-01-12,P032,477,False,0
2023-01-12,P033,442,False,0
2023-01-12,P034,468,False,0
2023-01-12,P035,434,False,0
2023-01-12,P036,448,False,0
2023-01-12,P037,461,False,0
2023-01-12,P038,470,False,0
2023-01-12,P039,403,False,0
2023-01-12,P040,458,False,0
2023-01-13,P001,439,False,0
2023-01-13,P002,449,False,0
2023-01-13,P003,464,False,0
2023-01-13,P004,396,False,0
2023-01-13,P005,477,False,0
2023-01-13,P006,473,False,0
2023-01-13,P007,420,False,0
2023-01-13,P008,401,False,0
2023-01-13,P009,416,False,0
2023-01-13,P010,461,False,0
2023-01-13,P011,489,False,0
2023-01-13,P012,427,False,0
2023-01-13,P013,431,False,0
2023-01-13,P014,464,False,0
2023-01-13,P015,424,False,0
2023-01-13,P016,500,False,0
2023-01-13,P017,405,False,0
2023-01-13,P018,427,False,0
2023-01-13,P019,480,False,0
2023-01-13,P020,500,False,0
2023-01-13,P021,392,False,0
2023-01-13,P022,439,False,0
2023-01-13,P023,440,False,0
2023-01-13,P024,485,False,0
2023-01-13,P025,474,False,0
2023-01-13,P026,448,False,0
2023-01-13,P027,403,False,0
2023-01-13,P028,432,False,0
2023-01-13,P029,446,False,0
2023-01-13,P030,435,False,0
2023-01-13,P031,420,False,0
2023-01-13,P032,477,False,0
2023-01-13,P033,438,False,0
2023-01-13,P034,464,False,0
2023-01-13,P035,428,False,0
2023-01-13,P036,446,False,0
2023-01-13,P037,456,False,0
2023-01-13,P038,470,False,0
2023-01-13,P039,397,False,0
2023-01-13,P040,452,False,0
2023-01-14,P001,436,False,0
2023-01-14,P002,442,False,0
2023-01-14,P003,464,False,0
2023-01-14,P004,379,False,0
2023-01-14,P005,477,False,0
2023-01-14,P006,473,False,0
2023-01-14,P007,417,False,0
2023-01-14,P008,399,False,0
2023-01-14,P009,416,False,0
2023-01-14,P010,461,False,0
2023-01-14,P011,486,False,0
2023-01-14,P012,419,False,0
2023-01-14,P013,430,False,0
2023-01-14,P014,464,False,0
2023-01-14,P015,424,False,0
2023-01-14,P016,500,False,0
2023-01-14,P017,394,False,0
2023-01-14,P018,422,False,0
2023-01-14,P019,480,False,0
2023-01-14,P020,500,False,0
2023-01-14,P021,386,False,0
2023-01-14,P022,419,False,0
2023-01-14,P023,440,False,0
2023-01-14,P024,485,False,0
2023-01-14,P025,469,False,0
2023-01-14,P026,448,False,0
2023-01-14,P027,403,False,0
2023-01-14,P028,429,False,0
2023-01-14,P029,443,False,0
2023-01-14,P030,428,False,0
2023-01-14,P031,386,False,0
2023-01-14,P032,477,False,0
2023-01-14,P033,424,False,0
2023-01-14,P034,463,False,0
2023-01-14,P035,428,False,0
2023-01-14,P036,442,False,0
2023-01-14,P037,455,False,0
2023-01-14,P038,463,False,0
2023-01-14,P039,394,False,0
2023-01-14,P040,449,False,0
2023-01-15,P001,436,False,0
2023-01-15,P002,437,False,0
2023-01-15,P003,464,False,0
2023-01-15,P004,367,False,0
2023-01-15,P005,477,False,0
2023-01-15,P006,473,False,0
2023-01-15,P007,400,False,0
2023-01-15,P008,394,False,0
2023-01-15,P009,408,False,0
2023-01-15,P010,455,False,0
2023-01-15,P011,484,False,0
2023-01-15,P012,416,False,0
2023-01-15,P013,427,False,0
2023-01-15,P014,464,False,0
2023-01-15,P015,422,False,0
2023-01-15,P016,500,False,0
2023-01-15,P017,387,False,0
2023-01-15,P018,413,False,0
2023-01-15,P019,473,False,0
2023-01-15,P020,500,False,0
2023-01-15,P021,386,False,0
2023-01-15,P022,414,False,0
2023-01-15,P023,427,False,0
2023-01-15,P024,483,False,0
2023-01-15,P025,463,False,0
2023-01-15,P026,448,False,0
2023-01-15,P027,403,False,0
2023-01-15,P028,417,False,0
2023-01-15,P029,443,False,0
2023-01-15,P030,409,False,0
2023-01-15,P031,378,False,0
2023-01-15,P032,473,False,0
2023-01-15,P033,407,False,0
2023-01-15,P034,454,False,0
2023-01-15,P035,410,False,0
2023-01-15,P036,439,False,0
2023-01-15,P037,455,False,0
2023-01-15,P038,463,False,0
2023-01-15,P039,392,False,0
2023-01-15,P040,449,False,0
2023-01-16,P001,420,False,0
2023-01-16,P002,435,False,0
2023-01-16,P003,455,False,0
2023-01-16,P004,349,False,0
2023-01-16,P005,477,False,0
2023-01-16,P006,456,False,0
2023-01-16,P007,384,False,0
2023-01-16,P008,389,False,0
2023-01-16,P009,397,False,0
2023-01-16,P010,449,False,0
2023-01-16,P011,482,False,0
2023-01-16,P012,411,False,0
2023-01-16,P013,422,False,0
2023-01-16,P014,462,False,0
2023-01-16,P015,412,False,0
2023-01-16,P016,500,False,0
2023-01-16,P017,383,False,0
2023-01-16,P018,406,False,0
2023-01-16,P019,468,False,0
2023-01-16,P020,490,False,0
2023-01-16,P021,383,False,0
2023-01-16,P022,397,False,0
2023-01-16,P023,426,False,0
2023-01-16,P024,483,False,0
2023-01-16,P025,463,False,0
2023-01-16,P026,441,False,0
2023-01-16,P027,398,False,0
2023-01-16,P028,406,False,0
2023-01-16,P029,439,False,0
2023-01-16,P030,409,False,0
2023-01-16,P031,359,False,0
2023-01-16,P032,452,False,0
2023-01-16,P033,389,False,0
2023-01-16,P034,450,False,0
2023-01-16,P035,406,False,0
2023-01-16,P036,439,False,0
2023-01-16,P037,455,False,0
2023-01-16,P038,463,False,0
2023-01-16,P039,370,False,0
2023-01-16,P040,449,False,0
2023-01-17,P001,411,False,0
2023-01-17,P002,430,False,0
2023-01-17,P003,455,False,0
2023-01-17,P004,345,False,0
2023-01-17,P005,477,False,0
2023-01-17,P006,456,False,0
2023-01-17,P007,374,False,0
2023-01-17,P008,382,False,0
2023-01-17,P009,389,False,0
2023-01-17,P010,449,False,0
2023-01-17,P011,482,False,0
2023-01-17,P012,395,False,0
2023-01-17,P013,420,False,0
2023-01-17,P014,461,False,0
2023-01-17,P015,409,False,0
2023-01-17,P016,500,False,0
2023-01-17,P017,369,False,0
2023-01-17,P018,404,False,0
2023-01-17,P019,458,False,0
2023-01-17,P020,490,False,0
2023-01-17,P021,379,False,0
2023-01-17,P022,390,False,0
2023-01-17,P023,416,False,0
2023-01-17,P024,479,False,0
2023-01-17,P025,463,False,0
2023-01-17,P026,427,False,0
2023-01-17,P027,395,False,0
2023-01-17,P028,404,False,0
2023-01-17,P029,439,False,0
2023-01-17,P030,402,False,0
2023-01-17,P031,349,False,0
2023-01-17,P032,449,False,0
2023-01-17,P033,376,False,0
2023-01-17,P034,450,False,0
2023-01-17,P035,399,False,0
2023-01-17,P036,439,False,0
2023-01-17,P037,451,False,0
2023-01-17,P038,463,False,0
2023-01-17,P039,337,False,0
2023-01-17,P040,445,False,0
2023-01-18,P001,403,False,0
2023-01-18,P002,420,False,0
2023-01-18,P003,455,False,0
2023-01-18,P004,339,False,0
2023-01-18,P005,477,False,0
2023-01-18,P006,456,False,0
2023-01-18,P007,374,False,0
2023-01-18,P008,372,False,0
2023-01-18,P009,383,False,0
2023-01-18,P010,446,False,0
2023-01-18,P011,482,False,0
2023-01-18,P012,395,False,0
2023-01-18,P013,415,False,0
2023-01-18,P014,460,False,0
2023-01-18,P015,405,False,0
2023-01-18,P016,500,False,0
2023-01-18,P017,361,False,0
2023-01-18,P018,404,False,0
2023-01-18,P019,455,False,0
2023-01-18,P020,490,False,0
2023-01-18,P021,376,False,0
2023-01-18,P022,371,False,0
2023-01-18,P023,405,False,0
2023-01-18,P024,479,False,0
2023-01-18,P025,463,False,0
2023-01-18,P026,423,False,0
2023-01-18,P027,390,False,0
2023-01-18,P028,398,False,0
2023-01-18,P029,431,False,0
2023-01-18,P030,402,False,0
2023-01-18,P031,324,False,0
2023-01-18,P032,447,False,0
2023-01-18,P033,370,False,0
2023-01-18,P034,445,False,0
2023-01-18,P035,397,False,0
2023-01-18,P036,434,False,0
2023-01-18,P037,448,False,0
2023-01-18,P038,458,False,0
2023-01-18,P039,337,False,0
2023-01-18,P040,440,False,0
2023-01-19,P001,399,False,0
2023-01-19,P002,420,False,0
2023-01-19,P003,455,False,0
2023-01-19,P004,328,False,0
2023-01-19,P005,477,False,0
2023-01-19,P006,456,False,0
2023-01-19,P007,372,False,0
2023-01-19,P008,360,False,0
2023-01-19,P009,372,False,0
2023-01-19,P010,443,False,0
2023-01-19,P011,482,False,0
2023-01-19,P012,391,False,0
2023-01-19,P013,411,False,0
2023-01-19,P014,460,False,0
2023-01-19,P015,402,False,0
2023-01-19,P016,500,False,0
2023-01-19,P017,361,False,0
2023-01-19,P018,401,False,0
2023-01-19,P019,452,False,0
2023-01-19,P020,490,False,0
2023-01-19,P021,363,False,0
2023-01-19,P022,371,False,0
2023-01-19,P023,405,False,0
2023-01-19,P024,479,False,0
2023-01-19,P025,457,False,0
2023-01-19,P026,409,False,0
2023-01-19,P027,384,False,0
2023-01-19,P028,398,False,0
2023-01-19,P029,430,False,0
2023-01-19,P030,402,False,0
2023-01-19,P031,324,False,0
2023-01-19,P032,447,False,0
2023-01-19,P033,368,False,0
2023-01-19,P034,445,False,0
2023-01-19,P035,378,False,0
2023-01-19,P036,432,False,0
2023-01-19,P037,444,False,0
2023-01-19,P038,447,False,0
2023-01-19,P039,332,False,0
2023-01-19,P040,438,False,0
2023-01-20,P001,399,False,0
2023-01-20,P002,417,False,0
2023-01-20,P003,453,False,0
2023-01-20,P004,324,False,0
2023-01-20,P005,477,False,0
2023-01-20,P006,451,False,0
2023-01-20,P007,368,False,0
2023-01-20,P008,339,False,0
2023-01-20,P009,370,False,0
2023-01-20,P010,443,False,0
2023-01-20,P011,477,False,0
2023-01-20,P012,365,False,0
2023-01-20,P013,410,False,0
2023-01-20,P014,460,False,0
2023-01-20,P015,396,False,0
2023-01-20,P016,500,False,0
2023-01-20,P017,361,False,0
2023-01-20,P018,391,False,0
2023-01-20,P019,447,False,0
2023-01-20,P020,490,False,0
2023-01-20,P021,346,False,0
2023-01-20,P022,366,False,0
2023-01-20,P023,400,False,0
2023-01-20,P024,479,False,0
2023-01-20,P025,452,False,0
2023-01-20,P026,400,False,0
2023-01-20,P027,383,False,0
2023-01-20,P028,384,False,0
2023-01-20,P029,430,False,0
2023-01-20,P030,391,False,0
2023-01-20,P031,324,False,0
2023-01-20,P032,447,False,0
2023-01-20,P033,364,False,0
2023-01-20,P034,444,False,0
2023-01-20,P035,374,False,0
2023-01-20,P036,432,False,0
2023-01-20,P037,438,False,0
2023-01-20,P038,447,False,0
2023-01-20,P039,332,False,0
2023-01-20,P040,436,False,0
2023-01-21,P001,399,False,0
2023-01-21,P002,417,False,0
2023-01-21,P003,449,False,0
2023-01-21,P004,317,False,0
2023-01-21,P005,472,False,0
2023-01-21,P006,451,False,0
2023-01-21,P007,361,False,0
2023-01-21,P008,325,False,0
2023-01-21,P009,370,False,0
2023-01-21,P010,443,False,0
2023-01-21,P011,477,False,0
2023-01-21,P012,357,False,0
2023-01-21,P013,405,False,0
2023-01-21,P014,456,False,0
2023-01-21,P015,396,False,0
2023-01-21,P016,500,False,0
2023-01-21,P017,356,False,0
2023-01-21,P018,389,False,0
2023-01-21,P019,442,False,0
2023-01-21,P020,490,False,0
2023-01-21,P021,342,False,0
2023-01-21,P022,366,False,0
2023-01-21,P023,392,False,0
2023-01-21,P024,479,False,0
2023-01-21,P025,452,False,0
2023-01-21,P026,399,False,0
2023-01-21,P027,381,False,0
2023-01-21,P028,381,False,0
2023-01-21,P029,430,False,0
2023-01-21,P030,384,False,0
2023-01-21,P031,323,False,0
2023-01-21,P032,445,False,0
2023-01-21,P033,354,False,0
2023-01-21,P034,444,False,0
2023-01-21,P035,363,False,0
2023-01-21,P036,431,False,0
2023-01-21,P037,437,False,0
2023-01-21,P038,447,False,0
2023-01-21,P039,332,False,0
2023-01-21,P040,436,False,0
2023-01-22,P001,398,False,0
2023-01-22,P002,417,False,0
2023-01-22,P003,442,False,0
2023-01-22,P004,308,False,0
2023-01-22,P005,472,False,0
2023-01-22,P006,451,False,0
2023-01-22,P007,338,False,0
2023-01-22,P008,308,False,0
2023-01-22,P009,356,False,0
2023-01-22,P010,441,False,0
2023-01-22,P011,477,False,0
2023-01-22,P012,340,False,0
2023-01-22,P013,404,False,0
2023-01-22,P014,456,False,0
2023-01-22,P015,384,False,0
2023-01-22,P016,500,False,0
2023-01-22,P017,345,False,0
2023-01-22,P018,389,False,0
2023-01-22,P019,436,False,0
2023-01-22,P020,490,False,0
2023-01-22,P021,330,False,0
2023-01-22,P022,362,False,0
2023-01-22,P023,381,False,0
2023-01-22,P024,477,False,0
2023-01-22,P025,452,False,0
2023-01-22,P026,398,False,0
2023-01-22,P027,373,False,0
2023-01-22,P028,371,False,0
2023-01-22,P029,422,False,0
2023-01-22,P030,384,False,0
2023-01-22,P031,312,False,0
2023-01-22,P032,442,False,0
2023-01-22,P033,346,False,0
2023-01-22,P034,430,False,0
2023-01-22,P035,360,False,0
2023-01-22,P036,426,False,0
2023-01-22,P037,435,False,0
2023-01-22,P038,447,False,0
2023-01-22,P039,332,False,0
2023-01-22,P040,406,False,0
2023-01-23,P001,392,False,0
2023-01-23,P002,412,False,0
2023-01-23,P003,440,False,0
2023-01-23,P004,293,False,0
2023-01-23,P005,467,False,0
2023-01-23,P006,438,False,0
2023-01-23,P007,301,False,0
2023-01-23,P008,301,False,0
2023-01-23,P009,356,False,0
2023-01-23,P010,441,False,0
2023-01-23,P011,476,False,0
2023-01-23,P012,336,False,0
2023-01-23,P013,400,False,0
2023-01-23,P014,448,False,0
2023-01-23,P015,378,False,0
2023-01-23,P016,500,False,0
2023-01-23,P017,342,False,0
2023-01-23,P018,385,False,0
2023-01-23,P019,427,False,0
2023-01-23,P020,490,False,0
2023-01-23,P021,325,False,0
2023-01-23,P022,355,False,0
2023-01-23,P023,376,False,0
2023-01-23,P024,477,False,0
2023-01-23,P025,452,False,0
2023-01-23,P026,390,False,0
2023-01-23,P027,369,False,0
2023-01-23,P028,358,False,0
2023-01-23,P029,415,False,0
2023-01-23,P030,379,False,0
2023-01-23,P031,290,False,0
2023-01-23,P032,441,False,0
2023-01-23,P033,329,False,0
2023-01-23,P034,430,False,0
2023-01-23,P035,350,False,0
2023-01-23,P036,425,False,0
2023-01-23,P037,430,False,0
2023-01-23,P038,447,False,0
2023-01-23,P039,332,False,0
2023-01-23,P040,402,False,0
2023-01-24,P001,385,False,0
2023-01-24,P002,401,False,0
2023-01-24,P003,440,False,0
2023-01-24,P004,289,False,0
2023-01-24,P005,465,False,0
2023-01-24,P006,438,False,0
2023-01-24,P007,292,False,0
2023-01-24,P008,297,False,0
2023-01-24,P009,349,False,0
2023-01-24,P010,439,False,0
2023-01-24,P011,472,False,0
2023-01-24,P012,335,False,0
2023-01-24,P013,399,False,0
2023-01-24,P014,448,False,0
2023-01-24,P015,368,False,0
2023-01-24,P016,500,False,0
2023-01-24,P017,342,False,0
2023-01-24,P018,384,False,0
2023-01-24,P019,424,False,0
2023-01-24,P020,485,False,0
2023-01-24,P021,320,False,0
2023-01-24,P022,353,False,0
2023-01-24,P023,375,False,0
2023-01-24,P024,477,False,0
2023-01-24,P025,452,False,0
2023-01-24,P026,387,False,0
2023-01-24,P027,343,False,0
2023-01-24,P028,358,False,0
2023-01-24,P029,410,False,0
2023-01-24,P030,379,False,0
2023-01-24,P031,280,False,0
2023-01-24,P032,440,False,0
2023-01-24,P033,317,False,0
2023-01-24,P034,425,False,0
2023-01-24,P035,345,False,0
2023-01-24,P036,423,False,0
2023-01-24,P037,430,False,0
2023-01-24,P038,438,False,0
2023-01-24,P039,331,False,0
2023-01-24,P040,401,False,0
2023-01-25,P001,379,False,0
2023-01-25,P002,401,False,0
2023-01-25,P003,440,False,0
2023-01-25,P004,289,False,0
2023-01-25,P005,464,False,0
2023-01-25,P006,438,False,0
2023-01-25,P007,279,False,0
2023-01-25,P008,272,False,0
2023-01-25,P009,349,False,0
2023-01-25,P010,439,False,0
2023-01-25,P011,472,False,0
2023-01-25,P012,332,False,0
2023-01-25,P013,399,False,0
2023-01-25,P014,448,False,0
2023-01-25,P015,357,False,0
2023-01-25,P016,500,False,0
2023-01-25,P017,342,False,0
2023-01-25,P018,383,False,0
2023-01-25,P019,419,False,0
2023-01-25,P020,480,False,0
2023-01-25,P021,319,False,0
2023-01-25,P022,350,False,0
2023-01-25,P023,375,False,0
2023-01-25,P024,477,False,0
2023-01-25,P025,452,False,0
2023-01-25,P026,383,False,0
2023-01-25,P027,334,False,0
2023-01-25,P028,357,False,0
2023-01-25,P029,410,False,0
2023-01-25,P030,375,False,0
2023-01-25,P031,274,False,0
2023-01-25,P032,440,False,0
2023-01-25,P033,311,False,0
2023-01-25,P034,422,False,0
2023-01-25,P035,340,False,0
2023-01-25,P036,423,False,0
2023-01-25,P037,427,False,0
2023-01-25,P038,438,False,0
2023-01-25,P039,322,False,0
2023-01-25,P040,400,False,0
2023-01-26,P001,379,False,0
2023-01-26,P002,398,False,0
2023-01-26,P003,440,False,0
2023-01-26,P004,282,False,0
2023-01-26,P005,459,False,0
2023-01-26,P006,433,False,0
2023-01-26,P007,273,False,0
2023-01-26,P008,262,False,0
2023-01-26,P009,345,False,0
2023-01-26,P010,434,False,0
2023-01-26,P011,468,False,0
2023-01-26,P012,327,False,0
2023-01-26,P013,396,False,0
2023-01-26,P014,448,False,0
2023-01-26,P015,354,False,0
2023-01-26,P016,500,False,0
2023-01-26,P017,331,False,0
2023-01-26,P018,381,False,0
2023-01-26,P019,419,False,0
2023-01-26,P020,480,False,0
2023-01-26,P021,313,False,0
2023-01-26,P022,344,False,0
2023-01-26,P023,373,False,0
2023-01-26,P024,475,False,0
2023-01-26,P025,444,False,0
2023-01-26,P026,378,False,0
2023-01-26,P027,334,False,0
2023-01-26,P028,342,False,0
2023-01-26,P029,409,False,0
2023-01-26,P030,372,False,0
2023-01-26,P031,268,False,0
2023-01-26,P032,435,False,0
2023-01-26,P033,306,False,0
2023-01-26,P034,414,False,0
2023-01-26,P035,331,False,0
2023-01-26,P036,418,False,0
2023-01-26,P037,427,False,0
2023-01-26,P038,435,False,0
2023-01-26,P039,322,False,0
2023-01-26,P040,395,False,0
2023-01-27,P001,372,False,0
2023-01-27,P002,397,False,0
2023-01-27,P003,435,False,0
2023-01-27,P004,279,False,0
2023-01-27,P005,459,False,0
2023-01-27,P006,431,False,0
2023-01-27,P007,273,False,0
2023-01-27,P008,255,False,0
2023-01-27,P009,311,False,0
2023-01-27,P010,430,False,0
2023-01-27,P011,463,False,0
2023-01-27,P012,319,False,0
2023-01-27,P013,383,False,0
2023-01-27,P014,447,False,0
2023-01-27,P015,347,False,0
2023-01-27,P016,500,False,0
2023-01-27,P017,324,False,0
2023-01-27,P018,373,False,0
2023-01-27,P019,417,False,0
2023-01-27,P020,480,False,0
2023-01-27,P021,308,False,0
2023-01-27,P022,344,False,0
2023-01-27,P023,373,False,0
2023-01-27,P024,475,False,0
2023-01-27,P025,444,False,0
2023-01-27,P026,374,False,0
2023-01-27,P027,330,False,0
2023-01-27,P028,339,False,0
2023-01-27,P029,407,False,0
2023-01-27,P030,367,False,0
2023-01-27,P031,264,False,0
2023-01-27,P032,431,False,0
2023-01-27,P033,283,False,0
2023-01-27,P034,406,False,0
2023-01-27,P035,325,False,0
2023-01-27,P036,415,False,0
2023-01-27,P037,412,False,0
2023-01-27,P038,430,False,0
2023-01-27,P039,309,False,0
2023-01-27,P040,391,False,0
2023-01-28,P001,367,False,0
2023-01-28,P002,388,False,0
2023-01-28,P003,430,False,0
2023-01-28,P004,279,False,0
2023-01-28,P005,459,False,0
2023-01-28,P006,426,False,0
2023-01-28,P007,259,False,0
2023-01-28,P008,246,False,0
2023-01-28,P009,306,False,0
2023-01-28,P010,424,False,0
2023-01-28,P011,460,False,0
2023-01-28,P012,319,False,0
2023-01-28,P013,380,False,0
2023-01-28,P014,447,False,0
2023-01-28,P015,347,False,0
2023-01-28,P016,500,False,0
2023-01-28,P017,321,False,0
2023-01-28,P018,373,False,0
2023-01-28,P019,417,False,0
2023-01-28,P020,480,False,0
2023-01-28,P021,299,False,0
2023-01-28,P022,336,False,0
2023-01-28,P023,369,False,0
2023-01-28,P024,475,False,0
2023-01-28,P025,443,False,0
2023-01-28,P026,374,False,0
2023-01-28,P027,326,False,0
2023-01-28,P028,332,False,0
2023-01-28,P029,400,False,0
2023-01-28,P030,365,False,0
2023-01-28,P031,260,False,0
2023-01-28,P032,431,False,0
2023-01-28,P033,269,False,0
2023-01-28,P034,391,False,0
2023-01-28,P035,317,False,0
2023-01-28,P036,415,False,0
2023-01-28,P037,406,False,0
2023-01-28,P038,430,False,0
2023-01-28,P039,307,False,0
2023-01-28,P040,377,False,0
2023-01-29,P001,363,False,0
2023-01-29,P002,384,False,0
2023-01-29,P003,430,False,0
2023-01-29,P004,241,False,0
2023-01-29,P005,459,False,0
2023-01-29,P006,422,False,0
2023-01-29,P007,242,False,0
2023-01-29,P008,242,False,0
2023-01-29,P009,301,False,0
2023-01-29,P010,417,False,0
2023-01-29,P011,460,False,0
2023-01-29,P012,308,False,0
2023-01-29,P013,380,False,0
2023-01-29,P014,435,False,0
2023-01-29,P015,336,False,0
2023-01-29,P016,500,False,0
2023-01-29,P017,312,False,0
2023-01-29,P018,335,False,0
2023-01-29,P019,409,False,0
2023-01-29,P020,480,False,0
2023-01-29,P021,286,False,0
2023-01-29,P022,336,False,0
2023-01-29,P023,365,False,0
2023-01-29,P024,475,False,0
2023-01-29,P025,438,False,0
2023-01-29,P026,356,False,0
2023-01-29,P027,319,False,0
2023-01-29,P028,320,False,0
2023-01-29,P029,394,False,0
2023-01-29,P030,341,False,0
2023-01-29,P031,233,False,0
2023-01-29,P032,430,False,0
2023-01-29,P033,242,False,0
2023-01-29,P034,388,False,0
2023-01-29,P035,312,False,0
2023-01-29,P036,404,False,0
2023-01-29,P037,400,False,0
2023-01-29,P038,426,False,0
2023-01-29,P039,298,False,0
2023-01-29,P040,372,False,0
2023-01-30,P001,351,False,0
2023-01-30,P002,384,False,0
2023-01-30,P003,424,False,0
2023-01-30,P004,235,False,0
2023-01-30,P005,456,False,0
2023-01-30,P006,417,False,0
2023-01-30,P007,229,False,0
2023-01-30,P008,233,False,0
2023-01-30,P009,295,False,0
2023-01-30,P010,417,False,0
2023-01-30,P011,458,False,0
2023-01-30,P012,300,False,0
2023-01-30,P013,378,False,0
2023-01-30,P014,434,False,0
2023-01-30,P015,333,False,0
2023-01-30,P016,500,False,0
2023-01-30,P017,298,False,0
2023-01-30,P018,335,False,0
2023-01-30,P019,409,False,0
2023-01-30,P020,480,False,0
2023-01-30,P021,285,False,0
2023-01-30,P022,327,False,0
2023-01-30,P023,365,False,0
2023-01-30,P024,475,False,0
2023-01-30,P025,433,False,0
2023-01-30,P026,350,False,0
2023-01-30,P027,310,False,0
2023-01-30,P028,306,False,0
2023-01-30,P029,394,False,0
2023-01-30,P030,339,False,0
2023-01-30,P031,227,False,0
2023-01-30,P032,411,False,0
2023-01-30,P033,218,False,0
2023-01-30,P034,378,False,0
2023-01-30,P035,306,False,0
2023-01-30,P036,400,False,0
2023-01-30,P037,400,False,0
2023-01-30,P038,418,False,0
2023-01-30,P039,298,False,0
2023-01-30,P040,363,False,0
2023-01-31,P001,347,False,0
2023-01-31,P002,384,False,0
2023-01-31,P003,419,False,0
2023-01-31,P004,232,False,0
2023-01-31,P005,456,False,0
2023-01-31,P006,417,False,0
2023-01-31,P007,229,False,0
2023-01-31,P008,232,False,0
2023-01-31,P009,290,False,0
2023-01-31,P010,417,False,0
2023-01-31,P011,458,False,0
2023-01-31,P012,300,False,0
2023-01-31,P013,377,False,0
2023-01-31,P014,434,False,0
2023-01-31,P015,333,False,0
2023-01-31,P016,500,False,0
2023-01-31,P017,298,False,0
2023-01-31,P018,327,False,0
2023-01-31,P019,409,False,0
2023-01-31,P020,480,False,0
2023-01-31,P021,276,False,0
2023-01-31,P022,327,False,0
2023-01-31,P023,365,False,0
2023-01-31,P024,475,False,0
2023-01-31,P025,433,False,0
2023-01-31,P026,348,False,0
2023-01-31,P027,310,False,0
2023-01-31,P028,297,False,0
2023-01-31,P029,392,False,0
2023-01-31,P030,339,False,0
2023-01-31,P031,210,False,0
2023-01-31,P032,411,False,0
2023-01-31,P033,203,False,0
2023-01-31,P034,367,False,0
2023-01-31,P035,298,False,0
2023-01-31,P036,396,False,0
2023-01-31,P037,399,False,0
2023-01-31,P038,418,False,0
2023-01-31,P039,294,False,0
2023-01-31,P040,362,False,0
2023-02-01,P001,347,False,0
2023-02-01,P002,384,False,0
2023-02-01,P003,419,False,0
2023-02-01,P004,230,False,0
2023-02-01,P005,453,False,0
2023-02-01,P006,412,False,0
2023-02-01,P007,229,False,0
2023-02-01,P008,224,False,0
2023-02-01,P009,287,False,0
2023-02-01,P010,417,False,0
2023-02-01,P011,458,False,0
2023-02-01,P012,297,False,0
2023-02-01,P013,377,False,0
2023-02-01,P014,427,False,0
2023-02-01,P015,325,False,0
2023-02-01,P016,500,False,0
2023-02-01,P017,298,False,0
2023-02-01,P018,327,False,0
2023-02-01,P019,409,False,0
2023-02-01,P020,480,False,0
2023-02-01,P021,276,False,0
2023-02-01,P022,327,False,0
2023-02-01,P023,365,False,0
2023-02-01,P024,469,False,0
2023-02-01,P025,433,False,0
2023-02-01,P026,348,False,0
2023-02-01,P027,308,False,0
2023-02-01,P028,297,False,0
2023-02-01,P029,388,False,0
2023-02-01,P030,331,False,0
2023-02-01,P031,205,False,0
2023-02-01,P032,408,False,0
2023-02-01,P033,198,False,0
2023-02-01,P034,362,False,0
2023-02-01,P035,297,False,0
2023-02-01,P036,393,False,0
2023-02-01,P037,399,False,0
2023-02-01,P038,418,False,0
2023-02-01,P039,289,False,0
2023-02-01,P040,362,False,0
2023-02-02,P001,343,False,0
2023-02-02,P002,377,False,0
2023-02-02,P003,419,False,0
2023-02-02,P004,223,False,0
2023-02-02,P005,453,False,0
2023-02-02,P006,410,False,0
2023-02-02,P007,228,False,0
2023-02-02,P008,202,False,0
2023-02-02,P009,285,False,0
2023-02-02,P010,417,False,0
2023-02-02,P011,450,False,0
2023-02-02,P012,288,False,0
2023-02-02,P013,370,False,0
2023-02-02,P014,423,False,0
2023-02-02,P015,307,False,0
2023-02-02,P016,500,False,0
2023-02-02,P017,287,False,0
2023-02-02,P018,325,False,0
2023-02-02,P019,402,False,0
2023-02-02,P020,480,False,0
2023-02-02,P021,275,False,0
2023-02-02,P022,324,False,0
2023-02-02,P023,357,False,0
2023-02-02,P024,459,False,0
2023-02-02,P025,431,False,0
2023-02-02,P026,346,False,0
2023-02-02,P027,308,False,0
2023-02-02,P028,291,False,0
2023-02-02,P029,386,False,0
2023-02-02,P030,331,False,0
2023-02-02,P031,192,False,0
2023-02-02,P032,402,False,0
2023-02-02,P033,193,False,0
2023-02-02,P034,362,False,0
2023-02-02,P035,282,False,0
2023-02-02,P036,393,False,0
2023-02-02,P037,394,False,0
2023-02-02,P038,413,False,0
2023-02-02,P039,289,False,0
2023-02-02,P040,357,False,0
2023-02-03,P001,342,False,0
2023-02-03,P002,373,False,0
2023-02-03,P003,414,False,0
2023-02-03,P004,206,False,0
2023-02-03,P005,451,False,0
2023-02-03,P006,410,False,0
2023-02-03,P007,226,False,0
2023-02-03,P008,194,False,0
2023-02-03,P009,271,False,0
2023-02-03,P010,417,False,0
2023-02-03,P011,450,False,0
2023-02-03,P012,284,False,0
2023-02-03,P013,360,False,0
2023-02-03,P014,423,False,0
2023-02-03,P015,307,False,0
2023-02-03,P016,500,False,0
2023-02-03,P017,278,False,0
2023-02-03,P018,318,False,0
2023-02-03,P019,402,False,0
2023-02-03,P020,480,False,0
2023-02-03,P021,270,False,0
2023-02-03,P022,322,False,0
2023-02-03,P023,355,False,0
2023-02-03,P024,459,False,0
2023-02-03,P025,431,False,0
2023-02-03,P026,346,False,0
2023-02-03,P027,297,False,0
2023-02-03,P028,285,False,0
2023-02-03,P029,384,False,0
2023-02-03,P030,326,False,0
2023-02-03,P031,177,False,0
2023-02-03,P032,402,False,0
2023-02-03,P033,191,False,0
2023-02-03,P034,353,False,0
2023-02-03,P035,276,False,0
2023-02-03,P036,387,False,0
2023-02-03,P037,394,False,0
2023-02-03,P038,413,False,0
2023-02-03,P039,289,False,0
2023-02-03,P040,352,False,0
2023-02-04,P001,332,False,0
2023-02-04,P002,373,False,0
2023-02-04,P003,413,False,0
2023-02-04,P004,198,False,0
2023-02-04,P005,451,False,0
2023-02-04,P006,410,False,0
2023-02-04,P007,215,False,0
2023-02-04,P008,188,False,0
2023-02-04,P009,270,False,0
2023-02-04,P010,413,False,0
2023-02-04,P011,450,False,0
2023-02-04,P012,277,False,0
2023-02-04,P013,360,False,0
2023-02-04,P014,423,False,0
2023-02-04,P015,303,False,0
2023-02-04,P016,500,False,0
2023-02-04,P017,278,False,0
2023-02-04,P018,318,False,0
2023-02-04,P019,396,False,0
2023-02-04,P020,480,False,0
2023-02-04,P021,269,False,0
2023-02-04,P022,320,False,0
2023-02-04,P023,355,False,0
2023-02-04,P024,459,False,0
2023-02-04,P025,428,False,0
2023-02-04,P026,345,False,0
2023-02-04,P027,292,False,0
2023-02-04,P028,278,False,0
2023-02-04,P029,375,False,0
2023-02-04,P030,322,False,0
2023-02-04,P031,161,False,0
2023-02-04,P032,402,False,0
2023-02-04,P033,191,False,0
2023-02-04,P034,351,False,0
2023-02-04,P035,269,False,0
2023-02-04,P036,387,False,0
2023-02-04,P037,390,False,0
2023-02-04,P038,411,False,0
2023-02-04,P039,282,False,0
2023-02-04,P040,347,False,0
2023-02-05,P001,329,False,0
2023-02-05,P002,370,False,0
2023-02-05,P003,410,False,0
2023-02-05,P004,193,False,0
2023-02-05,P005,451,False,0
2023-02-05,P006,376,False,0
2023-02-05,P007,205,False,0
2023-02-05,P008,185,False,0
2023-02-05,P009,262,False,0
2023-02-05,P010,400,False,0
2023-02-05,P011,448,False,0
2023-02-05,P012,270,False,0
2023-02-05,P013,360,False,0
2023-02-05,P014,418,False,0
2023-02-05,P015,294,False,0
2023-02-05,P016,500,False,0
2023-02-05,P017,270,False,0
2023-02-05,P018,316,False,0
2023-02-05,P019,396,False,0
2023-02-05,P020,480,False,0
2023-02-05,P021,269,False,0
2023-02-05,P022,311,False,0
2023-02-05,P023,347,False,0
2023-02-05,P024,458,False,0
2023-02-05,P025,419,False,0
2023-02-05,P026,345,False,0
2023-02-05,P027,284,False,0
2023-02-05,P028,271,False,0
2023-02-05,P029,361,False,0
2023-02-05,P030,317,False,0
2023-02-05,P031,144,False,0
2023-02-05,P032,392,False,0
2023-02-05,P033,174,False,0
2023-02-05,P034,348,False,0
2023-02-05,P035,263,False,0
2023-02-05,P036,372,False,0
2023-02-05,P037,388,False,0
2023-02-05,P038,411,False,0
2023-02-05,P039,271,False,0
2023-02-05,P040,338,False,0
2023-02-06,P001,324,False,0
2023-02-06,P002,366,False,0
2023-02-06,P003,407,False,0
2023-02-06,P004,183,False,0
2023-02-06,P005,451,False,0
2023-02-06,P006,376,False,0
2023-02-06,P007,192,False,0
2023-02-06,P008,179,False,0
2023-02-06,P009,254,False,0
2023-02-06,P010,400,False,0
2023-02-06,P011,448,False,0
2023-02-06,P012,262,False,0
2023-02-06,P013,356,False,0
2023-02-06,P014,418,False,0
2023-02-06,P015,283,False,0
2023-02-06,P016,500,False,0
2023-02-06,P017,265,False,0
2023-02-06,P018,311,False,0
2023-02-06,P019,396,False,0
2023-02-06,P020,480,False,0
2023-02-06,P021,268,False,0
2023-02-06,P022,297,False,0
2023-02-06,P023,347,False,0
2023-02-06,P024,458,False,0
2023-02-06,P025,417,False,0
2023-02-06,P026,342,False,0
2023-02-06,P027,280,False,0
2023-02-06,P028,261,False,0
2023-02-06,P029,361,False,0
2023-02-06,P030,317,False,0
2023-02-06,P031,144,False,0
2023-02-06,P032,391,False,0
2023-02-06,P033,169,False,0
2023-02-06,P034,348,False,0
2023-02-06,P035,253,False,0
2023-02-06,P036,368,False,0
2023-02-06,P037,378,False,0
2023-02-06,P038,402,False,0
2023-02-06,P039,259,False,0
2023-02-06,P040,338,False,0
2023-02-07,P001,317,False,0
2023-02-07,P002,366,False,0
2023-02-07,P003,404,False,0
2023-02-07,P004,177,False,0
2023-02-07,P005,450,False,0
2023-02-07,P006,367,False,0
2023-02-07,P007,190,False,0
2023-02-07,P008,165,False,0
2023-02-07,P009,246,False,0
2023-02-07,P010,390,False,0
2023-02-07,P011,448,False,0
2023-02-07,P012,257,False,0
2023-02-07,P013,351,False,0
2023-02-07,P014,414,False,0
2023-02-07,P015,280,False,0
2023-02-07,P016,500,False,0
2023-02-07,P017,256,False,0
2023-02-07,P018,301,False,0
2023-02-07,P019,396,False,0
2023-02-07,P020,480,False,0
2023-02-07,P021,254,False,0
2023-02-07,P022,290,False,0
2023-02-07,P023,347,False,0
2023-02-07,P024,458,False,0
2023-02-07,P025,415,False,0
2023-02-07,P026,337,False,0
2023-02-07,P027,256,False,0
2023-02-07,P028,261,False,0
2023-02-07,P029,356,False,0
2023-02-07,P030,305,False,0
2023-02-07,P031,138,False,0
2023-02-07,P032,391,False,0
2023-02-07,P033,158,False,0
2023-02-07,P034,347,False,0
2023-02-07,P035,239,False,0
2023-02-07,P036,368,False,0
2023-02-07,P037,371,False,0
2023-02-07,P038,402,False,0
2023-02-07,P039,251,False,0
2023-02-07,P040,336,False,0
2023-02-08,P001,317,False,0
2023-02-08,P002,366,False,0
2023-02-08,P003,399,False,0
2023-02-08,P004,168,False,0
2023-02-08,P005,450,False,0
2023-02-08,P006,367,False,0
2023-02-08,P007,185,False,0
2023-02-08,P008,165,False,0
2023-02-08,P009,243,False,0
2023-02-08,P010,390,False,0
2023-02-08,P011,448,False,0
2023-02-08,P012,255,False,0
2023-02-08,P013,344,False,0
2023-02-08,P014,414,False,0
2023-02-08,P015,273,False,0
2023-02-08,P016,500,False,0
2023-02-08,P017,256,False,0
2023-02-08,P018,295,False,0
2023-02-08,P019,393,False,0
2023-02-08,P020,480,False,0
2023-02-08,P021,246,False,0
2023-02-08,P022,286,False,0
2023-02-08,P023,344,False,0
2023-02-08,P024,458,False,0
2023-02-08,P025,411,False,0
2023-02-08,P026,335,False,0
2023-02-08,P027,252,False,0
2023-02-08,P028,253,False,0
2023-02-08,P029,349,False,0
2023-02-08,P030,300,False,0
2023-02-08,P031,131,False,0
2023-02-08,P032,391,False,0
2023-02-08,P033,152,False,0
2023-02-08,P034,347,False,0
2023-02-08,P035,232,False,0
2023-02-08,P036,363,False,0
2023-02-08,P037,367,False,0
2023-02-08,P038,402,False,0
2023-02-08,P039,244,False,0
2023-02-08,P040,334,False,0
2023-02-09,P001,307,False,0
2023-02-09,P002,362,False,0
2023-02-09,P003,399,False,0
2023-02-09,P004,162,False,0
2023-02-09,P005,446,False,0
2023-02-09,P006,367,False,0
2023-02-09,P007,179,False,0
2023-02-09,P008,163,False,0
2023-02-09,P009,243,False,0
2023-02-09,P010,390,False,0
2023-02-09,P011,448,False,0
2023-02-09,P012,253,False,0
2023-02-09,P013,336,False,0
2023-02-09,P014,414,False,0
2023-02-09,P015,271,False,0
2023-02-09,P016,500,False,0
2023-02-09,P017,251,False,0
2023-02-09,P018,290,False,0
2023-02-09,P019,393,False,0
2023-02-09,P020,480,False,0
2023-02-09,P021,243,False,0
2023-02-09,P022,281,False,0
2023-02-09,P023,335,False,0
2023-02-09,P024,458,False,0
2023-02-09,P025,404,False,0
2023-02-09,P026,331,False,0
2023-02-09,P027,251,False,0
2023-02-09,P028,250,False,0
2023-02-09,P029,344,False,0
2023-02-09,P030,296,False,0
2023-02-09,P031,123,False,0
2023-02-09,P032,391,False,0
2023-02-09,P033,152,False,0
2023-02-09,P034,340,False,0
2023-02-09,P035,203,False,0
2023-02-09,P036,361,False,0
2023-02-09,P037,359,False,0
2023-02-09,P038,400,False,0
2023-02-09,P039,235,False,0
2023-02-09,P040,325,False,0
2023-02-10,P001,307,False,0
2023-02-10,P002,361,False,0
2023-02-10,P003,396,False,0
2023-02-10,P004,157,False,0
2023-02-10,P005,428,False,0
2023-02-10,P006,365,False,0
2023-02-10,P007,174,False,0
2023-02-10,P008,147,False,0
2023-02-10,P009,237,False,0
2023-02-10,P010,390,False,0
2023-02-10,P011,448,False,0
2023-02-10,P012,248,False,0
2023-02-10,P013,334,False,0
2023-02-10,P014,414,False,0
2023-02-10,P015,266,False,0
2023-02-10,P016,500,False,0
2023-02-10,P017,243,False,0
2023-02-10,P018,281,False,0
2023-02-10,P019,393,False,0
2023-02-10,P020,480,False,0
2023-02-10,P021,243,False,0
2023-02-10,P022,278,False,0
2023-02-10,P023,329,False,0
2023-02-10,P024,458,False,0
2023-02-10,P025,403,False,0
2023-02-10,P026,305,False,0
2023-02-10,P027,251,False,0
2023-02-10,P028,230,False,0
2023-02-10,P029,336,False,0
2023-02-10,P030,292,False,0
2023-02-10,P031,121,False,0
2023-02-10,P032,391,False,0
2023-02-10,P033,152,False,0
2023-02-10,P034,335,False,0
2023-02-10,P035,197,False,0
2023-02-10,P036,356,False,0
2023-02-10,P037,356,False,0
2023-02-10,P038,400,False,0
2023-02-10,P039,227,False,0
2023-02-10,P040,317,False,0
2023-02-11,P001,302,False,0
2023-02-11,P002,361,False,0
2023-02-11,P003,394,False,0
2023-02-11,P004,152,False,0
2023-02-11,P005,422,False,0
2023-02-11,P006,365,False,0
2023-02-11,P007,169,False,0
2023-02-11,P008,133,False,0
2023-02-11,P009,234,False,0
2023-02-11,P010,390,False,0
2023-02-11,P011,448,False,0
2023-02-11,P012,235,False,0
2023-02-11,P013,326,False,0
2023-02-11,P014,414,False,0
2023-02-11,P015,261,False,0
2023-02-11,P016,500,False,0
2023-02-11,P017,238,False,0
2023-02-11,P018,261,False,0
2023-02-11,P019,393,False,0
2023-02-11,P020,480,False,0
2023-02-11,P021,243,False,0
2023-02-11,P022,278,False,0
2023-02-11,P023,325,False,0
2023-02-11,P024,453,False,0
2023-02-11,P025,403,False,0
2023-02-11,P026,301,False,0
2023-02-11,P027,250,False,0
2023-02-11,P028,219,False,0
2023-02-11,P029,336,False,0
2023-02-11,P030,288,False,0
2023-02-11,P031,116,False,0
2023-02-11,P032,391,False,0
2023-02-11,P033,146,False,0
2023-02-11,P034,320,False,0
2023-02-11,P035,196,False,0
2023-02-11,P036,355,False,0
2023-02-11,P037,345,False,0
2023-02-11,P038,395,False,0
2023-02-11,P039,205,False,0
2023-02-11,P040,316,False,0
2023-02-12,P001,294,False,0
2023-02-12,P002,361,False,0
2023-02-12,P003,394,False,0
2023-02-12,P004,145,False,0
2023-02-12,P005,422,False,0
2023-02-12,P006,360,False,0
2023-02-12,P007,161,False,0
2023-02-12,P008,104,False,0
2023-02-12,P009,224,False,0
2023-02-12,P010,382,False,0
2023-02-12,P011,443,False,0
2023-02-12,P012,229,False,0
2023-02-12,P013,324,False,0
2023-02-12,P014,414,False,0
2023-02-12,P015,251,False,0
2023-02-12,P016,500,False,0
2023-02-12,P017,237,False,0
2023-02-12,P018,243,False,0
2023-02-12,P019,388,False,0
2023-02-12,P020,480,False,0
2023-02-12,P021,240,False,0
2023-02-12,P022,275,False,0
2023-02-12,P023,315,False,0
2023-02-12,P024,449,False,0
2023-02-12,P025,403,False,0
2023-02-12,P026,287,False,0
2023-02-12,P027,244,False,0
2023-02-12,P028,207,False,0
2023-02-12,P029,336,False,0
2023-02-12,P030,281,False,0
2023-02-12,P031,109,False,0
2023-02-12,P032,387,False,0
2023-02-12,P033,132,False,0
2023-02-12,P034,318,False,0
2023-02-12,P035,181,False,0
2023-02-12,P036,355,False,0
2023-02-12,P037,345,False,0
2023-02-12,P038,392,False,0
2023-02-12,P039,205,False,0
2023-02-12,P040,311,False,0
2023-02-13,P001,289,False,0
2023-02-13,P002,361,False,0
2023-02-13,P003,394,False,0
2023-02-13,P004,136,False,0
2023-02-13,P005,422,False,0
2023-02-13,P006,360,False,0
2023-02-13,P007,159,False,0
2023-02-13,P008,92,False,0
2023-02-13,P009,220,False,0
2023-02-13,P010,377,False,0
2023-02-13,P011,428,False,0
2023-02-13,P012,224,False,0
2023-02-13,P013,319,False,0
2023-02-13,P014,409,False,0
2023-02-13,P015,247,False,0
2023-02-13,P016,500,False,0
2023-02-13,P017,232,False,0
2023-02-13,P018,227,False,0
2023-02-13,P019,379,False,0
2023-02-13,P020,480,False,0
2023-02-13,P021,239,False,0
2023-02-13,P022,270,False,0
2023-02-13,P023,305,False,0
2023-02-13,P024,449,False,0
2023-02-13,P025,402,False,0
2023-02-13,P026,277,False,0
2023-02-13,P027,243,False,0
2023-02-13,P028,196,False,0
2023-02-13,P029,336,False,0
2023-02-13,P030,280,False,0
2023-02-13,P031,100,False,0
2023-02-13,P032,385,False,0
2023-02-13,P033,122,False,0
2023-02-13,P034,298,False,0
2023-02-13,P035,177,False,0
2023-02-13,P036,334,False,0
2023-02-13,P037,342,False,0
2023-02-13,P038,387,False,0
2023-02-13,P039,200,False,0
2023-02-13,P040,311,False,0
2023-02-14,P001,288,False,0
2023-02-14,P002,361,False,0
2023-02-14,P003,386,False,0
2023-02-14,P004,133,False,0
2023-02-14,P005,422,False,0
2023-02-14,P006,358,False,0
2023-02-14,P007,154,False,0
2023-02-14,P008,81,False,0
2023-02-14,P009,212,False,0
2023-02-14,P010,357,False,0
2023-02-14,P011,425,False,0
2023-02-14,P012,219,False,0
2023-02-14,P013,314,False,0
2023-02-14,P014,409,False,0
2023-02-14,P015,247,False,0
2023-02-14,P016,500,False,0
2023-02-14,P017,232,False,0
2023-02-14,P018,217,False,0
2023-02-14,P019,374,False,0
2023-02-14,P020,480,False,0
2023-02-14,P021,237,False,0
2023-02-14,P022,269,False,0
2023-02-14,P023,303,False,0
2023-02-14,P024,447,False,0
2023-02-14,P025,395,False,0
2023-02-14,P026,277,False,0
2023-02-14,P027,234,False,0
2023-02-14,P028,193,False,0
2023-02-14,P029,323,False,0
2023-02-14,P030,278,False,0
2023-02-14,P031,97,False,0
2023-02-14,P032,385,False,0
2023-02-14,P033,111,False,0
2023-02-14,P034,290,False,0
2023-02-14,P035,175,False,0
2023-02-14,P036,334,False,0
2023-02-14,P037,326,False,0
2023-02-14,P038,383,False,0
2023-02-14,P039,200,False,0
2023-02-14,P040,308,False,0
2023-02-15,P001,276,False,0
2023-02-15,P002,358,False,0
2023-02-15,P003,386,False,0
2023-02-15,P004,132,False,0
2023-02-15,P005,422,False,0
2023-02-15,P006,358,False,0
2023-02-15,P007,149,False,0
2023-02-15,P008,73,False,0
2023-02-15,P009,205,False,0
2023-02-15,P010,357,False,0
2023-02-15,P011,420,False,0
2023-02-15,P012,208,False,0
2023-02-15,P013,308,False,0
2023-02-15,P014,408,False,0
2023-02-15,P015,244,False,0
2023-02-15,P016,500,False,0
2023-02-15,P017,225,False,0
2023-02-15,P018,203,False,0
2023-02-15,P019,374,False,0
2023-02-15,P020,480,False,0
2023-02-15,P021,226,False,0
2023-02-15,P022,259,False,0
2023-02-15,P023,298,False,0
2023-02-15,P024,447,False,0
2023-02-15,P025,386,False,0
2023-02-15,P026,271,False,0
2023-02-15,P027,233,False,0
2023-02-15,P028,187,False,0
2023-02-15,P029,304,False,0
2023-02-15,P030,270,False,0
2023-02-15,P031,96,False,0
2023-02-15,P032,380,False,0
2023-02-15,P033,81,False,0
2023-02-15,P034,290,False,0
2023-02-15,P035,169,False,0
2023-02-15,P036,323,False,0
2023-02-15,P037,311,False,0
2023-02-15,P038,383,False,0
2023-02-15,P039,196,False,0
2023-02-15,P040,302,False,0
2023-02-16,P001,274,False,0
2023-02-16,P002,354,False,0
2023-02-16,P003,386,False,0
2023-02-16,P004,128,False,0
2023-02-16,P005,422,False,0
2023-02-16,P006,353,False,0
2023-02-16,P007,140,False,0
2023-02-16,P008,70,False,0
2023-02-16,P009,202,False,0
2023-02-16,P010,354,False,0
2023-02-16,P011,417,False,0
2023-02-16,P012,202,False,0
2023-02-16,P013,304,False,0
2023-02-16,P014,408,False,0
2023-02-16,P015,239,False,0
2023-02-16,P016,500,False,0
2023-02-16,P017,220,False,0
2023-02-16,P018,198,False,0
2023-02-16,P019,374,False,0
2023-02-16,P020,480,False,0
2023-02-16,P021,209,False,0
2023-02-16,P022,259,False,0
2023-02-16,P023,280,False,0
2023-02-16,P024,444,False,0
2023-02-16,P025,375,False,0
2023-02-16,P026,271,False,0
2023-02-16,P027,233,False,0
2023-02-16,P028,183,False,0
2023-02-16,P029,304,False,0
2023-02-16,P030,261,False,0
2023-02-16,P031,83,False,0
2023-02-16,P032,376,False,0
2023-02-16,P033,61,False,0
2023-02-16,P034,290,False,0
2023-02-16,P035,160,False,0
2023-02-16,P036,315,False,0
2023-02-16,P037,307,False,0
2023-02-16,P038,378,False,0
2023-02-16,P039,181,False,0
2023-02-16,P040,297,False,0
2023-02-17,P001,274,False,0
2023-02-17,P002,349,False,0
2023-02-17,P003,385,False,0
2023-02-17,P004,111,False,0
2023-02-17,P005,422,False,0
2023-02-17,P006,353,False,0
2023-02-17,P007,136,False,0
2023-02-17,P008,68,False,0
2023-02-17,P009,199,False,0
2023-02-17,P010,350,False,0
2023-02-17,P011,406,False,0
2023-02-17,P012,202,False,0
2023-02-17,P013,294,False,0
2023-02-17,P014,408,False,0
2023-02-17,P015,235,False,0
2023-02-17,P016,500,False,0
2023-02-17,P017,219,False,0
2023-02-17,P018,194,False,0
2023-02-17,P019,370,False,0
2023-02-17,P020,480,False,0
2023-02-17,P021,204,False,0
2023-02-17,P022,253,False,0
2023-02-17,P023,268,False,0
2023-02-17,P024,441,False,0
2023-02-17,P025,370,False,0
2023-02-17,P026,266,False,0
2023-02-17,P027,229,False,0
2023-02-17,P028,175,False,0
2023-02-17,P029,301,False,0
2023-02-17,P030,261,False,0
2023-02-17,P031,68,False,0
2023-02-17,P032,376,False,0
2023-02-17,P033,52,False,0
2023-02-17,P034,290,False,0
2023-02-17,P035,157,False,0
2023-02-17,P036,310,False,0
2023-02-17,P037,278,False,0
2023-02-17,P038,378,False,0
2023-02-17,P039,178,False,0
2023-02-17,P040,294,False,0
2023-02-18,P001,263,False,0
2023-02-18,P002,345,False,0
2023-02-18,P003,385,False,0
2023-02-18,P004,103,False,0
2023-02-18,P005,422,False,0
2023-02-18,P006,353,False,0
2023-02-18,P007,109,False,0
2023-02-18,P008,68,False,0
2023-02-18,P009,196,False,0
2023-02-18,P010,350,False,0
2023-02-18,P011,406,False,0
2023-02-18,P012,200,False,0
2023-02-18,P013,290,False,0
2023-02-18,P014,408,False,0
2023-02-18,P015,231,False,0
2023-02-18,P016,500,False,0
2023-02-18,P017,219,False,0
2023-02-18,P018,187,False,0
2023-02-18,P019,370,False,0
2023-02-18,P020,460,False,0
2023-02-18,P021,193,False,0
2023-02-18,P022,249,False,0
2023-02-18,P023,264,False,0
2023-02-18,P024,426,False,0
2023-02-18,P025,370,False,0
2023-02-18,P026,258,False,0
2023-02-18,P027,229,False,0
2023-02-18,P028,167,False,0
2023-02-18,P029,301,False,0
2023-02-18,P030,261,False,0
2023-02-18,P031,500,False,452
2023-02-18,P032,376,False,0
2023-02-18,P033,500,False,457
2023-02-18,P034,287,False,0
2023-02-18,P035,153,False,0
2023-02-18,P036,308,False,0
2023-02-18,P037,278,False,0
2023-02-18,P038,378,False,0
2023-02-18,P039,169,False,0
2023-02-18,P040,294,False,0
2023-02-19,P001,255,False,0
2023-02-19,P002,343,False,0
2023-02-19,P003,385,False,0
2023-02-19,P004,95,False,0
2023-02-19,P005,421,False,0
2023-02-19,P006,350,False,0
2023-02-19,P007,94,False,0
2023-02-19,P008,61,False,0
2023-02-19,P009,190,False,0
2023-02-19,P010,350,False,0
2023-02-19,P011,401,False,0
2023-02-19,P012,184,False,0
2023-02-19,P013,287,False,0
2023-02-19,P014,408,False,0
2023-02-19,P015,224,False,0
2023-02-19,P016,500,False,0
2023-02-19,P017,204,False,0
2023-02-19,P018,187,False,0
2023-02-19,P019,368,False,0
2023-02-19,P020,459,False,0
2023-02-19,P021,192,False,0
2023-02-19,P022,242,False,0
2023-02-19,P023,259,False,0
2023-02-19,P024,424,False,0
2023-02-19,P025,365,False,0
2023-02-19,P026,255,False,0
2023-02-19,P027,229,False,0
2023-02-19,P028,157,False,0
2023-02-19,P029,301,False,0
2023-02-19,P030,249,False,0
2023-02-19,P031,492,False,0
2023-02-19,P032,376,False,0
2023-02-19,P033,488,False,0
2023-02-19,P034,285,False,0
2023-02-19,P035,148,False,0
2023-02-19,P036,300,False,0
2023-02-19,P037,273,False,0
2023-02-19,P038,378,False,0
2023-02-19,P039,168,False,0
2023-02-19,P040,293,False,0
2023-02-20,P001,243,False,0
2023-02-20,P002,341,False,0
2023-02-20,P003,381,False,0
2023-02-20,P004,86,False,0
2023-02-20,P005,421,False,0
2023-02-20,P006,350,False,0
2023-02-20,P007,85,False,0
2023-02-20,P008,59,False,0
2023-02-20,P009,180,False,0
2023-02-20,P010,350,False,0
2023-02-20,P011,400,False,0
2023-02-20,P012,165,False,0
2023-02-20,P013,281,False,0
2023-02-20,P014,400,False,0
2023-02-20,P015,220,False,0
2023-02-20,P016,500,False,0
2023-02-20,P017,196,False,0
2023-02-20,P018,162,False,0
2023-02-20,P019,366,False,0
2023-02-20,P020,459,False,0
2023-02-20,P021,183,False,0
2023-02-20,P022,237,False,0
2023-02-20,P023,255,False,0
2023-02-20,P024,414,False,0
2023-02-20,P025,361,False,0
2023-02-20,P026,248,False,0
2023-02-20,P027,217,False,0
2023-02-20,P028,151,False,0
2023-02-20,P029,297,False,0
2023-02-20,P030,241,False,0
2023-02-20,P031,485,False,0
2023-02-20,P032,372,False,0
2023-02-20,P033,475,False,0
2023-02-20,P034,270,False,0
2023-02-20,P035,145,False,0
2023-02-20,P036,298,False,0
2023-02-20,P037,273,False,0
2023-02-20,P038,373,False,0
2023-02-20,P039,162,False,0
2023-02-20,P040,293,False,0
2023-02-21,P001,238,False,0
2023-02-21,P002,341,False,0
2023-02-21,P003,381,False,0
2023-02-21,P004,84,False,0
2023-02-21,P005,419,False,0
2023-02-21,P006,346,False,0
2023-02-21,P007,74,False,0
2023-02-21,P008,500,False,452
2023-02-21,P009,175,False,0
2023-02-21,P010,334,False,0
2023-02-21,P011,397,False,0
2023-02-21,P012,165,False,0
2023-02-21,P013,274,False,0
2023-02-21,P014,395,False,0
2023-02-21,P015,214,False,0
2023-02-21,P016,500,False,0
2023-02-21,P017,192,False,0
2023-02-21,P018,155,False,0
2023-02-21,P019,366,False,0
2023-02-21,P020,459,False,0
2023-02-21,P021,178,False,0
2023-02-21,P022,237,False,0
2023-02-21,P023,246,False,0
2023-02-21,P024,397,False,0
2023-02-21,P025,360,False,0
2023-02-21,P026,248,False,0
2023-02-21,P027,217,False,0
2023-02-21,P028,142,False,0
2023-02-21,P029,297,False,0
2023-02-21,P030,238,False,0
2023-02-21,P031,477,False,0
2023-02-21,P032,364,False,0
2023-02-21,P033,457,False,0
2023-02-21,P034,270,False,0
2023-02-21,P035,143,False,0
2023-02-21,P036,294,False,0
2023-02-21,P037,271,False,0
2023-02-21,P038,372,False,0
2023-02-21,P039,159,False,0
2023-02-21,P040,293,False,0
2023-02-22,P001,234,False,0
2023-02-22,P002,339,False,0
2023-02-22,P003,381,False,0
2023-02-22,P004,80,False,0
2023-02-22,P005,419,False,0
2023-02-22,P006,338,False,0
2023-02-22,P007,57,False,0
2023-02-22,P008,496,False,0
2023-02-22,P009,164,False,0
2023-02-22,P010,334,False,0
2023-02-22,P011,393,False,0
2023-02-22,P012,159,False,0
2023-02-22,P013,270,False,0
2023-02-22,P014,395,False,0
2023-02-22,P015,212,False,0
2023-02-22,P016,500,False,0
2023-02-22,P017,163,False,0
2023-02-22,P018,148,False,0
2023-02-22,P019,362,False,0
2023-02-22,P020,459,False,0
2023-02-22,P021,178,False,0
2023-02-22,P022,225,False,0
2023-02-22,P023,225,False,0
2023-02-22,P024,397,False,0
2023-02-22,P025,357,False,0
2023-02-22,P026,248,False,0
2023-02-22,P027,212,False,0
2023-02-22,P028,128,False,0
2023-02-22,P029,297,False,0
2023-02-22,P030,229,False,0
2023-02-22,P031,463,False,0
2023-02-22,P032,360,False,0
2023-02-22,P033,446,False,0
2023-02-22,P034,270,False,0
2023-02-22,P035,142,False,0
2023-02-22,P036,294,False,0
2023-02-22,P037,271,False,0
2023-02-22,P038,372,False,0
2023-02-22,P039,152,False,0
2023-02-22,P040,292,False,0
2023-02-23,P001,234,False,0
2023-02-23,P002,339,False,0
2023-02-23,P003,381,False,0
2023-02-23,P004,71,False,0
2023-02-23,P005,399,False,0
2023-02-23,P006,338,False,0
2023-02-23,P007,53,False,0
2023-02-23,P008,489,False,0
2023-02-23,P009,164,False,0
2023-02-23,P010,334,False,0
2023-02-23,P011,393,False,0
2023-02-23,P012,159,False,0
2023-02-23,P013,267,False,0
2023-02-23,P014,390,False,0
2023-02-23,P015,212,False,0
2023-02-23,P016,500,False,0
2023-02-23,P017,163,False,0
2023-02-23,P018,146,False,0
2023-02-23,P019,358,False,0
2023-02-23,P020,459,False,0
2023-02-23,P021,173,False,0
2023-02-23,P022,225,False,0
2023-02-23,P023,225,False,0
2023-02-23,P024,391,False,0
2023-02-23,P025,357,False,0
2023-02-23,P026,248,False,0
2023-02-23,P027,212,False,0
2023-02-23,P028,125,False,0
2023-02-23,P029,293,False,0
2023-02-23,P030,223,False,0
2023-02-23,P031,463,False,0
2023-02-23,P032,360,False,0
2023-02-23,P033,446,False,0
2023-02-23,P034,261,False,0
2023-02-23,P035,134,False,0
2023-02-23,P036,294,False,0
2023-02-23,P037,267,False,0
2023-02-23,P038,370,False,0
2023-02-23,P039,147,False,0
2023-02-23,P040,291,False,0
2023-02-24,P001,221,False,0
2023-02-24,P002,339,False,0
2023-02-24,P003,381,False,0
2023-02-24,P004,53,False,0
2023-02-24,P005,399,False,0
2023-02-24,P006,333,False,0
2023-02-24,P007,500,False,466
2023-02-24,P008,485,False,0
2023-02-24,P009,160,False,0
2023-02-24,P010,334,False,0
2023-02-24,P011,390,False,0
2023-02-24,P012,157,False,0
2023-02-24,P013,249,False,0
2023-02-24,P014,390,False,0
2023-02-24,P015,207,False,0
2023-02-24,P016,500,False,0
2023-02-24,P017,160,False,0
2023-02-24,P018,143,False,0
2023-02-24,P019,353,False,0
2023-02-24,P020,459,False,0
2023-02-24,P021,164,False,0
2023-02-24,P022,220,False,0
2023-02-24,P023,221,False,0
2023-02-24,P024,388,False,0
2023-02-24,P025,357,False,0
2023-02-24,P026,223,False,0
2023-02-24,P027,208,False,0
2023-02-24,P028,122,False,0
2023-02-24,P029,265,False,0
2023-02-24,P030,212,False,0
2023-02-24,P031,457,False,0
2023-02-24,P032,360,False,0
2023-02-24,P033,437,False,0
2023-02-24,P034,252,False,0
2023-02-24,P035,122,False,0
2023-02-24,P036,294,False,0
2023-02-24,P037,265,False,0
2023-02-24,P038,368,False,0
2023-02-24,P039,145,False,0
2023-02-24,P040,290,False,0
2023-02-25,P001,217,False,0
2023-02-25,P002,337,False,0
2023-02-25,P003,377,False,0
2023-02-25,P004,53,False,0
2023-02-25,P005,389,False,0
2023-02-25,P006,331,False,0
2023-02-25,P007,500,False,0
2023-02-25,P008,480,False,0
2023-02-25,P009,160,False,0
2023-02-25,P010,334,False,0
2023-02-25,P011,390,False,0
2023-02-25,P012,152,False,0
2023-02-25,P013,245,False,0
2023-02-25,P014,390,False,0
2023-02-25,P015,201,False,0
2023-02-25,P016,500,False,0
2023-02-25,P017,150,False,0
2023-02-25,P018,141,False,0
2023-02-25,P019,352,False,0
2023-02-25,P020,459,False,0
2023-02-25,P021,164,False,0
2023-02-25,P022,220,False,0
2023-02-25,P023,216,False,0
2023-02-25,P024,388,False,0
2023-02-25,P025,349,False,0
2023-02-25,P026,219,False,0
2023-02-25,P027,205,False,0
2023-02-25,P028,111,False,0
2023-02-25,P029,255,False,0
2023-02-25,P030,212,False,0
2023-02-25,P031,442,False,0
2023-02-25,P032,360,False,0
2023-02-25,P033,420,False,0
2023-02-25,P034,245,False,0
2023-02-25,P035,119,False,0
2023-02-25,P036,290,False,0
2023-02-25,P037,253,False,0
2023-02-25,P038,360,False,0
2023-02-25,P039,141,False,0
2023-02-25,P040,290,False,0
2023-02-26,P001,201,False,0
2023-02-26,P002,337,False,0
2023-02-26,P003,370,False,0
2023-02-26,P004,50,False,0
2023-02-26,P005,389,False,0
2023-02-26,P006,331,False,0
2023-02-26,P007,473,False,0
2023-02-26,P008,472,False,0
2023-02-26,P009,153,False,0
2023-02-26,P010,334,False,0
2023-02-26,P011,390,False,0
2023-02-26,P012,151,False,0
2023-02-26,P013,244,False,0
2023-02-26,P014,386,False,0
2023-02-26,P015,191,False,0
2023-02-26,P016,500,False,0
2023-02-26,P017,146,False,0
2023-02-26,P018,137,False,0
2023-02-26,P019,333,False,0
2023-02-26,P020,459,False,0
2023-02-26,P021,156,False,0
2023-02-26,P022,208,False,0
2023-02-26,P023,212,False,0
2023-02-26,P024,384,False,0
2023-02-26,P025,349,False,0
2023-02-26,P026,211,False,0
2023-02-26,P027,202,False,0
2023-02-26,P028,95,False,0
2023-02-26,P029,255,False,0
2023-02-26,P030,207,False,0
2023-02-26,P031,437,False,0
2023-02-26,P032,360,False,0
2023-02-26,P033,420,False,0
2023-02-26,P034,234,False,0
2023-02-26,P035,115,False,0
2023-02-26,P036,290,False,0
2023-02-26,P037,253,False,0
2023-02-26,P038,351,False,0
2023-02-26,P039,137,False,0
2023-02-26,P040,284,False,0
2023-02-27,P001,199,False,0
2023-02-27,P002,334,False,0
2023-02-27,P003,369,False,0
2023-02-27,P004,500,False,461
2023-02-27,P005,389,False,0
2023-02-27,P006,328,False,0
2023-02-27,P007,457,False,0
2023-02-27,P008,465,False,0
2023-02-27,P009,152,False,0
2023-02-27,P010,332,False,0
2023-02-27,P011,390,False,0
2023-02-27,P012,151,False,0
2023-02-27,P013,239,False,0
2023-02-27,P014,383,False,0
2023-02-27,P015,186,False,0
2023-02-27,P016,500,False,0
2023-02-27,P017,146,False,0
2023-02-27,P018,124,False,0
2023-02-27,P019,333,False,0
2023-02-27,P020,457,False,0
2023-02-27,P021,152,False,0
2023-02-27,P022,206,False,0
2023-02-27,P023,205,False,0
2023-02-27,P024,384,False,0
2023-02-27,P025,344,False,0
2023-02-27,P026,202,False,0
2023-02-27,P027,192,False,0
2023-02-27,P028,90,False,0
2023-02-27,P029,242,False,0
2023-02-27,P030,202,False,0
2023-02-27,P031,427,False,0
2023-02-27,P032,358,False,0
2023-02-27,P033,414,False,0
2023-02-27,P034,232,False,0
2023-02-27,P035,112,False,0
2023-02-27,P036,289,False,0
2023-02-27,P037,253,False,0
2023-02-27,P038,351,False,0
2023-02-27,P039,132,False,0
2023-02-27,P040,284,False,0
2023-02-28,P001,193,False,0
2023-02-28,P002,334,False,0
2023-02-28,P003,367,False,0
2023-02-28,P004,491,False,0
2023-02-28,P005,389,False,0
2023-02-28,P006,327,False,0
2023-02-28,P007,454,False,0
2023-02-28,P008,454,False,0
2023-02-28,P009,149,False,0
2023-02-28,P010,332,False,0
2023-02-28,P011,386,False,0
2023-02-28,P012,145,False,0
2023-02-28,P013,239,False,0
2023-02-28,P014,383,False,0
2023-02-28,P015,186,False,0
2023-02-28,P016,500,False,0
2023-02-28,P017,140,False,0
2023-02-28,P018,124,False,0
2023-02-28,P019,333,False,0
2023-02-28,P020,457,False,0
2023-02-28,P021,137,False,0
2023-02-28,P022,198,False,0
2023-02-28,P023,200,False,0
2023-02-28,P024,384,False,0
2023-02-28,P025,344,False,0
2023-02-28,P026,195,False,0
2023-02-28,P027,188,False,0
2023-02-28,P028,90,False,0
2023-02-28,P029,238,False,0
2023-02-28,P030,202,False,0
2023-02-28,P031,423,False,0
2023-02-28,P032,356,False,0
2023-02-28,P033,410,False,0
2023-02-28,P034,232,False,0
2023-02-28,P035,110,False,0
2023-02-28,P036,289,False,0
2023-02-28,P037,253,False,0
2023-02-28,P038,351,False,0
2023-02-28,P039,128,False,0
2023-02-28,P040,284,False,0
2023-03-01,P001,190,False,0
2023-03-01,P002,329,False,0
2023-03-01,P003,367,False,0
2023-03-01,P004,483,False,0
2023-03-01,P005,389,False,0
2023-03-01,P006,327,False,0
2023-03-01,P007,440,False,0
2023-03-01,P008,445,False,0
2023-03-01,P009,142,False,0
2023-03-01,P010,325,False,0
2023-03-01,P011,386,False,0
2023-03-01,P012,145,False,0
2023-03-01,P013,239,False,0
2023-03-01,P014,383,False,0
2023-03-01,P015,182,False,0
2023-03-01,P016,500,False,0
2023-03-01,P017,131,False,0
2023-03-01,P018,124,False,0
2023-03-01,P019,315,False,0
2023-03-01,P020,457,False,0
2023-03-01,P021,131,False,0
2023-03-01,P022,194,False,0
2023-03-01,P023,190,False,0
2023-03-01,P024,384,False,0
2023-03-01,P025,335,False,0
2023-03-01,P026,195,False,0
2023-03-01,P027,188,False,0
2023-03-01,P028,90,False,0
2023-03-01,P029,236,False,0
2023-03-01,P030,198,False,0
2023-03-01,P031,413,False,0
2023-03-01,P032,356,False,0
2023-03-01,P033,401,False,0
2023-03-01,P034,226,False,0
2023-03-01,P035,98,False,0
2023-03-01,P036,289,False,0
2023-03-01,P037,247,False,0
2023-03-01,P038,347,False,0
2023-03-01,P039,128,False,0
2023-03-01,P040,284,False,0
2023-03-02,P001,190,False,0
2023-03-02,P002,324,False,0
2023-03-02,P003,367,False,0
2023-03-02,P004,474,False,0
2023-03-02,P005,389,False,0
2023-03-02,P006,327,False,0
2023-03-02,P007,427,False,0
2023-03-02,P008,438,False,0
2023-03-02,P009,128,False,0
2023-03-02,P010,321,False,0
2023-03-02,P011,386,False,0
2023-03-02,P012,139,False,0
2023-03-02,P013,239,False,0
2023-03-02,P014,383,False,0
2023-03-02,P015,182,False,0
2023-03-02,P016,500,False,0
2023-03-02,P017,131,False,0
2023-03-02,P018,120,False,0
2023-03-02,P019,313,False,0
2023-03-02,P020,455,False,0
2023-03-02,P021,124,False,0
2023-03-02,P022,190,False,0
2023-03-02,P023,188,False,0
2023-03-02,P024,384,False,0
2023-03-02,P025,335,False,0
2023-03-02,P026,191,False,0
2023-03-02,P027,183,False,0
2023-03-02,P028,84,False,0
2023-03-02,P029,229,False,0
2023-03-02,P030,197,False,0
2023-03-02,P031,411,False,0
2023-03-02,P032,351,False,0
2023-03-02,P033,392,False,0
2023-03-02,P034,224,False,0
2023-03-02,P035,92,False,0
2023-03-02,P036,283,False,0
2023-03-02,P037,247,False,0
2023-03-02,P038,345,False,0
2023-03-02,P039,123,False,0
2023-03-02,P040,284,False,0
2023-03-03,P001,190,False,0
2023-03-03,P002,324,False,0
2023-03-03,P003,367,False,0
2023-03-03,P004,467,False,0
2023-03-03,P005,389,False,0
2023-03-03,P006,327,False,0
2023-03-03,P007,422,False,0
2023-03-03,P008,435,False,0
2023-03-03,P009,128,False,0
2023-03-03,P010,321,False,0
2023-03-03,P011,383,False,0
2023-03-03,P012,138,False,0
2023-03-03,P013,236,False,0
2023-03-03,P014,383,False,0
2023-03-03,P015,177,False,0
2023-03-03,P016,500,False,0
2023-03-03,P017,122,False,0
2023-03-03,P018,118,False,0
2023-03-03,P019,313,False,0
2023-03-03,P020,452,False,0
2023-03-03,P021,111,False,0
2023-03-03,P022,190,False,0
2023-03-03,P023,188,False,0
2023-03-03,P024,379,False,0
2023-03-03,P025,324,False,0
2023-03-03,P026,190,False,0
2023-03-03,P027,183,False,0
2023-03-03,P028,84,False,0
2023-03-03,P029,229,False,0
2023-03-03,P030,189,False,0
2023-03-03,P031,408,False,0
2023-03-03,P032,350,False,0
2023-03-03,P033,381,False,0
2023-03-03,P034,219,False,0
2023-03-03,P035,90,False,0
2023-03-03,P036,283,False,0
2023-03-03,P037,235,False,0
2023-03-03,P038,345,False,0
2023-03-03,P039,118,False,0
2023-03-03,P040,284,False,0
2023-03-04,P001,183,False,0
2023-03-04,P002,324,False,0
2023-03-04,P003,367,False,0
2023-03-04,P004,459,False,0
2023-03-04,P005,389,False,0
2023-03-04,P006,326,False,0
2023-03-04,P007,418,False,0
2023-03-04,P008,427,False,0
2023-03-04,P009,120,False,0
2023-03-04,P010,321,False,0
2023-03-04,P011,378,False,0
2023-03-04,P012,138,False,0
2023-03-04,P013,236,False,0
2023-03-04,P014,382,False,0
2023-03-04,P015,164,False,0
2023-03-04,P016,500,False,0
2023-03-04,P017,122,False,0
2023-03-04,P018,110,False,0
2023-03-04,P019,313,False,0
2023-03-04,P020,452,False,0
2023-03-04,P021,111,False,0
2023-03-04,P022,190,False,0
2023-03-04,P023,182,False,0
2023-03-04,P024,379,False,0
2023-03-04,P025,311,False,0
2023-03-04,P026,190,False,0
2023-03-04,P027,178,False,0
2023-03-04,P028,84,False,0
2023-03-04,P029,229,False,0
2023-03-04,P030,182,False,0
2023-03-04,P031,408,False,0
2023-03-04,P032,346,False,0
2023-03-04,P033,381,False,0
2023-03-04,P034,211,False,0
2023-03-04,P035,90,False,0
2023-03-04,P036,283,False,0
2023-03-04,P037,230,False,0
2023-03-04,P038,345,False,0
2023-03-04,P039,118,False,0
2023-03-04,P040,277,False,0
2023-03-05,P001,183,False,0
2023-03-05,P002,321,False,0
2023-03-05,P003,365,False,0
2023-03-05,P004,448,False,0
2023-03-05,P005,385,False,0
2023-03-05,P006,320,False,0
2023-03-05,P007,402,False,0
2023-03-05,P008,425,False,0
2023-03-05,P009,111,False,0
2023-03-05,P010,320,False,0
2023-03-05,P011,378,False,0
2023-03-05,P012,126,False,0
2023-03-05,P013,236,False,0
2023-03-05,P014,382,False,0
2023-03-05,P015,160,False,0
2023-03-05,P016,500,False,0
2023-03-05,P017,99,False,0
2023-03-05,P018,95,False,0
2023-03-05,P019,302,False,0
2023-03-05,P020,452,False,0
2023-03-05,P021,109,False,0
2023-03-05,P022,177,False,0
2023-03-05,P023,177,False,0
2023-03-05,P024,379,False,0
2023-03-05,P025,311,False,0
2023-03-05,P026,179,False,0
2023-03-05,P027,177,False,0
2023-03-05,P028,75,False,0
2023-03-05,P029,229,False,0
2023-03-05,P030,171,False,0
2023-03-05,P031,402,False,0
2023-03-05,P032,344,False,0
2023-03-05,P033,375,False,0
2023-03-05,P034,196,False,0
2023-03-05,P035,87,False,0
2023-03-05,P036,283,False,0
2023-03-05,P037,221,False,0
2023-03-05,P038,345,False,0
2023-03-05,P039,118,False,0
2023-03-05,P040,274,False,0
2023-03-06,P001,175,False,0
2023-03-06,P002,316,False,0
2023-03-06,P003,362,False,0
2023-03-06,P004,415,False,0
2023-03-06,P005,385,False,0
2023-03-06,P006,315,False,0
2023-03-06,P007,398,False,0
2023-03-06,P008,406,False,0
2023-03-06,P009,95,False,0
2023-03-06,P010,320,False,0
2023-03-06,P011,378,False,0
2023-03-06,P012,93,False,0
2023-03-06,P013,230,False,0
2023-03-06,P014,381,False,0
2023-03-06,P015,149,False,0
2023-03-06,P016,500,False,0
2023-03-06,P017,95,False,0
2023-03-06,P018,93,False,0
2023-03-06,P019,295,False,0
2023-03-06,P020,450,False,0
2023-03-06,P021,99,False,0
2023-03-06,P022,168,False,0
2023-03-06,P023,173,False,0
2023-03-06,P024,376,False,0
2023-03-06,P025,305,False,0
2023-03-06,P026,176,False,0
2023-03-06,P027,176,False,0
2023-03-06,P028,71,False,0
2023-03-06,P029,217,False,0
2023-03-06,P030,168,False,0
2023-03-06,P031,398,False,0
2023-03-06,P032,329,False,0
2023-03-06,P033,350,False,0
2023-03-06,P034,191,False,0
2023-03-06,P035,71,False,0
2023-03-06,P036,273,False,0
2023-03-06,P037,206,False,0
2023-03-06,P038,345,False,0
2023-03-06,P039,112,False,0
2023-03-06,P040,256,False,0
2023-03-07,P001,163,False,0
2023-03-07,P002,316,False,0
2023-03-07,P003,362,False,0
2023-03-07,P004,397,False,0
2023-03-07,P005,382,False,0
2023-03-07,P006,315,False,0
2023-03-07,P007,395,False,0
2023-03-07,P008,393,False,0
2023-03-07,P009,84,False,0
2023-03-07,P010,320,False,0
2023-03-07,P011,376,False,0
2023-03-07,P012,93,False,0
2023-03-07,P013,230,False,0
2023-03-07,P014,377,False,0
2023-03-07,P015,149,False,0
2023-03-07,P016,500,False,0
2023-03-07,P017,94,False,0
2023-03-07,P018,90,False,0
2023-03-07,P019,295,False,0
2023-03-07,P020,450,False,0
2023-03-07,P021,90,False,0
2023-03-07,P022,167,False,0
2023-03-07,P023,172,False,0
2023-03-07,P024,373,False,0
2023-03-07,P025,305,False,0
2023-03-07,P026,175,False,0
2023-03-07,P027,168,False,0
2023-03-07,P028,69,False,0
2023-03-07,P029,217,False,0
2023-03-07,P030,166,False,0
2023-03-07,P031,387,False,0
2023-03-07,P032,329,False,0
2023-03-07,P033,345,False,0
2023-03-07,P034,184,False,0
2023-03-07,P035,70,False,0
2023-03-07,P036,270,False,0
2023-03-07,P037,204,False,0
2023-03-07,P038,345,False,0
2023-03-07,P039,105,False,0
2023-03-07,P040,251,False,0
2023-03-08,P001,162,False,0
2023-03-08,P002,316,False,0
2023-03-08,P003,362,False,0
2023-03-08,P004,388,False,0
2023-03-08,P005,382,False,0
2023-03-08,P006,315,False,0
2023-03-08,P007,390,False,0
2023-03-08,P008,385,False,0
2023-03-08,P009,76,False,0
2023-03-08,P010,320,False,0
2023-03-08,P011,368,False,0
2023-03-08,P012,93,False,0
2023-03-08,P013,227,False,0
2023-03-08,P014,375,False,0
2023-03-08,P015,149,False,0
2023-03-08,P016,500,False,0
2023-03-08,P017,89,False,0
2023-03-08,P018,88,False,0
2023-03-08,P019,295,False,0
2023-03-08,P020,450,False,0
2023-03-08,P021,86,False,0
2023-03-08,P022,167,False,0
2023-03-08,P023,172,False,0
2023-03-08,P024,369,False,0
2023-03-08,P025,305,False,0
2023-03-08,P026,175,False,0
2023-03-08,P027,168,False,0
2023-03-08,P028,69,False,0
2023-03-08,P029,217,False,0
2023-03-08,P030,146,False,0
2023-03-08,P031,375,False,0
2023-03-08,P032,329,False,0
2023-03-08,P033,327,False,0
2023-03-08,P034,180,False,0
2023-03-08,P035,70,False,0
2023-03-08,P036,260,False,0
2023-03-08,P037,202,False,0
2023-03-08,P038,345,False,0
2023-03-08,P039,105,False,0
2023-03-08,P040,250,False,0
2023-03-09,P001,160,False,0
2023-03-09,P002,316,False,0
2023-03-09,P003,361,False,0
2023-03-09,P004,385,False,0
2023-03-09,P005,382,False,0
2023-03-09,P006,315,False,0
2023-03-09,P007,387,False,0
2023-03-09,P008,384,False,0
2023-03-09,P009,61,False,0
2023-03-09,P010,319,False,0
2023-03-09,P011,365,False,0
2023-03-09,P012,93,False,0
2023-03-09,P013,221,False,0
2023-03-09,P014,367,False,0
2023-03-09,P015,139,False,0
2023-03-09,P016,500,False,0
2023-03-09,P017,89,False,0
2023-03-09,P018,82,False,0
2023-03-09,P019,290,False,0
2023-03-09,P020,450,False,0
2023-03-09,P021,80,False,0
2023-03-09,P022,165,False,0
2023-03-09,P023,168,False,0
2023-03-09,P024,369,False,0
2023-03-09,P025,299,False,0
2023-03-09,P026,175,False,0
2023-03-09,P027,167,False,0
2023-03-09,P028,67,False,0
2023-03-09,P029,216,False,0
2023-03-09,P030,138,False,0
2023-03-09,P031,360,False,0
2023-03-09,P032,327,False,0
2023-03-09,P033,316,False,0
2023-03-09,P034,180,False,0
2023-03-09,P035,68,False,0
2023-03-09,P036,254,False,0
2023-03-09,P037,202,False,0
2023-03-09,P038,345,False,0
2023-03-09,P039,103,False,0
2023-03-09,P040,250,False,0
2023-03-10,P001,155,False,0
2023-03-10,P002,316,False,0
2023-03-10,P003,361,False,0
2023-03-10,P004,376,False,0
2023-03-10,P005,382,False,0
2023-03-10,P006,315,False,0
2023-03-10,P007,382,False,0
2023-03-10,P008,374,False,0
2023-03-10,P009,57,False,0
2023-03-10,P010,316,False,0
2023-03-10,P011,365,False,0
2023-03-10,P012,90,False,0
2023-03-10,P013,215,False,0
2023-03-10,P014,367,False,0
2023-03-10,P015,134,False,0
2023-03-10,P016,500,False,0
2023-03-10,P017,79,False,0
2023-03-10,P018,82,False,0
2023-03-10,P019,290,False,0
2023-03-10,P020,450,False,0
2023-03-10,P021,79,False,0
2023-03-10,P022,165,False,0
2023-03-10,P023,163,False,0
2023-03-10,P024,369,False,0
2023-03-10,P025,297,False,0
2023-03-10,P026,175,False,0
2023-03-10,P027,162,False,0
2023-03-10,P028,60,False,0
2023-03-10,P029,211,False,0
2023-03-10,P030,129,False,0
2023-03-10,P031,351,False,0
2023-03-10,P032,326,False,0
2023-03-10,P033,307,False,0
2023-03-10,P034,169,False,0
2023-03-10,P035,67,False,0
2023-03-10,P036,253,False,0
2023-03-10,P037,202,False,0
2023-03-10,P038,345,False,0
2023-03-10,P039,101,False,0
2023-03-10,P040,249,False,0
2023-03-11,P001,155,False,0
2023-03-11,P002,316,False,0
2023-03-11,P003,358,False,0
2023-03-11,P004,374,False,0
2023-03-11,P005,379,False,0
2023-03-11,P006,315,False,0
2023-03-11,P007,382,False,0
2023-03-11,P008,371,False,0
2023-03-11,P009,52,False,0
2023-03-11,P010,316,False,0
2023-03-11,P011,362,False,0
2023-03-11,P012,81,False,0
2023-03-11,P013,215,False,0
2023-03-11,P014,367,False,0
2023-03-11,P015,130,False,0
2023-03-11,P016,500,False,0
2023-03-11,P017,79,False,0
2023-03-11,P018,81,False,0
2023-03-11,P019,287,False,0
2023-03-11,P020,450,False,0
2023-03-11,P021,76,False,0
2023-03-11,P022,165,False,0
2023-03-11,P023,163,False,0
2023-03-11,P024,369,False,0
2023-03-11,P025,297,False,0
2023-03-11,P026,175,False,0
2023-03-11,P027,162,False,0
2023-03-11,P028,60,False,0
2023-03-11,P029,211,False,0
2023-03-11,P030,129,False,0
2023-03-11,P031,344,False,0
2023-03-11,P032,326,False,0
2023-03-11,P033,298,False,0
2023-03-11,P034,169,False,0
2023-03-11,P035,63,False,0
2023-03-11,P036,253,False,0
2023-03-11,P037,202,False,0
2023-03-11,P038,345,False,0
2023-03-11,P039,101,False,0
2023-03-11,P040,249,False,0
2023-03-12,P001,131,False,0
2023-03-12,P002,316,False,0
2023-03-12,P003,358,False,0
2023-03-12,P004,362,False,0
2023-03-12,P005,375,False,0
2023-03-12,P006,315,False,0
2023-03-12,P007,374,False,0
2023-03-12,P008,363,False,0
2023-03-12,P009,500,False,464
2023-03-12,P010,316,False,0
2023-03-12,P011,360,False,0
2023-03-12,P012,73,False,0
2023-03-12,P013,207,False,0
2023-03-12,P014,366,False,0
2023-03-12,P015,130,False,0
2023-03-12,P016,500,False,0
2023-03-12,P017,79,False,0
2023-03-12,P018,75,False,0
2023-03-12,P019,286,False,0
2023-03-12,P020,450,False,0
2023-03-12,P021,76,False,0
2023-03-12,P022,160,False,0
2023-03-12,P023,155,False,0
2023-03-12,P024,369,False,0
2023-03-12,P025,289,False,0
2023-03-12,P026,170,False,0
2023-03-12,P027,156,False,0
2023-03-12,P028,500,False,454
2023-03-12,P029,211,False,0
2023-03-12,P030,123,False,0
2023-03-12,P031,303,False,0
2023-03-12,P032,326,False,0
2023-03-12,P033,292,False,0
2023-03-12,P034,164,False,0
2023-03-12,P035,56,False,0
2023-03-12,P036,248,False,0
2023-03-12,P037,198,False,0
2023-03-12,P038,341,False,0
2023-03-12,P039,91,False,0
2023-03-12,P040,239,False,0
2023-03-13,P001,131,False,0
2023-03-13,P002,316,False,0
2023-03-13,P003,358,False,0
2023-03-13,P004,346,False,0
2023-03-13,P005,375,False,0
2023-03-13,P006,315,False,0
2023-03-13,P007,361,False,0
2023-03-13,P008,354,False,0
2023-03-13,P009,484,False,0
2023-03-13,P010,312,False,0
2023-03-13,P011,360,False,0
2023-03-13,P012,71,False,0
2023-03-13,P013,194,False,0
2023-03-13,P014,362,False,0
2023-03-13,P015,128,False,0
2023-03-13,P016,500,False,0
2023-03-13,P017,65,False,0
2023-03-13,P018,75,False,0
2023-03-13,P019,285,False,0
2023-03-13,P020,450,False,0
2023-03-13,P021,74,False,0
2023-03-13,P022,153,False,0
2023-03-13,P023,151,False,0
2023-03-13,P024,365,False,0
2023-03-13,P025,281,False,0
2023-03-13,P026,165,False,0
2023-03-13,P027,153,False,0
2023-03-13,P028,482,False,0
2023-03-13,P029,206,False,0
2023-03-13,P030,114,False,0
2023-03-13,P031,295,False,0
2023-03-13,P032,318,False,0
2023-03-13,P033,287,False,0
2023-03-13,P034,153,False,0
2023-03-13,P035,500,False,454
2023-03-13,P036,241,False,0
2023-03-13,P037,198,False,0
2023-03-13,P038,330,False,0
2023-03-13,P039,90,False,0
2023-03-13,P040,239,False,0
2023-03-14,P001,131,False,0
2023-03-14,P002,293,False,0
2023-03-14,P003,358,False,0
2023-03-14,P004,332,False,0
2023-03-14,P005,375,False,0
2023-03-14,P006,315,False,0
2023-03-14,P007,358,False,0
2023-03-14,P008,346,False,0
2023-03-14,P009,479,False,0
2023-03-14,P010,312,False,0
2023-03-14,P011,357,False,0
2023-03-14,P012,66,False,0
2023-03-14,P013,188,False,0
2023-03-14,P014,362,False,0
2023-03-14,P015,126,False,0
2023-03-14,P016,500,False,0
2023-03-14,P017,63,False,0
2023-03-14,P018,75,False,0
2023-03-14,P019,283,False,0
2023-03-14,P020,450,False,0
2023-03-14,P021,500,False,458
2023-03-14,P022,143,False,0
2023-03-14,P023,149,False,0
2023-03-14,P024,365,False,0
2023-03-14,P025,281,False,0
2023-03-14,P026,160,False,0
2023-03-14,P027,153,False,0
2023-03-14,P028,479,False,0
2023-03-14,P029,204,False,0
2023-03-14,P030,114,False,0
2023-03-14,P031,289,False,0
2023-03-14,P032,315,False,0
2023-03-14,P033,278,False,0
2023-03-14,P034,152,False,0
2023-03-14,P035,489,False,0
2023-03-14,P036,234,False,0
2023-03-14,P037,195,False,0
2023-03-14,P038,330,False,0
2023-03-14,P039,83,False,0
2023-03-14,P040,234,False,0
2023-03-15,P001,118,False,0
2023-03-15,P002,287,False,0
2023-03-15,P003,358,False,0
2023-03-15,P004,318,False,0
2023-03-15,P005,375,False,0
2023-03-15,P006,301,False,0
2023-03-15,P007,353,False,0
2023-03-15,P008,331,False,0
2023-03-15,P009,479,False,0
2023-03-15,P010,311,False,0
2023-03-15,P011,357,False,0
2023-03-15,P012,60,False,0
2023-03-15,P013,179,False,0
2023-03-15,P014,354,False,0
2023-03-15,P015,126,False,0
2023-03-15,P016,500,False,0
2023-03-15,P017,58,False,0
2023-03-15,P018,68,False,0
2023-03-15,P019,283,False,0
2023-03-15,P020,450,False,0
2023-03-15,P021,497,False,0
2023-03-15,P022,135,False,0
2023-03-15,P023,145,False,0
2023-03-15,P024,365,False,0
2023-03-15,P025,276,False,0
2023-03-15,P026,155,False,0
2023-03-15,P027,146,False,0
2023-03-15,P028,472,False,0
2023-03-15,P029,201,False,0
2023-03-15,P030,105,False,0
2023-03-15,P031,281,False,0
2023-03-15,P032,305,False,0
2023-03-15,P033,274,False,0
2023-03-15,P034,147,False,0
2023-03-15,P035,475,False,0
2023-03-15,P036,233,False,0
2023-03-15,P037,195,False,0
2023-03-15,P038,325,False,0
2023-03-15,P039,76,False,0
2023-03-15,P040,229,False,0
2023-03-16,P001,114,False,0
2023-03-16,P002,280,False,0
2023-03-16,P003,357,False,0
2023-03-16,P004,317,False,0
2023-03-16,P005,370,False,0
2023-03-16,P006,301,False,0
2023-03-16,P007,344,False,0
2023-03-16,P008,323,False,0
2023-03-16,P009,476,False,0
2023-03-16,P010,311,False,0
2023-03-16,P011,357,False,0
2023-03-16,P012,51,False,0
2023-03-16,P013,179,False,0
2023-03-16,P014,354,False,0
2023-03-16,P015,115,False,0
2023-03-16,P016,500,False,0
2023-03-16,P017,57,False,0
2023-03-16,P018,500,False,451
2023-03-16,P019,274,False,0
2023-03-16,P020,450,False,0
2023-03-16,P021,492,False,0
2023-03-16,P022,130,False,0
2023-03-16,P023,142,False,0
2023-03-16,P024,364,False,0
2023-03-16,P025,276,False,0
2023-03-16,P026,151,False,0
2023-03-16,P027,146,False,0
2023-03-16,P028,467,False,0
2023-03-16,P029,192,False,0
2023-03-16,P030,102,False,0
2023-03-16,P031,270,False,0
2023-03-16,P032,302,False,0
2023-03-16,P033,258,False,0
2023-03-16,P034,145,False,0
2023-03-16,P035,470,False,0
2023-03-16,P036,232,False,0
2023-03-16,P037,195,False,0
2023-03-16,P038,320,False,0
2023-03-16,P039,60,False,0
2023-03-16,P040,227,False,0
2023-03-17,P001,104,False,0
2023-03-17,P002,280,False,0
2023-03-17,P003,357,False,0
2023-03-17,P004,317,False,0
2023-03-17,P005,366,False,0
2023-03-17,P006,300,False,0
2023-03-17,P007,336,False,0
2023-03-17,P008,322,False,0
2023-03-17,P009,466,False,0
2023-03-17,P010,302,False,0
2023-03-17,P011,357,False,0
2023-03-17,P012,50,False,0
2023-03-17,P013,173,False,0
2023-03-17,P014,352,False,0
2023-03-17,P015,115,False,0
2023-03-17,P016,500,False,0
2023-03-17,P017,56,False,0
2023-03-17,P018,494,False,0
2023-03-17,P019,271,False,0
2023-03-17,P020,450,False,0
2023-03-17,P021,492,False,0
2023-03-17,P022,128,False,0
2023-03-17,P023,123,False,0
2023-03-17,P024,364,False,0
2023-03-17,P025,272,False,0
2023-03-17,P026,150,False,0
2023-03-17,P027,144,False,0
2023-03-17,P028,467,False,0
2023-03-17,P029,187,False,0
2023-03-17,P030,94,False,0
2023-03-17,P031,269,False,0
2023-03-17,P032,301,False,0
2023-03-17,P033,233,False,0
2023-03-17,P034,145,False,0
2023-03-17,P035,455,False,0
2023-03-17,P036,229,False,0
2023-03-17,P037,191,False,0
2023-03-17,P038,317,False,0
2023-03-17,P039,60,False,0
2023-03-17,P040,205,False,0
2023-03-18,P001,95,False,0
2023-03-18,P002,280,False,0
2023-03-18,P003,357,False,0
2023-03-18,P004,317,False,0
2023-03-18,P005,366,False,0
2023-03-18,P006,298,False,0
2023-03-18,P007,328,False,0
2023-03-18,P008,322,False,0
2023-03-18,P009,465,False,0
2023-03-18,P010,298,False,0
2023-03-18,P011,357,False,0
2023-03-18,P012,50,False,0
2023-03-18,P013,159,False,0
2023-03-18,P014,352,False,0
2023-03-18,P015,114,False,0
2023-03-18,P016,500,False,0
2023-03-18,P017,50,False,0
2023-03-18,P018,488,False,0
2023-03-18,P019,271,False,0
2023-03-18,P020,450,False,0
2023-03-18,P021,492,False,0
2023-03-18,P022,118,False,0
2023-03-18,P023,121,False,0
2023-03-18,P024,364,False,0
2023-03-18,P025,272,False,0
2023-03-18,P026,137,False,0
2023-03-18,P027,143,False,0
2023-03-18,P028,466,False,0
2023-03-18,P029,182,False,0
2023-03-18,P030,94,False,0
2023-03-18,P031,267,False,0
2023-03-18,P032,301,False,0
2023-03-18,P033,223,False,0
2023-03-18,P034,139,False,0
2023-03-18,P035,446,False,0
2023-03-18,P036,229,False,0
2023-03-18,P037,187,False,0
2023-03-18,P038,317,False,0
2023-03-18,P039,60,False,0
2023-03-18,P040,201,False,0
2023-03-19,P001,90,False,0
2023-03-19,P002,278,False,0
2023-03-19,P003,352,False,0
2023-03-19,P004,307,False,0
2023-03-19,P005,366,False,0
2023-03-19,P006,288,False,0
2023-03-19,P007,309,False,0
2023-03-19,P008,317,False,0
2023-03-19,P009,459,False,0
2023-03-19,P010,291,False,0
2023-03-19,P011,356,False,0
2023-03-19,P012,500,False,457
2023-03-19,P013,145,False,0
2023-03-19,P014,352,False,0
2023-03-19,P015,91,False,0
2023-03-19,P016,500,False,0
2023-03-19,P017,500,False,456
2023-03-19,P018,464,False,0
2023-03-19,P019,266,False,0
2023-03-19,P020,450,False,0
2023-03-19,P021,468,False,0
2023-03-19,P022,104,False,0
2023-03-19,P023,114,False,0
2023-03-19,P024,363,False,0
2023-03-19,P025,259,False,0
2023-03-19,P026,128,False,0
2023-03-19,P027,135,False,0
2023-03-19,P028,452,False,0
2023-03-19,P029,182,False,0
2023-03-19,P030,81,False,0
2023-03-19,P031,255,False,0
2023-03-19,P032,296,False,0
2023-03-19,P033,200,False,0
2023-03-19,P034,139,False,0
2023-03-19,P035,440,False,0
2023-03-19,P036,219,False,0
2023-03-19,P037,174,False,0
2023-03-19,P038,309,False,0
2023-03-19,P039,57,False,0
2023-03-19,P040,188,False,0
2023-03-20,P001,82,False,0
2023-03-20,P002,270,False,0
2023-03-20,P003,344,False,0
2023-03-20,P004,288,False,0
2023-03-20,P005,366,False,0
2023-03-20,P006,285,False,0
2023-03-20,P007,305,False,0
2023-03-20,P008,307,False,0
2023-03-20,P009,459,False,0
2023-03-20,P010,279,False,0
2023-03-20,P011,356,False,0
2023-03-20,P012,490,False,0
2023-03-20,P013,139,False,0
2023-03-20,P014,337,False,0
2023-03-20,P015,74,False,0
2023-03-20,P016,500,False,0
2023-03-20,P017,499,False,0
2023-03-20,P018,459,False,0
2023-03-20,P019,263,False,0
2023-03-20,P020,450,False,0
2023-03-20,P021,468,False,0
2023-03-20,P022,99,False,0
2023-03-20,P023,111,False,0
2023-03-20,P024,363,False,0
2023-03-20,P025,259,False,0
2023-03-20,P026,120,False,0
2023-03-20,P027,135,False,0
2023-03-20,P028,451,False,0
2023-03-20,P029,174,False,0
2023-03-20,P030,80,False,0
2023-03-20,P031,247,False,0
2023-03-20,P032,291,False,0
2023-03-20,P033,185,False,0
2023-03-20,P034,134,False,0
2023-03-20,P035,430,False,0
2023-03-20,P036,218,False,0
2023-03-20,P037,165,False,0
2023-03-20,P038,303,False,0
2023-03-20,P039,500,False,456
2023-03-20,P040,170,False,0
2023-03-21,P001,78,False,0
2023-03-21,P002,269,False,0
2023-03-21,P003,344,False,0
2023-03-21,P004,268,False,0
2023-03-21,P005,366,False,0
2023-03-21,P006,285,False,0
2023-03-21,P007,295,False,0
2023-03-21,P008,305,False,0
2023-03-21,P009,457,False,0
2023-03-21,P010,279,False,0
2023-03-21,P011,350,False,0
2023-03-21,P012,486,False,0
2023-03-21,P013,133,False,0
2023-03-21,P014,337,False,0
2023-03-21,P015,71,False,0
2023-03-21,P016,500,False,0
2023-03-21,P017,499,False,0
2023-03-21,P018,452,False,0
2023-03-21,P019,263,False,0
2023-03-21,P020,450,False,0
2023-03-21,P021,466,False,0
2023-03-21,P022,94,False,0
2023-03-21,P023,86,False,0
2023-03-21,P024,363,False,0
2023-03-21,P025,255,False,0
2023-03-21,P026,120,False,0
2023-03-21,P027,135,False,0
2023-03-21,P028,449,False,0
2023-03-21,P029,172,False,0
2023-03-21,P030,80,False,0
2023-03-21,P031,245,False,0
2023-03-21,P032,291,False,0
2023-03-21,P033,185,False,0
2023-03-21,P034,128,False,0
2023-03-21,P035,422,False,0
2023-03-21,P036,214,False,0
2023-03-21,P037,165,False,0
2023-03-21,P038,301,False,0
2023-03-21,P039,500,False,0
2023-03-21,P040,167,False,0
2023-03-22,P001,78,False,0
2023-03-22,P002,269,False,0
2023-03-22,P003,344,False,0
2023-03-22,P004,254,False,0
2023-03-22,P005,366,False,0
2023-03-22,P006,282,False,0
2023-03-22,P007,288,False,0
2023-03-22,P008,299,False,0
2023-03-22,P009,439,False,0
2023-03-22,P010,268,False,0
2023-03-22,P011,346,False,0
2023-03-22,P012,486,False,0
2023-03-22,P013,133,False,0
2023-03-22,P014,336,False,0
2023-03-22,P015,70,False,0
2023-03-22,P016,500,False,0
2023-03-22,P017,490,False,0
2023-03-22,P018,448,False,0
2023-03-22,P019,262,False,0
2023-03-22,P020,450,False,0
2023-03-22,P021,463,False,0
2023-03-22,P022,94,False,0
2023-03-22,P023,79,False,0
2023-03-22,P024,363,False,0
2023-03-22,P025,255,False,0
2023-03-22,P026,116,False,0
2023-03-22,P027,127,False,0
2023-03-22,P028,443,False,0
2023-03-22,P029,169,False,0
2023-03-22,P030,76,False,0
2023-03-22,P031,244,False,0
2023-03-22,P032,288,False,0
2023-03-22,P033,178,False,0
2023-03-22,P034,128,False,0
2023-03-22,P035,415,False,0
2023-03-22,P036,214,False,0
2023-03-22,P037,160,False,0
2023-03-22,P038,296,False,0
2023-03-22,P039,496,False,0
2023-03-22,P040,167,False,0
2023-03-23,P001,66,False,0
2023-03-23,P002,269,False,0
2023-03-23,P003,341,False,0
2023-03-23,P004,251,False,0
2023-03-23,P005,366,False,0
2023-03-23,P006,277,False,0
2023-03-23,P007,288,False,0
2023-03-23,P008,290,False,0
2023-03-23,P009,435,False,0
2023-03-23,P010,264,False,0
2023-03-23,P011,342,False,0
2023-03-23,P012,479,False,0
2023-03-23,P013,129,False,0
2023-03-23,P014,334,False,0
2023-03-23,P015,65,False,0
2023-03-23,P016,500,False,0
2023-03-23,P017,485,False,0
2023-03-23,P018,443,False,0
2023-03-23,P019,260,False,0
2023-03-23,P020,450,False,0
2023-03-23,P021,463,False,0
2023-03-23,P022,94,False,0
2023-03-23,P023,79,False,0
2023-03-23,P024,363,False,0
2023-03-23,P025,251,False,0
2023-03-23,P026,113,False,0
2023-03-23,P027,123,False,0
2023-03-23,P028,435,False,0
2023-03-23,P029,169,False,0
2023-03-23,P030,75,False,0
2023-03-23,P031,233,False,0
2023-03-23,P032,285,False,0
2023-03-23,P033,163,False,0
2023-03-23,P034,126,False,0
2023-03-23,P035,410,False,0
2023-03-23,P036,203,False,0
2023-03-23,P037,158,False,0
2023-03-23,P038,296,False,0
2023-03-23,P039,495,False,0
2023-03-23,P040,167,False,0
2023-03-24,P001,500,False,464
2023-03-24,P002,269,False,0
2023-03-24,P003,337,False,0
2023-03-24,P004,249,False,0
2023-03-24,P005,366,False,0
2023-03-24,P006,273,False,0
2023-03-24,P007,279,False,0
2023-03-24,P008,281,False,0
2023-03-24,P009,433,False,0
2023-03-24,P010,264,False,0
2023-03-24,P011,342,False,0
2023-03-24,P012,479,False,0
2023-03-24,P013,126,False,0
2023-03-24,P014,334,False,0
2023-03-24,P015,54,False,0
2023-03-24,P016,500,False,0
2023-03-24,P017,477,False,0
2023-03-24,P018,443,False,0
2023-03-24,P019,260,False,0
2023-03-24,P020,450,False,0
2023-03-24,P021,459,False,0
2023-03-24,P022,88,False,0
2023-03-24,P023,79,False,0
2023-03-24,P024,363,False,0
2023-03-24,P025,249,False,0
2023-03-24,P026,113,False,0
2023-03-24,P027,123,False,0
2023-03-24,P028,427,False,0
2023-03-24,P029,167,False,0
2023-03-24,P030,75,False,0
2023-03-24,P031,223,False,0
2023-03-24,P032,281,False,0
2023-03-24,P033,163,False,0
2023-03-24,P034,121,False,0
2023-03-24,P035,409,False,0
2023-03-24,P036,198,False,0
2023-03-24,P037,157,False,0
2023-03-24,P038,296,False,0
2023-03-24,P039,492,False,0
2023-03-24,P040,162,False,0
2023-03-25,P001,500,False,0
2023-03-25,P002,259,False,0
2023-03-25,P003,335,False,0
2023-03-25,P004,249,False,0
2023-03-25,P005,366,False,0
2023-03-25,P006,273,False,0
2023-03-25,P007,279,False,0
2023-03-25,P008,277,False,0
2023-03-25,P009,433,False,0
2023-03-25,P010,256,False,0
2023-03-25,P011,342,False,0
2023-03-25,P012,474,False,0
2023-03-25,P013,126,False,0
2023-03-25,P014,334,False,0
2023-03-25,P015,53,False,0
2023-03-25,P016,500,False,0
2023-03-25,P017,476,False,0
2023-03-25,P018,427,False,0
2023-03-25,P019,255,False,0
2023-03-25,P020,450,False,0
2023-03-25,P021,459,False,0
2023-03-25,P022,88,False,0
2023-03-25,P023,63,False,0
2023-03-25,P024,358,False,0
2023-03-25,P025,249,False,0
2023-03-25,P026,97,False,0
2023-03-25,P027,117,False,0
2023-03-25,P028,425,False,0
2023-03-25,P029,131,False,0
2023-03-25,P030,74,False,0
2023-03-25,P031,213,False,0
2023-03-25,P032,281,False,0
2023-03-25,P033,160,False,0
2023-03-25,P034,118,False,0
2023-03-25,P035,404,False,0
2023-03-25,P036,198,False,0
2023-03-25,P037,147,False,0
2023-03-25,P038,293,False,0
2023-03-25,P039,488,False,0
2023-03-25,P040,157,False,0
2023-03-26,P001,499,False,0
2023-03-26,P002,253,False,0
2023-03-26,P003,335,False,0
2023-03-26,P004,239,False,0
2023-03-26,P005,366,False,0
2023-03-26,P006,273,False,0
2023-03-26,P007,254,False,0
2023-03-26,P008,273,False,0
2023-03-26,P009,428,False,0
2023-03-26,P010,256,False,0
2023-03-26,P011,342,False,0
2023-03-26,P012,466,False,0
2023-03-26,P013,120,False,0
2023-03-26,P014,330,False,0
2023-03-26,P015,500,False,462
2023-03-26,P016,500,False,0
2023-03-26,P017,465,False,0
2023-03-26,P018,424,False,0
2023-03-26,P019,253,False,0
2023-03-26,P020,450,False,0
2023-03-26,P021,456,False,0
2023-03-26,P022,75,False,0
2023-03-26,P023,59,False,0
2023-03-26,P024,358,False,0
2023-03-26,P025,224,False,0
2023-03-26,P026,97,False,0
2023-03-26,P027,113,False,0
2023-03-26,P028,421,False,0
2023-03-26,P029,124,False,0
2023-03-26,P030,70,False,0
2023-03-26,P031,206,False,0
2023-03-26,P032,281,False,0
2023-03-26,P033,150,False,0
2023-03-26,P034,118,False,0
2023-03-26,P035,404,False,0
2023-03-26,P036,198,False,0
2023-03-26,P037,136,False,0
2023-03-26,P038,283,False,0
2023-03-26,P039,486,False,0
2023-03-26,P040,152,False,0
2023-03-27,P001,487,False,0
2023-03-27,P002,250,False,0
2023-03-27,P003,335,False,0
2023-03-27,P004,231,False,0
2023-03-27,P005,358,False,0
2023-03-27,P006,273,False,0
2023-03-27,P007,242,False,0
2023-03-27,P008,255,False,0
2023-03-27,P009,411,False,0
2023-03-27,P010,251,False,0
2023-03-27,P011,335,False,0
2023-03-27,P012,462,False,0
2023-03-27,P013,116,False,0
2023-03-27,P014,325,False,0
2023-03-27,P015,498,False,0
2023-03-27,P016,500,False,0
2023-03-27,P017,457,False,0
2023-03-27,P018,412,False,0
2023-03-27,P019,252,False,0
2023-03-27,P020,450,False,0
2023-03-27,P021,433,False,0
2023-03-27,P022,68,False,0
2023-03-27,P023,59,False,0
2023-03-27,P024,358,False,0
2023-03-27,P025,219,False,0
2023-03-27,P026,89,False,0
2023-03-27,P027,108,False,0
2023-03-27,P028,415,False,0
2023-03-27,P029,122,False,0
2023-03-27,P030,60,False,0
2023-03-27,P031,186,False,0
2023-03-27,P032,281,False,0
2023-03-27,P033,145,False,0
2023-03-27,P034,113,False,0
2023-03-27,P035,403,False,0
2023-03-27,P036,193,False,0
2023-03-27,P037,136,False,0
2023-03-27,P038,279,False,0
2023-03-27,P039,483,False,0
2023-03-27,P040,151,False,0
2023-03-28,P001,456,False,0
2023-03-28,P002,247,False,0
2023-03-28,P003,335,False,0
2023-03-28,P004,222,False,0
2023-03-28,P005,353,False,0
2023-03-28,P006,268,False,0
2023-03-28,P007,238,False,0
2023-03-28,P008,251,False,0
2023-03-28,P009,407,False,0
2023-03-28,P010,251,False,0
2023-03-28,P011,335,False,0
2023-03-28,P012,462,False,0
2023-03-28,P013,116,False,0
2023-03-28,P014,319,False,0
2023-03-28,P015,494,False,0
2023-03-28,P016,500,False,0
2023-03-28,P017,457,False,0
2023-03-28,P018,408,False,0
2023-03-28,P019,247,False,0
2023-03-28,P020,450,False,0
2023-03-28,P021,422,False,0
2023-03-28,P022,64,False,0
2023-03-28,P023,55,False,0
2023-03-28,P024,358,False,0
2023-03-28,P025,215,False,0
2023-03-28,P026,81,False,0
2023-03-28,P027,103,False,0
2023-03-28,P028,410,False,0
2023-03-28,P029,122,False,0
2023-03-28,P030,58,False,0
2023-03-28,P031,183,False,0
2023-03-28,P032,281,False,0
2023-03-28,P033,139,False,0
2023-03-28,P034,109,False,0
2023-03-28,P035,393,False,0
2023-03-28,P036,189,False,0
2023-03-28,P037,131,False,0
2023-03-28,P038,279,False,0
2023-03-28,P039,479,False,0
2023-03-28,P040,149,False,0
2023-03-29,P001,435,False,0
2023-03-29,P002,247,False,0
2023-03-29,P003,331,False,0
2023-03-29,P004,222,False,0
2023-03-29,P005,350,False,0
2023-03-29,P006,266,False,0
2023-03-29,P007,232,False,0
2023-03-29,P008,249,False,0
2023-03-29,P009,407,False,0
2023-03-29,P010,250,False,0
2023-03-29,P011,335,False,0
2023-03-29,P012,459,False,0
2023-03-29,P013,106,False,0
2023-03-29,P014,315,False,0
2023-03-29,P015,492,False,0
2023-03-29,P016,500,False,0
2023-03-29,P017,448,False,0
2023-03-29,P018,408,False,0
2023-03-29,P019,247,False,0
2023-03-29,P020,450,False,0
2023-03-29,P021,414,False,0
2023-03-29,P022,53,False,0
2023-03-29,P023,50,False,0
2023-03-29,P024,358,False,0
2023-03-29,P025,212,False,0
2023-03-29,P026,81,False,0
2023-03-29,P027,98,False,0
2023-03-29,P028,406,False,0
2023-03-29,P029,122,False,0
2023-03-29,P030,56,False,0
2023-03-29,P031,174,False,0
2023-03-29,P032,281,False,0
2023-03-29,P033,128,False,0
2023-03-29,P034,109,False,0
2023-03-29,P035,384,False,0
2023-03-29,P036,189,False,0
2023-03-29,P037,115,False,0
2023-03-29,P038,279,False,0
2023-03-29,P039,478,False,0
2023-03-29,P040,144,False,0
2023-03-30,P001,435,False,0
2023-03-30,P002,247,False,0
2023-03-30,P003,326,False,0
2023-03-30,P004,212,False,0
2023-03-30,P005,350,False,0
2023-03-30,P006,261,False,0
2023-03-30,P007,224,False,0
2023-03-30,P008,243,False,0
2023-03-30,P009,404,False,0
2023-03-30,P010,250,False,0
2023-03-30,P011,330,False,0
2023-03-30,P012,454,False,0
2023-03-30,P013,106,False,0
2023-03-30,P014,315,False,0
2023-03-30,P015,490,False,0
2023-03-30,P016,500,False,0
2023-03-30,P017,448,False,0
2023-03-30,P018,406,False,0
2023-03-30,P019,241,False,0
2023-03-30,P020,450,False,0
2023-03-30,P021,389,False,0
2023-03-30,P022,500,False,465
2023-03-30,P023,500,False,456
2023-03-30,P024,355,False,0
2023-03-30,P025,207,False,0
2023-03-30,P026,72,False,0
2023-03-30,P027,98,False,0
2023-03-30,P028,397,False,0
2023-03-30,P029,118,False,0
2023-03-30,P030,54,False,0
2023-03-30,P031,158,False,0
2023-03-30,P032,281,False,0
2023-03-30,P033,114,False,0
2023-03-30,P034,109,False,0
2023-03-30,P035,384,False,0
2023-03-30,P036,183,False,0
2023-03-30,P037,114,False,0
2023-03-30,P038,279,False,0
2023-03-30,P039,478,False,0
2023-03-30,P040,139,False,0
2023-03-31,P001,433,False,0
2023-03-31,P002,247,False,0
2023-03-31,P003,326,False,0
2023-03-31,P004,209,False,0
2023-03-31,P005,350,False,0
2023-03-31,P006,261,False,0
2023-03-31,P007,221,False,0
2023-03-31,P008,242,False,0
2023-03-31,P009,395,False,0
2023-03-31,P010,242,False,0
2023-03-31,P011,330,False,0
2023-03-31,P012,454,False,0
2023-03-31,P013,102,False,0
2023-03-31,P014,311,False,0
2023-03-31,P015,488,False,0
2023-03-31,P016,500,False,0
2023-03-31,P017,445,False,0
2023-03-31,P018,399,False,0
2023-03-31,P019,239,False,0
2023-03-31,P020,450,False,0
2023-03-31,P021,384,False,0
2023-03-31,P022,500,False,0
2023-03-31,P023,498,False,0
2023-03-31,P024,350,False,0
2023-03-31,P025,207,False,0
2023-03-31,P026,65,False,0
2023-03-31,P027,87,False,0
2023-03-31,P028,397,False,0
2023-03-31,P029,118,False,0
2023-03-31,P030,52,False,0
2023-03-31,P031,144,False,0
2023-03-31,P032,279,False,0
2023-03-31,P033,102,False,0
2023-03-31,P034,107,False,0
2023-03-31,P035,381,False,0
2023-03-31,P036,176,False,0
2023-03-31,P037,109,False,0
2023-03-31,P038,279,False,0
2023-03-31,P039,473,False,0
2023-03-31,P040,134,False,0
2023-04-01,P001,429,False,0
2023-04-01,P002,244,False,0
2023-04-01,P003,326,False,0
2023-04-01,P004,195,False,0
2023-04-01,P005,348,False,0
2023-04-01,P006,258,False,0
2023-04-01,P007,219,False,0
2023-04-01,P008,238,False,0
2023-04-01,P009,392,False,0
2023-04-01,P010,236,False,0
2023-04-01,P011,330,False,0
2023-04-01,P012,445,False,0
2023-04-01,P013,99,False,0
2023-04-01,P014,311,False,0
2023-04-01,P015,486,False,0
2023-04-01,P016,500,False,0
2023-04-01,P017,438,False,0
2023-04-01,P018,390,False,0
2023-04-01,P019,232,False,0
2023-04-01,P020,450,False,0
2023-04-01,P021,384,False,0
2023-04-01,P022,492,False,0
2023-04-01,P023,496,False,0
2023-04-01,P024,344,False,0
2023-04-01,P025,206,False,0
2023-04-01,P026,62,False,0
2023-04-01,P027,75,False,0
2023-04-01,P028,397,False,0
2023-04-01,P029,114,False,0
2023-04-01,P030,500,False,453
2023-04-01,P031,132,False,0
2023-04-01,P032,278,False,0
2023-04-01,P033,89,False,0
2023-04-01,P034,102,False,0
2023-04-01,P035,380,False,0
2023-04-01,P036,176,False,0
2023-04-01,P037,97,False,0
2023-04-01,P038,279,False,0
2023-04-01,P039,469,False,0
2023-04-01,P040,125,False,0
2023-04-02,P001,429,False,0
2023-04-02,P002,240,False,0
2023-04-02,P003,326,False,0
2023-04-02,P004,194,False,0
2023-04-02,P005,346,False,0
2023-04-02,P006,258,False,0
2023-04-02,P007,215,False,0
2023-04-02,P008,234,False,0
2023-04-02,P009,382,False,0
2023-04-02,P010,236,False,0
2023-04-02,P011,327,False,0
2023-04-02,P012,440,False,0
2023-04-02,P013,96,False,0
2023-04-02,P014,311,False,0
2023-04-02,P015,486,False,0
2023-04-02,P016,500,False,0
2023-04-02,P017,437,False,0
2023-04-02,P018,382,False,0
2023-04-02,P019,229,False,0
2023-04-02,P020,450,False,0
2023-04-02,P021,384,False,0
2023-04-02,P022,484,False,0
2023-04-02,P023,494,False,0
2023-04-02,P024,344,False,0
2023-04-02,P025,206,False,0
2023-04-02,P026,60,False,0
2023-04-02,P027,75,False,0
2023-04-02,P028,390,False,0
2023-04-02,P029,114,False,0
2023-04-02,P030,500,False,0
2023-04-02,P031,126,False,0
2023-04-02,P032,278,False,0
2023-04-02,P033,86,False,0
2023-04-02,P034,100,False,0
2023-04-02,P035,373,False,0
2023-04-02,P036,176,False,0
2023-04-02,P037,97,False,0
2023-04-02,P038,279,False,0
2023-04-02,P039,467,False,0
2023-04-02,P040,124,False,0
2023-04-03,P001,423,False,0
2023-04-03,P002,236,False,0
2023-04-03,P003,289,False,0
2023-04-03,P004,174,False,0
2023-04-03,P005,346,False,0
2023-04-03,P006,250,False,0
2023-04-03,P007,215,False,0
2023-04-03,P008,230,False,0
2023-04-03,P009,381,False,0
2023-04-03,P010,231,False,0
2023-04-03,P011,318,False,0
2023-04-03,P012,436,False,0
2023-04-03,P013,85,False,0
2023-04-03,P014,311,False,0
2023-04-03,P015,481,False,0
2023-04-03,P016,500,False,0
2023-04-03,P017,435,False,0
2023-04-03,P018,375,False,0
2023-04-03,P019,228,False,0
2023-04-03,P020,450,False,0
2023-04-03,P021,366,False,0
2023-04-03,P022,481,False,0
2023-04-03,P023,488,False,0
2023-04-03,P024,337,False,0
2023-04-03,P025,203,False,0
2023-04-03,P026,53,False,0
2023-04-03,P027,73,False,0
2023-04-03,P028,386,False,0
2023-04-03,P029,110,False,0
2023-04-03,P030,494,False,0
2023-04-03,P031,105,False,0
2023-04-03,P032,274,False,0
2023-04-03,P033,78,False,0
2023-04-03,P034,100,False,0
2023-04-03,P035,363,False,0
2023-04-03,P036,176,False,0
2023-04-03,P037,83,False,0
2023-04-03,P038,273,False,0
2023-04-03,P039,454,False,0
2023-04-03,P040,119,False,0
2023-04-04,P001,423,False,0
2023-04-04,P002,231,False,0
2023-04-04,P003,289,False,0
2023-04-04,P004,167,False,0
2023-04-04,P005,336,False,0
2023-04-04,P006,239,False,0
2023-04-04,P007,209,False,0
2023-04-04,P008,214,False,0
2023-04-04,P009,381,False,0
2023-04-04,P010,229,False,0
2023-04-04,P011,316,False,0
2023-04-04,P012,434,False,0
2023-04-04,P013,82,False,0
2023-04-04,P014,305,False,0
2023-04-04,P015,465,False,0
2023-04-04,P016,500,False,0
2023-04-04,P017,435,False,0
2023-04-04,P018,372,False,0
2023-04-04,P019,210,False,0
2023-04-04,P020,450,False,0
2023-04-04,P021,360,False,0
2023-04-04,P022,474,False,0
2023-04-04,P023,484,False,0
2023-04-04,P024,337,False,0
2023-04-04,P025,203,False,0
2023-04-04,P026,500,False,451
2023-04-04,P027,70,False,0
2023-04-04,P028,381,False,0
2023-04-04,P029,106,False,0
2023-04-04,P030,485,False,0
2023-04-04,P031,87,False,0
2023-04-04,P032,269,False,0
2023-04-04,P033,66,False,0
2023-04-04,P034,98,False,0
2023-04-04,P035,363,False,0
2023-04-04,P036,176,False,0
2023-04-04,P037,82,False,0
2023-04-04,P038,273,False,0
2023-04-04,P039,453,False,0
2023-04-04,P040,119,False,0
2023-04-05,P001,423,False,0
2023-04-05,P002,231,False,0
2023-04-05,P003,288,False,0
2023-04-05,P004,165,False,0
2023-04-05,P005,336,False,0
2023-04-05,P006,239,False,0
2023-04-05,P007,197,False,0
2023-04-05,P008,208,False,0
2023-04-05,P009,373,False,0
2023-04-05,P010,224,False,0
2023-04-05,P011,316,False,0
2023-04-05,P012,434,False,0
2023-04-05,P013,82,False,0
2023-04-05,P014,305,False,0
2023-04-05,P015,465,False,0
2023-04-05,P016,500,False,0
2023-04-05,P017,435,False,0
2023-04-05,P018,355,False,0
2023-04-05,P019,208,False,0
2023-04-05,P020,450,False,0
2023-04-05,P021,357,False,0
2023-04-05,P022,474,False,0
2023-04-05,P023,484,False,0
2023-04-05,P024,337,False,0
2023-04-05,P025,203,False,0
2023-04-05,P026,500,False,0
2023-04-05,P027,70,False,0
2023-04-05,P028,379,False,0
2023-04-05,P029,106,False,0
2023-04-05,P030,485,False,0
2023-04-05,P031,71,False,0
2023-04-05,P032,262,False,0
2023-04-05,P033,66,False,0
2023-04-05,P034,98,False,0
2023-04-05,P035,359,False,0
2023-04-05,P036,171,False,0
2023-04-05,P037,82,False,0
2023-04-05,P038,273,False,0
2023-04-05,P039,449,False,0
2023-04-05,P040,119,False,0
2023-04-06,P001,411,False,0
2023-04-06,P002,228,False,0
2023-04-06,P003,283,False,0
2023-04-06,P004,162,False,0
2023-04-06,P005,336,False,0
2023-04-06,P006,228,False,0
2023-04-06,P007,197,False,0
2023-04-06,P008,201,False,0
2023-04-06,P009,363,False,0
2023-04-06,P010,223,False,0
2023-04-06,P011,316,False,0
2023-04-06,P012,434,False,0
2023-04-06,P013,77,False,0
2023-04-06,P014,304,False,0
2023-04-06,P015,463,False,0
2023-04-06,P016,500,False,0
2023-04-06,P017,430,False,0
2023-04-06,P018,350,False,0
2023-04-06,P019,208,False,0
2023-04-06,P020,450,False,0
2023-04-06,P021,352,False,0
2023-04-06,P022,474,False,0
2023-04-06,P023,479,False,0
2023-04-06,P024,333,False,0
2023-04-06,P025,201,False,0
2023-04-06,P026,497,False,0
2023-04-06,P027,70,False,0
2023-04-06,P028,378,False,0
2023-04-06,P029,104,False,0
2023-04-06,P030,485,False,0
2023-04-06,P031,58,False,0
2023-04-06,P032,258,False,0
2023-04-06,P033,61,False,0
2023-04-06,P034,93,False,0
2023-04-06,P035,334,False,0
2023-04-06,P036,163,False,0
2023-04-06,P037,81,False,0
2023-04-06,P038,273,False,0
2023-04-06,P039,449,False,0
2023-04-06,P040,119,False,0
2023-04-07,P001,400,False,0
2023-04-07,P002,228,False,0
2023-04-07,P003,278,False,0
2023-04-07,P004,162,False,0
2023-04-07,P005,336,False,0
2023-04-07,P006,223,False,0
2023-04-07,P007,184,False,0
2023-04-07,P008,184,False,0
2023-04-07,P009,363,False,0
2023-04-07,P010,217,False,0
2023-04-07,P011,315,False,0
2023-04-07,P012,431,False,0
2023-04-07,P013,72,False,0
2023-04-07,P014,304,False,0
2023-04-07,P015,461,False,0
2023-04-07,P016,500,False,0
2023-04-07,P017,425,False,0
2023-04-07,P018,345,False,0
2023-04-07,P019,208,False,0
2023-04-07,P020,450,False,0
2023-04-07,P021,352,False,0
2023-04-07,P022,468,False,0
2023-04-07,P023,479,False,0
2023-04-07,P024,331,False,0
2023-04-07,P025,199,False,0
2023-04-07,P026,488,False,0
2023-04-07,P027,70,False,0
2023-04-07,P028,378,False,0
2023-04-07,P029,99,False,0
2023-04-07,P030,483,False,0
2023-04-07,P031,500,False,467
2023-04-07,P032,255,False,0
2023-04-07,P033,61,False,0
2023-04-07,P034,91,False,0
2023-04-07,P035,326,False,0
2023-04-07,P036,163,False,0
2023-04-07,P037,79,False,0
2023-04-07,P038,273,False,0
2023-04-07,P039,449,False,0
2023-04-07,P040,119,False,0
2023-04-08,P001,395,False,0
2023-04-08,P002,228,False,0
2023-04-08,P003,278,False,0
2023-04-08,P004,150,False,0
2023-04-08,P005,334,False,0
2023-04-08,P006,223,False,0
2023-04-08,P007,179,False,0
2023-04-08,P008,177,False,0
2023-04-08,P009,363,False,0
2023-04-08,P010,214,False,0
2023-04-08,P011,315,False,0
2023-04-08,P012,431,False,0
2023-04-08,P013,72,False,0
2023-04-08,P014,304,False,0
2023-04-08,P015,461,False,0
2023-04-08,P016,500,False,0
2023-04-08,P017,421,False,0
2023-04-08,P018,338,False,0
2023-04-08,P019,192,False,0
2023-04-08,P020,450,False,0
2023-04-08,P021,352,False,0
2023-04-08,P022,466,False,0
2023-04-08,P023,477,False,0
2023-04-08,P024,331,False,0
2023-04-08,P025,199,False,0
2023-04-08,P026,487,False,0
2023-04-08,P027,70,False,0
2023-04-08,P028,376,False,0
2023-04-08,P029,91,False,0
2023-04-08,P030,471,False,0
2023-04-08,P031,497,False,0
2023-04-08,P032,255,False,0
2023-04-08,P033,51,False,0
2023-04-08,P034,89,False,0
2023-04-08,P035,309,False,0
2023-04-08,P036,163,False,0
2023-04-08,P037,78,False,0
2023-04-08,P038,273,False,0
2023-04-08,P039,446,False,0
2023-04-08,P040,117,False,0
2023-04-09,P001,381,False,0
2023-04-09,P002,214,False,0
2023-04-09,P003,278,False,0
2023-04-09,P004,147,False,0
2023-04-09,P005,334,False,0
2023-04-09,P006,223,False,0
2023-04-09,P007,152,False,0
2023-04-09,P008,167,False,0
2023-04-09,P009,357,False,0
2023-04-09,P010,214,False,0
2023-04-09,P011,315,False,0
2023-04-09,P012,428,False,0
2023-04-09,P013,72,False,0
2023-04-09,P014,304,False,0
2023-04-09,P015,458,False,0
2023-04-09,P016,500,False,0
2023-04-09,P017,418,False,0
2023-04-09,P018,330,False,0
2023-04-09,P019,184,False,0
2023-04-09,P020,450,False,0
2023-04-09,P021,336,False,0
2023-04-09,P022,459,False,0
2023-04-09,P023,470,False,0
2023-04-09,P024,331,False,0
2023-04-09,P025,197,False,0
2023-04-09,P026,487,False,0
2023-04-09,P027,64,False,0
2023-04-09,P028,361,False,0
2023-04-09,P029,77,False,0
2023-04-09,P030,466,False,0
2023-04-09,P031,475,False,0
2023-04-09,P032,255,False,0
2023-04-09,P033,500,False,457
2023-04-09,P034,87,False,0
2023-04-09,P035,303,False,0
2023-04-09,P036,160,False,0
2023-04-09,P037,76,False,0
2023-04-09,P038,273,False,0
2023-04-09,P039,440,False,0
2023-04-09,P040,116,False,0
2023-04-10,P001,378,False,0
2023-04-10,P002,214,False,0
2023-04-10,P003,268,False,0
2023-04-10,P004,140,False,0
2023-04-10,P005,320,False,0
2023-04-10,P006,223,False,0
2023-04-10,P007,135,False,0
2023-04-10,P008,143,False,0
2023-04-10,P009,344,False,0
2023-04-10,P010,209,False,0
2023-04-10,P011,315,False,0
2023-04-10,P012,423,False,0
2023-04-10,P013,66,False,0
2023-04-10,P014,304,False,0
2023-04-10,P015,445,False,0
2023-04-10,P016,500,False,0
2023-04-10,P017,415,False,0
2023-04-10,P018,330,False,0
2023-04-10,P019,174,False,0
2023-04-10,P020,450,False,0
2023-04-10,P021,332,False,0
2023-04-10,P022,455,False,0
2023-04-10,P023,466,False,0
2023-04-10,P024,329,False,0
2023-04-10,P025,192,False,0
2023-04-10,P026,481,False,0
2023-04-10,P027,64,False,0
2023-04-10,P028,353,False,0
2023-04-10,P029,73,False,0
2023-04-10,P030,466,False,0
2023-04-10,P031,475,False,0
2023-04-10,P032,255,False,0
2023-04-10,P033,500,False,0
2023-04-10,P034,85,False,0
2023-04-10,P035,300,False,0
2023-04-10,P036,158,False,0
2023-04-10,P037,74,False,0
2023-04-10,P038,273,False,0
2023-04-10,P039,427,False,0
2023-04-10,P040,116,False,0
2023-04-11,P001,373,False,0
2023-04-11,P002,214,False,0
2023-04-11,P003,268,False,0
2023-04-11,P004,127,False,0
2023-04-11,P005,320,False,0
2023-04-11,P006,221,False,0
2023-04-11,P007,130,False,0
2023-04-11,P008,141,False,0
2023-04-11,P009,340,False,0
2023-04-11,P010,204,False,0
2023-04-11,P011,311,False,0
2023-04-11,P012,420,False,0
2023-04-11,P013,62,False,0
2023-04-11,P014,302,False,0
2023-04-11,P015,443,False,0
2023-04-11,P016,500,False,0
2023-04-11,P017,408,False,0
2023-04-11,P018,325,False,0
2023-04-11,P019,174,False,0
2023-04-11,P020,450,False,0
2023-04-11,P021,329,False,0
2023-04-11,P022,454,False,0
2023-04-11,P023,466,False,0
2023-04-11,P024,324,False,0
2023-04-11,P025,183,False,0
2023-04-11,P026,466,False,0
2023-04-11,P027,500,False,465
2023-04-11,P028,353,False,0
2023-04-11,P029,64,False,0
2023-04-11,P030,458,False,0
2023-04-11,P031,455,False,0
2023-04-11,P032,255,False,0
2023-04-11,P033,499,False,0
2023-04-11,P034,80,False,0
2023-04-11,P035,273,False,0
2023-04-11,P036,150,False,0
2023-04-11,P037,69,False,0
2023-04-11,P038,273,False,0
2023-04-11,P039,427,False,0
2023-04-11,P040,110,False,0
2023-04-12,P001,373,False,0
2023-04-12,P002,214,False,0
2023-04-12,P003,263,False,0
2023-04-12,P004,113,False,0
2023-04-12,P005,320,False,0
2023-04-12,P006,216,False,0
2023-04-12,P007,125,False,0
2023-04-12,P008,138,False,0
2023-04-12,P009,335,False,0
2023-04-12,P010,203,False,0
2023-04-12,P011,303,False,0
2023-04-12,P012,420,False,0
2023-04-12,P013,53,False,0
2023-04-12,P014,301,False,0
2023-04-12,P015,440,False,0
2023-04-12,P016,500,False,0
2023-04-12,P017,404,False,0
2023-04-12,P018,324,False,0
2023-04-12,P019,169,False,0
2023-04-12,P020,450,False,0
2023-04-12,P021,323,False,0
2023-04-12,P022,452,False,0
2023-04-12,P023,459,False,0
2023-04-12,P024,324,False,0
2023-04-12,P025,177,False,0
2023-04-12,P026,466,False,0
2023-04-12,P027,498,False,0
2023-04-12,P028,351,False,0
2023-04-12,P029,61,False,0
2023-04-12,P030,453,False,0
2023-04-12,P031,446,False,0
2023-04-12,P032,255,False,0
2023-04-12,P033,490,False,0
2023-04-12,P034,80,False,0
2023-04-12,P035,260,False,0
2023-04-12,P036,144,False,0
2023-04-12,P037,66,False,0
2023-04-12,P038,272,False,0
2023-04-12,P039,423,False,0
2023-04-12,P040,101,False,0
2023-04-13,P001,370,False,0
2023-04-13,P002,210,False,0
2023-04-13,P003,263,False,0
2023-04-13,P004,95,False,0
2023-04-13,P005,320,False,0
2023-04-13,P006,216,False,0
2023-04-13,P007,119,False,0
2023-04-13,P008,127,False,0
2023-04-13,P009,328,False,0
2023-04-13,P010,199,False,0
2023-04-13,P011,303,False,0
2023-04-13,P012,413,False,0
2023-04-13,P013,500,False,456
2023-04-13,P014,301,False,0
2023-04-13,P015,432,False,0
2023-04-13,P016,500,False,0
2023-04-13,P017,396,False,0
2023-04-13,P018,314,False,0
2023-04-13,P019,164,False,0
2023-04-13,P020,450,False,0
2023-04-13,P021,311,False,0
2023-04-13,P022,448,False,0
2023-04-13,P023,452,False,0
2023-04-13,P024,324,False,0
2023-04-13,P025,174,False,0
2023-04-13,P026,463,False,0
2023-04-13,P027,495,False,0
2023-04-13,P028,349,False,0
2023-04-13,P029,57,False,0
2023-04-13,P030,452,False,0
2023-04-13,P031,441,False,0
2023-04-13,P032,255,False,0
2023-04-13,P033,482,False,0
2023-04-13,P034,75,False,0
2023-04-13,P035,259,False,0
2023-04-13,P036,139,False,0
2023-04-13,P037,62,False,0
2023-04-13,P038,272,False,0
2023-04-13,P039,403,False,0
2023-04-13,P040,63,False,0
2023-04-14,P001,364,False,0
2023-04-14,P002,210,False,0
2023-04-14,P003,262,False,0
2023-04-14,P004,90,False,0
2023-04-14,P005,320,False,0
2023-04-14,P006,216,False,0
2023-04-14,P007,106,False,0
2023-04-14,P008,119,False,0
2023-04-14,P009,322,False,0
2023-04-14,P010,186,False,0
2023-04-14,P011,296,False,0
2023-04-14,P012,406,False,0
2023-04-14,P013,478,False,0
2023-04-14,P014,297,False,0
2023-04-14,P015,432,False,0
2023-04-14,P016,500,False,0
2023-04-14,P017,387,False,0
2023-04-14,P018,314,False,0
2023-04-14,P019,164,False,0
2023-04-14,P020,450,False,0
2023-04-14,P021,309,False,0
2023-04-14,P022,444,False,0
2023-04-14,P023,452,False,0
2023-04-14,P024,324,False,0
2023-04-14,P025,161,False,0
2023-04-14,P026,463,False,0
2023-04-14,P027,490,False,0
2023-04-14,P028,344,False,0
2023-04-14,P029,53,False,0
2023-04-14,P030,452,False,0
2023-04-14,P031,429,False,0
2023-04-14,P032,255,False,0
2023-04-14,P033,467,False,0
2023-04-14,P034,74,False,0
2023-04-14,P035,251,False,0
2023-04-14,P036,139,False,0
2023-04-14,P037,53,False,0
2023-04-14,P038,272,False,0
2023-04-14,P039,403,False,0
2023-04-14,P040,58,False,0
2023-04-15,P001,359,False,0
2023-04-15,P002,207,False,0
2023-04-15,P003,262,False,0
2023-04-15,P004,86,False,0
2023-04-15,P005,320,False,0
2023-04-15,P006,216,False,0
2023-04-15,P007,100,False,0
2023-04-15,P008,119,False,0
2023-04-15,P009,311,False,0
2023-04-15,P010,186,False,0
2023-04-15,P011,296,False,0
2023-04-15,P012,400,False,0
2023-04-15,P013,478,False,0
2023-04-15,P014,297,False,0
2023-04-15,P015,427,False,0
2023-04-15,P016,500,False,0
2023-04-15,P017,387,False,0
2023-04-15,P018,314,False,0
2023-04-15,P019,159,False,0
2023-04-15,P020,450,False,0
2023-04-15,P021,309,False,0
2023-04-15,P022,443,False,0
2023-04-15,P023,447,False,0
2023-04-15,P024,324,False,0
2023-04-15,P025,159,False,0
2023-04-15,P026,462,False,0
2023-04-15,P027,488,False,0
2023-04-15,P028,340,False,0
2023-04-15,P029,53,False,0
2023-04-15,P030,449,False,0
2023-04-15,P031,420,False,0
2023-04-15,P032,255,False,0
2023-04-15,P033,452,False,0
2023-04-15,P034,66,False,0
2023-04-15,P035,226,False,0
2023-04-15,P036,138,False,0
2023-04-15,P037,52,False,0
2023-04-15,P038,271,False,0
2023-04-15,P039,403,False,0
2023-04-15,P040,57,False,0
2023-04-16,P001,351,False,0
2023-04-16,P002,203,False,0
2023-04-16,P003,252,False,0
2023-04-16,P004,68,False,0
2023-04-16,P005,319,False,0
2023-04-16,P006,216,False,0
2023-04-16,P007,100,False,0
2023-04-16,P008,116,False,0
2023-04-16,P009,295,False,0
2023-04-16,P010,182,False,0
2023-04-16,P011,296,False,0
2023-04-16,P012,389,False,0
2023-04-16,P013,460,False,0
2023-04-16,P014,296,False,0
2023-04-16,P015,425,False,0
2023-04-16,P016,500,False,0
2023-04-16,P017,369,False,0
2023-04-16,P018,309,False,0
2023-04-16,P019,158,False,0
2023-04-16,P020,450,False,0
2023-04-16,P021,299,False,0
2023-04-16,P022,435,False,0
2023-04-16,P023,443,False,0
2023-04-16,P024,324,False,0
2023-04-16,P025,159,False,0
2023-04-16,P026,450,False,0
2023-04-16,P027,479,False,0
2023-04-16,P028,332,False,0
2023-04-16,P029,53,False,0
2023-04-16,P030,443,False,0
2023-04-16,P031,403,False,0
2023-04-16,P032,245,False,0
2023-04-16,P033,449,False,0
2023-04-16,P034,66,False,0
2023-04-16,P035,224,False,0
2023-04-16,P036,137,False,0
2023-04-16,P037,52,False,0
2023-04-16,P038,271,False,0
2023-04-16,P039,399,False,0
2023-04-16,P040,500,False,458
2023-04-17,P001,342,False,0
2023-04-17,P002,203,False,0
2023-04-17,P003,247,False,0
2023-04-17,P004,500,False,461
2023-04-17,P005,312,False,0
2023-04-17,P006,209,False,0
2023-04-17,P007,88,False,0
2023-04-17,P008,99,False,0
2023-04-17,P009,281,False,0
2023-04-17,P010,177,False,0
2023-04-17,P011,294,False,0
2023-04-17,P012,387,False,0
2023-04-17,P013,456,False,0
2023-04-17,P014,294,False,0
2023-04-17,P015,424,False,0
2023-04-17,P016,500,False,0
2023-04-17,P017,365,False,0
2023-04-17,P018,308,False,0
2023-04-17,P019,155,False,0
2023-04-17,P020,450,False,0
2023-04-17,P021,294,False,0
2023-04-17,P022,432,False,0
2023-04-17,P023,440,False,0
2023-04-17,P024,320,False,0
2023-04-17,P025,146,False,0
2023-04-17,P026,447,False,0
2023-04-17,P027,471,False,0
2023-04-17,P028,320,False,0
2023-04-17,P029,500,False,457
2023-04-17,P030,439,False,0
2023-04-17,P031,394,False,0
2023-04-17,P032,242,False,0
2023-04-17,P033,443,False,0
2023-04-17,P034,57,False,0
2023-04-17,P035,223,False,0
2023-04-17,P036,137,False,0
2023-04-17,P037,52,False,0
2023-04-17,P038,271,False,0
2023-04-17,P039,394,False,0
2023-04-17,P040,500,False,0
2023-04-18,P001,342,False,0
2023-04-18,P002,203,False,0
2023-04-18,P003,247,False,0
2023-04-18,P004,500,False,0
2023-04-18,P005,312,False,0
2023-04-18,P006,209,False,0
2023-04-18,P007,83,False,0
2023-04-18,P008,99,False,0
2023-04-18,P009,272,False,0
2023-04-18,P010,173,False,0
2023-04-18,P011,294,False,0
2023-04-18,P012,367,False,0
2023-04-18,P013,456,False,0
2023-04-18,P014,292,False,0
2023-04-18,P015,418,False,0
2023-04-18,P016,500,False,0
2023-04-18,P017,359,False,0
2023-04-18,P018,304,False,0
2023-04-18,P019,150,False,0
2023-04-18,P020,450,False,0
2023-04-18,P021,294,False,0
2023-04-18,P022,427,False,0
2023-04-18,P023,439,False,0
2023-04-18,P024,320,False,0
2023-04-18,P025,146,False,0
2023-04-18,P026,445,False,0
2023-04-18,P027,471,False,0
2023-04-18,P028,317,False,0
2023-04-18,P029,496,False,0
2023-04-18,P030,439,False,0
2023-04-18,P031,384,False,0
2023-04-18,P032,236,False,0
2023-04-18,P033,431,False,0
2023-04-18,P034,52,False,0
2023-04-18,P035,213,False,0
2023-04-18,P036,137,False,0
2023-04-18,P037,500,False,460
2023-04-18,P038,271,False,0
2023-04-18,P039,394,False,0
2023-04-18,P040,496,False,0
2023-04-19,P001,336,False,0
2023-04-19,P002,192,False,0
2023-04-19,P003,247,False,0
2023-04-19,P004,489,False,0
2023-04-19,P005,312,False,0
2023-04-19,P006,206,False,0
2023-04-19,P007,500,False,454
2023-04-19,P008,86,False,0
2023-04-19,P009,269,False,0
2023-04-19,P010,169,False,0
2023-04-19,P011,289,False,0
2023-04-19,P012,365,False,0
2023-04-19,P013,448,False,0
2023-04-19,P014,292,False,0
2023-04-19,P015,418,False,0
2023-04-19,P016,500,False,0
2023-04-19,P017,358,False,0
2023-04-19,P018,299,False,0
2023-04-19,P019,150,False,0
2023-04-19,P020,450,False,0
2023-04-19,P021,294,False,0
2023-04-19,P022,423,False,0
2023-04-19,P023,439,False,0
2023-04-19,P024,319,False,0
2023-04-19,P025,146,False,0
2023-04-19,P026,445,False,0
2023-04-19,P027,469,False,0
2023-04-19,P028,313,False,0
2023-04-19,P029,493,False,0
2023-04-19,P030,433,False,0
2023-04-19,P031,381,False,0
2023-04-19,P032,230,False,0
2023-04-19,P033,424,False,0
2023-04-19,P034,500,False,452
2023-04-19,P035,208,False,0
2023-04-19,P036,136,False,0
2023-04-19,P037,499,False,0
2023-04-19,P038,271,False,0
2023-04-19,P039,392,False,0
2023-04-19,P040,487,False,0
2023-04-20,P001,334,False,0
2023-04-20,P002,185,False,0
2023-04-20,P003,247,False,0
2023-04-20,P004,489,False,0
2023-04-20,P005,312,False,0
2023-04-20,P006,205,False,0
2023-04-20,P007,488,False,0
2023-04-20,P008,77,False,0
2023-04-20,P009,266,False,0
2023-04-20,P010,167,False,0
2023-04-20,P011,286,False,0
2023-04-20,P012,365,False,0
2023-04-20,P013,445,False,0
2023-04-20,P014,292,False,0
2023-04-20,P015,417,False,0
2023-04-20,P016,500,False,0
2023-04-20,P017,351,False,0
2023-04-20,P018,298,False,0
2023-04-20,P019,150,False,0
2023-04-20,P020,450,False,0
2023-04-20,P021,286,False,0
2023-04-20,P022,423,False,0
2023-04-20,P023,439,False,0
2023-04-20,P024,319,False,0
2023-04-20,P025,146,False,0
2023-04-20,P026,436,False,0
2023-04-20,P027,469,False,0
2023-04-20,P028,311,False,0
2023-04-20,P029,483,False,0
2023-04-20,P030,433,False,0
2023-04-20,P031,364,False,0
2023-04-20,P032,230,False,0
2023-04-20,P033,411,False,0
2023-04-20,P034,496,False,0
2023-04-20,P035,208,False,0
2023-04-20,P036,133,False,0
2023-04-20,P037,494,False,0
2023-04-20,P038,271,False,0
2023-04-20,P039,392,False,0
2023-04-20,P040,468,False,0
2023-04-21,P001,333,False,0
2023-04-21,P002,184,False,0
2023-04-21,P003,245,False,0
2023-04-21,P004,487,False,0
2023-04-21,P005,312,False,0
2023-04-21,P006,205,False,0
2023-04-21,P007,481,False,0
2023-04-21,P008,70,False,0
2023-04-21,P009,263,False,0
2023-04-21,P010,167,False,0
2023-04-21,P011,286,False,0
2023-04-21,P012,362,False,0
2023-04-21,P013,444,False,0
2023-04-21,P014,288,False,0
2023-04-21,P015,409,False,0
2023-04-21,P016,500,False,0
2023-04-21,P017,346,False,0
2023-04-21,P018,293,False,0
2023-04-21,P019,144,False,0
2023-04-21,P020,444,False,0
2023-04-21,P021,281,False,0
2023-04-21,P022,420,False,0
2023-04-21,P023,435,False,0
2023-04-21,P024,319,False,0
2023-04-21,P025,142,False,0
2023-04-21,P026,428,False,0
2023-04-21,P027,457,False,0
2023-04-21,P028,301,False,0
2023-04-21,P029,483,False,0
2023-04-21,P030,422,False,0
2023-04-21,P031,364,False,0
2023-04-21,P032,230,False,0
2023-04-21,P033,410,False,0
2023-04-21,P034,491,False,0
2023-04-21,P035,208,False,0
2023-04-21,P036,132,False,0
2023-04-21,P037,488,False,0
2023-04-21,P038,271,False,0
2023-04-21,P039,392,False,0
2023-04-21,P040,468,False,0
2023-04-22,P001,329,False,0
2023-04-22,P002,184,False,0
2023-04-22,P003,243,False,0
2023-04-22,P004,474,False,0
2023-04-22,P005,308,False,0
2023-04-22,P006,204,False,0
2023-04-22,P007,466,False,0
2023-04-22,P008,58,False,0
2023-04-22,P009,263,False,0
2023-04-22,P010,160,False,0
2023-04-22,P011,286,False,0
2023-04-22,P012,348,False,0
2023-04-22,P013,437,False,0
2023-04-22,P014,288,False,0
2023-04-22,P015,408,False,0
2023-04-22,P016,500,False,0
2023-04-22,P017,341,False,0
2023-04-22,P018,289,False,0
2023-04-22,P019,136,False,0
2023-04-22,P020,444,False,0
2023-04-22,P021,277,False,0
2023-04-22,P022,414,False,0
2023-04-22,P023,425,False,0
2023-04-22,P024,318,False,0
2023-04-22,P025,140,False,0
2023-04-22,P026,424,False,0
2023-04-22,P027,457,False,0
2023-04-22,P028,295,False,0
2023-04-22,P029,483,False,0
2023-04-22,P030,419,False,0
2023-04-22,P031,360,False,0
2023-04-22,P032,230,False,0
2023-04-22,P033,404,False,0
2023-04-22,P034,487,False,0
2023-04-22,P035,208,False,0
2023-04-22,P036,132,False,0
2023-04-22,P037,482,False,0
2023-04-22,P038,271,False,0
2023-04-22,P039,383,False,0
2023-04-22,P040,468,False,0
2023-04-23,P001,304,False,0
2023-04-23,P002,184,False,0
2023-04-23,P003,239,False,0
2023-04-23,P004,421,False,0
2023-04-23,P005,302,False,0
2023-04-23,P006,201,False,0
2023-04-23,P007,438,False,0
2023-04-23,P008,500,False,454
2023-04-23,P009,247,False,0
2023-04-23,P010,157,False,0
2023-04-23,P011,286,False,0
2023-04-23,P012,344,False,0
2023-04-23,P013,437,False,0
2023-04-23,P014,288,False,0
2023-04-23,P015,403,False,0
2023-04-23,P016,500,False,0
2023-04-23,P017,341,False,0
2023-04-23,P018,267,False,0
2023-04-23,P019,133,False,0
2023-04-23,P020,444,False,0
2023-04-23,P021,271,False,0
2023-04-23,P022,409,False,0
2023-04-23,P023,425,False,0
2023-04-23,P024,318,False,0
2023-04-23,P025,137,False,0
2023-04-23,P026,423,False,0
2023-04-23,P027,440,False,0
2023-04-23,P028,283,False,0
2023-04-23,P029,471,False,0
2023-04-23,P030,413,False,0
2023-04-23,P031,344,False,0
2023-04-23,P032,229,False,0
2023-04-23,P033,403,False,0
2023-04-23,P034,483,False,0
2023-04-23,P035,199,False,0
2023-04-23,P036,125,False,0
2023-04-23,P037,475,False,0
2023-04-23,P038,271,False,0
2023-04-23,P039,382,False,0
2023-04-23,P040,459,False,0
2023-04-24,P001,284,False,0
2023-04-24,P002,183,False,0
2023-04-24,P003,233,False,0
2023-04-24,P004,412,False,0
2023-04-24,P005,302,False,0
2023-04-24,P006,201,False,0
2023-04-24,P007,426,False,0
2023-04-24,P008,491,False,0
2023-04-24,P009,237,False,0
2023-04-24,P010,157,False,0
2023-04-24,P011,286,False,0
2023-04-24,P012,340,False,0
2023-04-24,P013,427,False,0
2023-04-24,P014,285,False,0
2023-04-24,P015,403,False,0
2023-04-24,P016,500,False,0
2023-04-24,P017,341,False,0
2023-04-24,P018,242,False,0
2023-04-24,P019,129,False,0
2023-04-24,P020,444,False,0
2023-04-24,P021,258,False,0
2023-04-24,P022,399,False,0
2023-04-24,P023,420,False,0
2023-04-24,P024,317,False,0
2023-04-24,P025,131,False,0
2023-04-24,P026,419,False,0
2023-04-24,P027,438,False,0
2023-04-24,P028,275,False,0
2023-04-24,P029,467,False,0
2023-04-24,P030,409,False,0
2023-04-24,P031,341,False,0
2023-04-24,P032,224,False,0
2023-04-24,P033,386,False,0
2023-04-24,P034,479,False,0
2023-04-24,P035,186,False,0
2023-04-24,P036,111,False,0
2023-04-24,P037,465,False,0
2023-04-24,P038,264,False,0
2023-04-24,P039,380,False,0
2023-04-24,P040,456,False,0
2023-04-25,P001,279,False,0
2023-04-25,P002,172,False,0
2023-04-25,P003,230,False,0
2023-04-25,P004,401,False,0
2023-04-25,P005,301,False,0
2023-04-25,P006,201,False,0
2023-04-25,P007,419,False,0
2023-04-25,P008,488,False,0
2023-04-25,P009,233,False,0
2023-04-25,P010,157,False,0
2023-04-25,P011,281,False,0
2023-04-25,P012,335,False,0
2023-04-25,P013,426,False,0
2023-04-25,P014,284,False,0
2023-04-25,P015,398,False,0
2023-04-25,P016,500,False,0
2023-04-25,P017,336,False,0
2023-04-25,P018,234,False,0
2023-04-25,P019,120,False,0
2023-04-25,P020,444,False,0
2023-04-25,P021,258,False,0
2023-04-25,P022,399,False,0
2023-04-25,P023,406,False,0
2023-04-25,P024,313,False,0
2023-04-25,P025,125,False,0
2023-04-25,P026,419,False,0
2023-04-25,P027,421,False,0
2023-04-25,P028,270,False,0
2023-04-25,P029,461,False,0
2023-04-25,P030,406,False,0
2023-04-25,P031,337,False,0
2023-04-25,P032,214,False,0
2023-04-25,P033,365,False,0
2023-04-25,P034,476,False,0
2023-04-25,P035,183,False,0
2023-04-25,P036,106,False,0
2023-04-25,P037,460,False,0
2023-04-25,P038,264,False,0
2023-04-25,P039,373,False,0
2023-04-25,P040,454,False,0
2023-04-26,P001,279,False,0
2023-04-26,P002,170,False,0
2023-04-26,P003,230,False,0
2023-04-26,P004,397,False,0
2023-04-26,P005,301,False,0
2023-04-26,P006,201,False,0
2023-04-26,P007,413,False,0
2023-04-26,P008,483,False,0
2023-04-26,P009,227,False,0
2023-04-26,P010,157,False,0
2023-04-26,P011,281,False,0
2023-04-26,P012,335,False,0
2023-04-26,P013,421,False,0
2023-04-26,P014,278,False,0
2023-04-26,P015,395,False,0
2023-04-26,P016,500,False,0
2023-04-26,P017,332,False,0
2023-04-26,P018,223,False,0
2023-04-26,P019,120,False,0
2023-04-26,P020,444,False,0
2023-04-26,P021,249,False,0
2023-04-26,P022,394,False,0
2023-04-26,P023,406,False,0
2023-04-26,P024,313,False,0
2023-04-26,P025,119,False,0
2023-04-26,P026,417,False,0
2023-04-26,P027,421,False,0
2023-04-26,P028,268,False,0
2023-04-26,P029,461,False,0
2023-04-26,P030,402,False,0
2023-04-26,P031,337,False,0
2023-04-26,P032,214,False,0
2023-04-26,P033,360,False,0
2023-04-26,P034,471,False,0
2023-04-26,P035,179,False,0
2023-04-26,P036,103,False,0
2023-04-26,P037,455,False,0
2023-04-26,P038,262,False,0
2023-04-26,P039,355,False,0
2023-04-26,P040,454,False,0
2023-04-27,P001,279,False,0
2023-04-27,P002,167,False,0
2023-04-27,P003,227,False,0
2023-04-27,P004,382,False,0
2023-04-27,P005,300,False,0
2023-04-27,P006,201,False,0
2023-04-27,P007,400,False,0
2023-04-27,P008,475,False,0
2023-04-27,P009,211,False,0
2023-04-27,P010,138,False,0
2023-04-27,P011,281,False,0
2023-04-27,P012,331,False,0
2023-04-27,P013,421,False,0
2023-04-27,P014,274,False,0
2023-04-27,P015,393,False,0
2023-04-27,P016,500,False,0
2023-04-27,P017,331,False,0
2023-04-27,P018,214,False,0
2023-04-27,P019,120,False,0
2023-04-27,P020,444,False,0
2023-04-27,P021,240,False,0
2023-04-27,P022,393,False,0
2023-04-27,P023,406,False,0
2023-04-27,P024,309,False,0
2023-04-27,P025,115,False,0
2023-04-27,P026,412,False,0
2023-04-27,P027,418,False,0
2023-04-27,P028,268,False,0
2023-04-27,P029,457,False,0
2023-04-27,P030,398,False,0
2023-04-27,P031,319,False,0
2023-04-27,P032,214,False,0
2023-04-27,P033,358,False,0
2023-04-27,P034,470,False,0
2023-04-27,P035,179,False,0
2023-04-27,P036,96,False,0
2023-04-27,P037,452,False,0
2023-04-27,P038,262,False,0
2023-04-27,P039,355,False,0
2023-04-27,P040,454,False,0
2023-04-28,P001,278,False,0
2023-04-28,P002,167,False,0
2023-04-28,P003,225,False,0
2023-04-28,P004,347,False,0
2023-04-28,P005,295,False,0
2023-04-28,P006,201,False,0
2023-04-28,P007,392,False,0
2023-04-28,P008,474,False,0
2023-04-28,P009,205,False,0
2023-04-28,P010,137,False,0
2023-04-28,P011,280,False,0
2023-04-28,P012,331,False,0
2023-04-28,P013,415,False,0
2023-04-28,P014,270,False,0
2023-04-28,P015,393,False,0
2023-04-28,P016,500,False,0
2023-04-28,P017,328,False,0
2023-04-28,P018,205,False,0
2023-04-28,P019,120,False,0
2023-04-28,P020,444,False,0
2023-04-28,P021,236,False,0
2023-04-28,P022,386,False,0
2023-04-28,P023,404,False,0
2023-04-28,P024,309,False,0
2023-04-28,P025,106,False,0
2023-04-28,P026,411,False,0
2023-04-28,P027,418,False,0
2023-04-28,P028,253,False,0
2023-04-28,P029,456,False,0
2023-04-28,P030,393,False,0
2023-04-28,P031,306,False,0
2023-04-28,P032,207,False,0
2023-04-28,P033,352,False,0
2023-04-28,P034,464,False,0
2023-04-28,P035,179,False,0
2023-04-28,P036,96,False,0
2023-04-28,P037,450,False,0
2023-04-28,P038,262,False,0
2023-04-28,P039,355,False,0
2023-04-28,P040,443,False,0
2023-04-29,P001,278,False,0
2023-04-29,P002,162,False,0
2023-04-29,P003,225,False,0
2023-04-29,P004,337,False,0
2023-04-29,P005,295,False,0
2023-04-29,P006,201,False,0
2023-04-29,P007,388,False,0
2023-04-29,P008,472,False,0
2023-04-29,P009,189,False,0
2023-04-29,P010,137,False,0
2023-04-29,P011,280,False,0
2023-04-29,P012,316,False,0
2023-04-29,P013,411,False,0
2023-04-29,P014,270,False,0
2023-04-29,P015,393,False,0
2023-04-29,P016,500,False,0
2023-04-29,P017,328,False,0
2023-04-29,P018,204,False,0
2023-04-29,P019,113,False,0
2023-04-29,P020,444,False,0
2023-04-29,P021,236,False,0
2023-04-29,P022,386,False,0
2023-04-29,P023,404,False,0
2023-04-29,P024,309,False,0
2023-04-29,P025,102,False,0
2023-04-29,P026,404,False,0
2023-04-29,P027,413,False,0
2023-04-29,P028,249,False,0
2023-04-29,P029,453,False,0
2023-04-29,P030,389,False,0
2023-04-29,P031,301,False,0
2023-04-29,P032,205,False,0
2023-04-29,P033,345,False,0
2023-04-29,P034,464,False,0
2023-04-29,P035,175,False,0
2023-04-29,P036,95,False,0
2023-04-29,P037,450,False,0
2023-04-29,P038,262,False,0
2023-04-29,P039,355,False,0
2023-04-29,P040,442,False,0
2023-04-30,P001,270,False,0
2023-04-30,P002,159,False,0
2023-04-30,P003,223,False,0
2023-04-30,P004,325,False,0
2023-04-30,P005,295,False,0
2023-04-30,P006,199,False,0
2023-04-30,P007,379,False,0
2023-04-30,P008,464,False,0
2023-04-30,P009,182,False,0
2023-04-30,P010,124,False,0
2023-04-30,P011,273,False,0
2023-04-30,P012,312,False,0
2023-04-30,P013,409,False,0
2023-04-30,P014,268,False,0
2023-04-30,P015,393,False,0
2023-04-30,P016,500,False,0
2023-04-30,P017,328,False,0
2023-04-30,P018,196,False,0
2023-04-30,P019,113,False,0
2023-04-30,P020,444,False,0
2023-04-30,P021,236,False,0
2023-04-30,P022,378,False,0
2023-04-30,P023,394,False,0
2023-04-30,P024,306,False,0
2023-04-30,P025,102,False,0
2023-04-30,P026,392,False,0
2023-04-30,P027,409,False,0
2023-04-30,P028,237,False,0
2023-04-30,P029,444,False,0
2023-04-30,P030,388,False,0
2023-04-30,P031,278,False,0
2023-04-30,P032,201,False,0
2023-04-30,P033,329,False,0
2023-04-30,P034,445,False,0
2023-04-30,P035,168,False,0
2023-04-30,P036,90,False,0
2023-04-30,P037,450,False,0
2023-04-30,P038,262,False,0
2023-04-30,P039,349,False,0
2023-04-30,P040,433,False,0
2023-05-01,P001,270,False,0
2023-05-01,P002,159,False,0
2023-05-01,P003,222,False,0
2023-05-01,P004,322,False,0
2023-05-01,P005,295,False,0
2023-05-01,P006,199,False,0
2023-05-01,P007,370,False,0
2023-05-01,P008,458,False,0
2023-05-01,P009,168,False,0
2023-05-01,P010,122,False,0
2023-05-01,P011,269,False,0
2023-05-01,P012,309,False,0
2023-05-01,P013,406,False,0
2023-05-01,P014,260,False,0
2023-05-01,P015,383,False,0
2023-05-01,P016,500,False,0
2023-05-01,P017,324,False,0
2023-05-01,P018,196,False,0
2023-05-01,P019,113,False,0
2023-05-01,P020,444,False,0
2023-05-01,P021,229,False,0
2023-05-01,P022,373,False,0
2023-05-01,P023,391,False,0
2023-05-01,P024,302,False,0
2023-05-01,P025,102,False,0
2023-05-01,P026,392,False,0
2023-05-01,P027,405,False,0
2023-05-01,P028,232,False,0
2023-05-01,P029,440,False,0
2023-05-01,P030,382,False,0
2023-05-01,P031,272,False,0
2023-05-01,P032,198,False,0
2023-05-01,P033,314,False,0
2023-05-01,P034,437,False,0
2023-05-01,P035,166,False,0
2023-05-01,P036,86,False,0
2023-05-01,P037,440,False,0
2023-05-01,P038,262,False,0
2023-05-01,P039,346,False,0
2023-05-01,P040,429,False,0
2023-05-02,P001,264,False,0
2023-05-02,P002,153,False,0
2023-05-02,P003,220,False,0
2023-05-02,P004,316,False,0
2023-05-02,P005,295,False,0
2023-05-02,P006,197,False,0
2023-05-02,P007,337,False,0
2023-05-02,P008,455,False,0
2023-05-02,P009,161,False,0
2023-05-02,P010,118,False,0
2023-05-02,P011,269,False,0
2023-05-02,P012,302,False,0
2023-05-02,P013,393,False,0
2023-05-02,P014,260,False,0
2023-05-02,P015,366,False,0
2023-05-02,P016,500,False,0
2023-05-02,P017,322,False,0
2023-05-02,P018,192,False,0
2023-05-02,P019,113,False,0
2023-05-02,P020,444,False,0
2023-05-02,P021,226,False,0
2023-05-02,P022,373,False,0
2023-05-02,P023,386,False,0
2023-05-02,P024,296,False,0
2023-05-02,P025,102,False,0
2023-05-02,P026,392,False,0
2023-05-02,P027,405,False,0
2023-05-02,P028,219,False,0
2023-05-02,P029,440,False,0
2023-05-02,P030,382,False,0
2023-05-02,P031,258,False,0
2023-05-02,P032,195,False,0
2023-05-02,P033,311,False,0
2023-05-02,P034,436,False,0
2023-05-02,P035,158,False,0
2023-05-02,P036,86,False,0
2023-05-02,P037,430,False,0
2023-05-02,P038,258,False,0
2023-05-02,P039,344,False,0
2023-05-02,P040,419,False,0
2023-05-03,P001,264,False,0
2023-05-03,P002,149,False,0
2023-05-03,P003,215,False,0
2023-05-03,P004,307,False,0
2023-05-03,P005,295,False,0
2023-05-03,P006,175,False,0
2023-05-03,P007,330,False,0
2023-05-03,P008,451,False,0
2023-05-03,P009,158,False,0
2023-05-03,P010,114,False,0
2023-05-03,P011,269,False,0
2023-05-03,P012,302,False,0
2023-05-03,P013,380,False,0
2023-05-03,P014,255,False,0
2023-05-03,P015,361,False,0
2023-05-03,P016,500,False,0
2023-05-03,P017,318,False,0
2023-05-03,P018,191,False,0
2023-05-03,P019,113,False,0
2023-05-03,P020,444,False,0
2023-05-03,P021,224,False,0
2023-05-03,P022,373,False,0
2023-05-03,P023,377,False,0
2023-05-03,P024,295,False,0
2023-05-03,P025,82,False,0
2023-05-03,P026,392,False,0
2023-05-03,P027,398,False,0
2023-05-03,P028,217,False,0
2023-05-03,P029,440,False,0
2023-05-03,P030,379,False,0
2023-05-03,P031,251,False,0
2023-05-03,P032,191,False,0
2023-05-03,P033,300,False,0
2023-05-03,P034,436,False,0
2023-05-03,P035,158,False,0
2023-05-03,P036,81,False,0
2023-05-03,P037,409,False,0
2023-05-03,P038,258,False,0
2023-05-03,P039,334,False,0
2023-05-03,P040,419,False,0
2023-05-04,P001,259,False,0
2023-05-04,P002,149,False,0
2023-05-04,P003,215,False,0
2023-05-04,P004,307,False,0
2023-05-04,P005,295,False,0
2023-05-04,P006,175,False,0
2023-05-04,P007,322,False,0
2023-05-04,P008,445,False,0
2023-05-04,P009,154,False,0
2023-05-04,P010,114,False,0
2023-05-04,P011,268,False,0
2023-05-04,P012,298,False,0
2023-05-04,P013,372,False,0
2023-05-04,P014,250,False,0
2023-05-04,P015,345,False,0
2023-05-04,P016,500,False,0
2023-05-04,P017,316,False,0
2023-05-04,P018,185,False,0
2023-05-04,P019,113,False,0
2023-05-04,P020,444,False,0
2023-05-04,P021,222,False,0
2023-05-04,P022,365,False,0
2023-05-04,P023,376,False,0
2023-05-04,P024,295,False,0
2023-05-04,P025,77,False,0
2023-05-04,P026,388,False,0
2023-05-04,P027,394,False,0
2023-05-04,P028,202,False,0
2023-05-04,P029,440,False,0
2023-05-04,P030,379,False,0
2023-05-04,P031,240,False,0
2023-05-04,P032,188,False,0
2023-05-04,P033,293,False,0
2023-05-04,P034,435,False,0
2023-05-04,P035,158,False,0
2023-05-04,P036,81,False,0
2023-05-04,P037,409,False,0
2023-05-04,P038,258,False,0
2023-05-04,P039,329,False,0
2023-05-04,P040,419,False,0
2023-05-05,P001,249,False,0
2023-05-05,P002,128,False,0
2023-05-05,P003,215,False,0
2023-05-05,P004,305,False,0
2023-05-05,P005,295,False,0
2023-05-05,P006,175,False,0
2023-05-05,P007,315,False,0
2023-05-05,P008,408,False,0
2023-05-05,P009,150,False,0
2023-05-05,P010,102,False,0
2023-05-05,P011,266,False,0
2023-05-05,P012,293,False,0
2023-05-05,P013,370,False,0
2023-05-05,P014,250,False,0
2023-05-05,P015,338,False,0
2023-05-05,P016,500,False,0
2023-05-05,P017,294,False,0
2023-05-05,P018,178,False,0
2023-05-05,P019,105,False,0
2023-05-05,P020,444,False,0
2023-05-05,P021,217,False,0
2023-05-05,P022,359,False,0
2023-05-05,P023,374,False,0
2023-05-05,P024,295,False,0
2023-05-05,P025,57,False,0
2023-05-05,P026,384,False,0
2023-05-05,P027,394,False,0
2023-05-05,P028,198,False,0
2023-05-05,P029,440,False,0
2023-05-05,P030,377,False,0
2023-05-05,P031,218,False,0
2023-05-05,P032,187,False,0
2023-05-05,P033,277,False,0
2023-05-05,P034,433,False,0
2023-05-05,P035,133,False,0
2023-05-05,P036,81,False,0
2023-05-05,P037,403,False,0
2023-05-05,P038,255,False,0
2023-05-05,P039,327,False,0
2023-05-05,P040,411,False,0
2023-05-06,P001,249,False,0
2023-05-06,P002,121,False,0
2023-05-06,P003,215,False,0
2023-05-06,P004,299,False,0
2023-05-06,P005,295,False,0
2023-05-06,P006,174,False,0
2023-05-06,P007,306,False,0
2023-05-06,P008,408,False,0
2023-05-06,P009,140,False,0
2023-05-06,P010,102,False,0
2023-05-06,P011,266,False,0
2023-05-06,P012,291,False,0
2023-05-06,P013,367,False,0
2023-05-06,P014,250,False,0
2023-05-06,P015,334,False,0
2023-05-06,P016,500,False,0
2023-05-06,P017,287,False,0
2023-05-06,P018,178,False,0
2023-05-06,P019,90,False,0
2023-05-06,P020,444,False,0
2023-05-06,P021,217,False,0
2023-05-06,P022,354,False,0
2023-05-06,P023,366,False,0
2023-05-06,P024,295,False,0
2023-05-06,P025,57,False,0
2023-05-06,P026,384,False,0
2023-05-06,P027,376,False,0
2023-05-06,P028,193,False,0
2023-05-06,P029,440,False,0
2023-05-06,P030,374,False,0
2023-05-06,P031,206,False,0
2023-05-06,P032,184,False,0
2023-05-06,P033,269,False,0
2023-05-06,P034,432,False,0
2023-05-06,P035,133,False,0
2023-05-06,P036,81,False,0
2023-05-06,P037,400,False,0
2023-05-06,P038,255,False,0
2023-05-06,P039,323,False,0
2023-05-06,P040,406,False,0
2023-05-07,P001,244,False,0
2023-05-07,P002,121,False,0
2023-05-07,P003,211,False,0
2023-05-07,P004,294,False,0
2023-05-07,P005,295,False,0
2023-05-07,P006,149,False,0
2023-05-07,P007,276,False,0
2023-05-07,P008,397,False,0
2023-05-07,P009,130,False,0
2023-05-07,P010,102,False,0
2023-05-07,P011,265,False,0
2023-05-07,P012,283,False,0
2023-05-07,P013,367,False,0
2023-05-07,P014,250,False,0
2023-05-07,P015,334,False,0
2023-05-07,P016,500,False,0
2023-05-07,P017,287,False,0
2023-05-07,P018,174,False,0
2023-05-07,P019,86,False,0
2023-05-07,P020,444,False,0
2023-05-07,P021,217,False,0
2023-05-07,P022,354,False,0
2023-05-07,P023,363,False,0
2023-05-07,P024,291,False,0
2023-05-07,P025,52,False,0
2023-05-07,P026,384,False,0
2023-05-07,P027,374,False,0
2023-05-07,P028,191,False,0
2023-05-07,P029,440,False,0
2023-05-07,P030,362,False,0
2023-05-07,P031,192,False,0
2023-05-07,P032,173,False,0
2023-05-07,P033,260,False,0
2023-05-07,P034,425,False,0
2023-05-07,P035,116,False,0
2023-05-07,P036,78,False,0
2023-05-07,P037,399,False,0
2023-05-07,P038,255,False,0
2023-05-07,P039,318,False,0
2023-05-07,P040,406,False,0
2023-05-08,P001,242,False,0
2023-05-08,P002,111,False,0
2023-05-08,P003,211,False,0
2023-05-08,P004,292,False,0
2023-05-08,P005,295,False,0
2023-05-08,P006,149,False,0
2023-05-08,P007,252,False,0
2023-05-08,P008,390,False,0
2023-05-08,P009,126,False,0
2023-05-08,P010,102,False,0
2023-05-08,P011,265,False,0
2023-05-08,P012,277,False,0
2023-05-08,P013,363,False,0
2023-05-08,P014,250,False,0
2023-05-08,P015,319,False,0
2023-05-08,P016,500,False,0
2023-05-08,P017,276,False,0
2023-05-08,P018,163,False,0
2023-05-08,P019,86,False,0
2023-05-08,P020,444,False,0
2023-05-08,P021,212,False,0
2023-05-08,P022,342,False,0
2023-05-08,P023,363,False,0
2023-05-08,P024,291,False,0
2023-05-08,P025,51,False,0
2023-05-08,P026,378,False,0
2023-05-08,P027,372,False,0
2023-05-08,P028,185,False,0
2023-05-08,P029,440,False,0
2023-05-08,P030,355,False,0
2023-05-08,P031,187,False,0
2023-05-08,P032,173,False,0
2023-05-08,P033,255,False,0
2023-05-08,P034,425,False,0
2023-05-08,P035,113,False,0
2023-05-08,P036,69,False,0
2023-05-08,P037,394,False,0
2023-05-08,P038,251,False,0
2023-05-08,P039,315,False,0
2023-05-08,P040,399,False,0
2023-05-09,P001,242,False,0
2023-05-09,P002,110,False,0
2023-05-09,P003,209,False,0
2023-05-09,P004,284,False,0
2023-05-09,P005,291,False,0
2023-05-09,P006,144,False,0
2023-05-09,P007,232,False,0
2023-05-09,P008,390,False,0
2023-05-09,P009,100,False,0
2023-05-09,P010,102,False,0
2023-05-09,P011,265,False,0
2023-05-09,P012,270,False,0
2023-05-09,P013,356,False,0
2023-05-09,P014,250,False,0
2023-05-09,P015,318,False,0
2023-05-09,P016,500,False,0
2023-05-09,P017,255,False,0
2023-05-09,P018,141,False,0
2023-05-09,P019,86,False,0
2023-05-09,P020,444,False,0
2023-05-09,P021,209,False,0
2023-05-09,P022,342,False,0
2023-05-09,P023,348,False,0
2023-05-09,P024,291,False,0
2023-05-09,P025,500,False,455
2023-05-09,P026,368,False,0
2023-05-09,P027,369,False,0
2023-05-09,P028,185,False,0
2023-05-09,P029,440,False,0
2023-05-09,P030,349,False,0
2023-05-09,P031,175,False,0
2023-05-09,P032,171,False,0
2023-05-09,P033,248,False,0
2023-05-09,P034,420,False,0
2023-05-09,P035,112,False,0
2023-05-09,P036,65,False,0
2023-05-09,P037,394,False,0
2023-05-09,P038,248,False,0
2023-05-09,P039,313,False,0
2023-05-09,P040,397,False,0
2023-05-10,P001,236,False,0
2023-05-10,P002,109,False,0
2023-05-10,P003,202,False,0
2023-05-10,P004,278,False,0
2023-05-10,P005,287,False,0
2023-05-10,P006,144,False,0
2023-05-10,P007,231,False,0
2023-05-10,P008,387,False,0
2023-05-10,P009,96,False,0
2023-05-10,P010,102,False,0
2023-05-10,P011,265,False,0
2023-05-10,P012,270,False,0
2023-05-10,P013,353,False,0
2023-05-10,P014,250,False,0
2023-05-10,P015,307,False,0
2023-05-10,P016,500,False,0
2023-05-10,P017,255,False,0
2023-05-10,P018,139,False,0
2023-05-10,P019,86,False,0
2023-05-10,P020,444,False,0
2023-05-10,P021,200,False,0
2023-05-10,P022,342,False,0
2023-05-10,P023,348,False,0
2023-05-10,P024,289,False,0
2023-05-10,P025,496,False,0
2023-05-10,P026,365,False,0
2023-05-10,P027,365,False,0
2023-05-10,P028,177,False,0
2023-05-10,P029,437,False,0
2023-05-10,P030,346,False,0
2023-05-10,P031,166,False,0
2023-05-10,P032,171,False,0
2023-05-10,P033,243,False,0
2023-05-10,P034,418,False,0
2023-05-10,P035,100,False,0
2023-05-10,P036,62,False,0
2023-05-10,P037,393,False,0
2023-05-10,P038,248,False,0
2023-05-10,P039,313,False,0
2023-05-10,P040,396,False,0
2023-05-11,P001,221,False,0
2023-05-11,P002,99,False,0
2023-05-11,P003,198,False,0
2023-05-11,P004,278,False,0
2023-05-11,P005,287,False,0
2023-05-11,P006,144,False,0
2023-05-11,P007,223,False,0
2023-05-11,P008,384,False,0
2023-05-11,P009,86,False,0
2023-05-11,P010,98,False,0
2023-05-11,P011,261,False,0
2023-05-11,P012,270,False,0
2023-05-11,P013,336,False,0
2023-05-11,P014,246,False,0
2023-05-11,P015,298,False,0
2023-05-11,P016,500,False,0
2023-05-11,P017,243,False,0
2023-05-11,P018,136,False,0
2023-05-11,P019,86,False,0
2023-05-11,P020,444,False,0
2023-05-11,P021,192,False,0
2023-05-11,P022,341,False,0
2023-05-11,P023,339,False,0
2023-05-11,P024,277,False,0
2023-05-11,P025,492,False,0
2023-05-11,P026,365,False,0
2023-05-11,P027,360,False,0
2023-05-11,P028,166,False,0
2023-05-11,P029,435,False,0
2023-05-11,P030,343,False,0
2023-05-11,P031,138,False,0
2023-05-11,P032,166,False,0
2023-05-11,P033,234,False,0
2023-05-11,P034,415,False,0
2023-05-11,P035,97,False,0
2023-05-11,P036,59,False,0
2023-05-11,P037,393,False,0
2023-05-11,P038,241,False,0
2023-05-11,P039,306,False,0
2023-05-11,P040,390,False,0
2023-05-12,P001,221,False,0
2023-05-12,P002,99,False,0
2023-05-12,P003,198,False,0
2023-05-12,P004,276,False,0
2023-05-12,P005,287,False,0
2023-05-12,P006,139,False,0
2023-05-12,P007,223,False,0
2023-05-12,P008,384,False,0
2023-05-12,P009,82,False,0
2023-05-12,P010,97,False,0
2023-05-12,P011,261,False,0
2023-05-12,P012,268,False,0
2023-05-12,P013,336,False,0
2023-05-12,P014,246,False,0
2023-05-12,P015,297,False,0
2023-05-12,P016,500,False,0
2023-05-12,P017,243,False,0
2023-05-12,P018,127,False,0
2023-05-12,P019,83,False,0
2023-05-12,P020,444,False,0
2023-05-12,P021,192,False,0
2023-05-12,P022,341,False,0
2023-05-12,P023,339,False,0
2023-05-12,P024,277,False,0
2023-05-12,P025,490,False,0
2023-05-12,P026,357,False,0
2023-05-12,P027,360,False,0
2023-05-12,P028,161,False,0
2023-05-12,P029,430,False,0
2023-05-12,P030,339,False,0
2023-05-12,P031,126,False,0
2023-05-12,P032,166,False,0
2023-05-12,P033,227,False,0
2023-05-12,P034,411,False,0
2023-05-12,P035,96,False,0
2023-05-12,P036,59,False,0
2023-05-12,P037,389,False,0
2023-05-12,P038,241,False,0
2023-05-12,P039,295,False,0
2023-05-12,P040,390,False,0
2023-05-13,P001,215,False,0
2023-05-13,P002,99,False,0
2023-05-13,P003,182,False,0
2023-05-13,P004,273,False,0
2023-05-13,P005,287,False,0
2023-05-13,P006,137,False,0
2023-05-13,P007,219,False,0
2023-05-13,P008,384,False,0
2023-05-13,P009,72,False,0
2023-05-13,P010,97,False,0
2023-05-13,P011,261,False,0
2023-05-13,P012,256,False,0
2023-05-13,P013,331,False,0
2023-05-13,P014,246,False,0
2023-05-13,P015,296,False,0
2023-05-13,P016,500,False,0
2023-05-13,P017,243,False,0
2023-05-13,P018,108,False,0
2023-05-13,P019,78,False,0
2023-05-13,P020,444,False,0
2023-05-13,P021,189,False,0
2023-05-13,P022,341,False,0
2023-05-13,P023,339,False,0
2023-05-13,P024,277,False,0
2023-05-13,P025,485,False,0
2023-05-13,P026,354,False,0
2023-05-13,P027,352,False,0
2023-05-13,P028,145,False,0
2023-05-13,P029,419,False,0
2023-05-13,P030,325,False,0
2023-05-13,P031,117,False,0
2023-05-13,P032,166,False,0
2023-05-13,P033,207,False,0
2023-05-13,P034,408,False,0
2023-05-13,P035,75,False,0
2023-05-13,P036,59,False,0
2023-05-13,P037,377,False,0
2023-05-13,P038,241,False,0
2023-05-13,P039,285,False,0
2023-05-13,P040,390,False,0
2023-05-14,P001,210,False,0
2023-05-14,P002,99,False,0
2023-05-14,P003,179,False,0
2023-05-14,P004,268,False,0
2023-05-14,P005,280,False,0
2023-05-14,P006,113,False,0
2023-05-14,P007,198,False,0
2023-05-14,P008,358,False,0
2023-05-14,P009,55,False,0
2023-05-14,P010,87,False,0
2023-05-14,P011,254,False,0
2023-05-14,P012,253,False,0
2023-05-14,P013,320,False,0
2023-05-14,P014,241,False,0
2023-05-14,P015,296,False,0
2023-05-14,P016,500,False,0
2023-05-14,P017,233,False,0
2023-05-14,P018,103,False,0
2023-05-14,P019,70,False,0
2023-05-14,P020,444,False,0
2023-05-14,P021,183,False,0
2023-05-14,P022,331,False,0
2023-05-14,P023,331,False,0
2023-05-14,P024,277,False,0
2023-05-14,P025,485,False,0
2023-05-14,P026,344,False,0
2023-05-14,P027,348,False,0
2023-05-14,P028,141,False,0
2023-05-14,P029,414,False,0
2023-05-14,P030,314,False,0
2023-05-14,P031,114,False,0
2023-05-14,P032,156,False,0
2023-05-14,P033,190,False,0
2023-05-14,P034,403,False,0
2023-05-14,P035,70,False,0
2023-05-14,P036,59,False,0
2023-05-14,P037,377,False,0
2023-05-14,P038,241,False,0
2023-05-14,P039,280,False,0
2023-05-14,P040,390,False,0
2023-05-15,P001,196,False,0
2023-05-15,P002,96,False,0
2023-05-15,P003,174,False,0
2023-05-15,P004,260,False,0
2023-05-15,P005,280,False,0
2023-05-15,P006,112,False,0
2023-05-15,P007,195,False,0
2023-05-15,P008,335,False,0
2023-05-15,P009,500,False,462
2023-05-15,P010,87,False,0
2023-05-15,P011,248,False,0
2023-05-15,P012,248,False,0
2023-05-15,P013,313,False,0
2023-05-15,P014,241,False,0
2023-05-15,P015,296,False,0
2023-05-15,P016,500,False,0
2023-05-15,P017,221,False,0
2023-05-15,P018,92,False,0
2023-05-15,P019,61,False,0
2023-05-15,P020,444,False,0
2023-05-15,P021,167,False,0
2023-05-15,P022,331,False,0
2023-05-15,P023,322,False,0
2023-05-15,P024,272,False,0
2023-05-15,P025,476,False,0
2023-05-15,P026,344,False,0
2023-05-15,P027,339,False,0
2023-05-15,P028,132,False,0
2023-05-15,P029,411,False,0
2023-05-15,P030,311,False,0
2023-05-15,P031,111,False,0
2023-05-15,P032,151,False,0
2023-05-15,P033,171,False,0
2023-05-15,P034,393,False,0
2023-05-15,P035,70,False,0
2023-05-15,P036,57,False,0
2023-05-15,P037,364,False,0
2023-05-15,P038,241,False,0
2023-05-15,P039,272,False,0
2023-05-15,P040,385,False,0
2023-05-16,P001,195,False,0
2023-05-16,P002,88,False,0
2023-05-16,P003,174,False,0
2023-05-16,P004,253,False,0
2023-05-16,P005,280,False,0
2023-05-16,P006,108,False,0
2023-05-16,P007,182,False,0
2023-05-16,P008,334,False,0
2023-05-16,P009,498,False,0
2023-05-16,P010,87,False,0
2023-05-16,P011,243,False,0
2023-05-16,P012,248,False,0
2023-05-16,P013,312,False,0
2023-05-16,P014,241,False,0
2023-05-16,P015,293,False,0
2023-05-16,P016,500,False,0
2023-05-16,P017,221,False,0
2023-05-16,P018,88,False,0
2023-05-16,P019,53,False,0
2023-05-16,P020,444,False,0
2023-05-16,P021,167,False,0
2023-05-16,P022,327,False,0
2023-05-16,P023,317,False,0
2023-05-16,P024,272,False,0
2023-05-16,P025,473,False,0
2023-05-16,P026,344,False,0
2023-05-16,P027,338,False,0
2023-05-16,P028,129,False,0
2023-05-16,P029,409,False,0
2023-05-16,P030,309,False,0
2023-05-16,P031,107,False,0
2023-05-16,P032,146,False,0
2023-05-16,P033,161,False,0
2023-05-16,P034,388,False,0
2023-05-16,P035,63,False,0
2023-05-16,P036,53,False,0
2023-05-16,P037,361,False,0
2023-05-16,P038,240,False,0
2023-05-16,P039,272,False,0
2023-05-16,P040,384,False,0
2023-05-17,P001,187,False,0
2023-05-17,P002,88,False,0
2023-05-17,P003,170,False,0
2023-05-17,P004,252,False,0
2023-05-17,P005,280,False,0
2023-05-17,P006,107,False,0
2023-05-17,P007,170,False,0
2023-05-17,P008,334,False,0
2023-05-17,P009,493,False,0
2023-05-17,P010,83,False,0
2023-05-17,P011,243,False,0
2023-05-17,P012,244,False,0
2023-05-17,P013,303,False,0
2023-05-17,P014,241,False,0
2023-05-17,P015,281,False,0
2023-05-17,P016,500,False,0
2023-05-17,P017,213,False,0
2023-05-17,P018,75,False,0
2023-05-17,P019,50,False,0
2023-05-17,P020,444,False,0
2023-05-17,P021,153,False,0
2023-05-17,P022,322,False,0
2023-05-17,P023,313,False,0
2023-05-17,P024,272,False,0
2023-05-17,P025,473,False,0
2023-05-17,P026,341,False,0
2023-05-17,P027,338,False,0
2023-05-17,P028,123,False,0
2023-05-17,P029,406,False,0
2023-05-17,P030,305,False,0
2023-05-17,P031,84,False,0
2023-05-17,P032,146,False,0
2023-05-17,P033,153,False,0
2023-05-17,P034,387,False,0
2023-05-17,P035,60,False,0
2023-05-17,P036,50,False,0
2023-05-17,P037,360,False,0
2023-05-17,P038,240,False,0
2023-05-17,P039,265,False,0
2023-05-17,P040,383,False,0
2023-05-18,P001,184,False,0
2023-05-18,P002,88,False,0
2023-05-18,P003,164,False,0
2023-05-18,P004,246,False,0
2023-05-18,P005,275,False,0
2023-05-18,P006,105,False,0
2023-05-18,P007,168,False,0
2023-05-18,P008,330,False,0
2023-05-18,P009,485,False,0
2023-05-18,P010,83,False,0
2023-05-18,P011,234,False,0
2023-05-18,P012,239,False,0
2023-05-18,P013,296,False,0
2023-05-18,P014,240,False,0
2023-05-18,P015,281,False,0
2023-05-18,P016,500,False,0
2023-05-18,P017,213,False,0
2023-05-18,P018,70,False,0
2023-05-18,P019,500,False,461
2023-05-18,P020,444,False,0
2023-05-18,P021,153,False,0
2023-05-18,P022,322,False,0
2023-05-18,P023,309,False,0
2023-05-18,P024,272,False,0
2023-05-18,P025,467,False,0
2023-05-18,P026,334,False,0
2023-05-18,P027,338,False,0
2023-05-18,P028,121,False,0
2023-05-18,P029,401,False,0
2023-05-18,P030,290,False,0
2023-05-18,P031,84,False,0
2023-05-18,P032,142,False,0
2023-05-18,P033,148,False,0
2023-05-18,P034,374,False,0
2023-05-18,P035,57,False,0
2023-05-18,P036,500,False,456
2023-05-18,P037,347,False,0
2023-05-18,P038,240,False,0
2023-05-18,P039,261,False,0
2023-05-18,P040,380,False,0
2023-05-19,P001,179,False,0
2023-05-19,P002,88,False,0
2023-05-19,P003,164,False,0
2023-05-19,P004,246,False,0
2023-05-19,P005,275,False,0
2023-05-19,P006,100,False,0
2023-05-19,P007,157,False,0
2023-05-19,P008,326,False,0
2023-05-19,P009,479,False,0
2023-05-19,P010,78,False,0
2023-05-19,P011,234,False,0
2023-05-19,P012,232,False,0
2023-05-19,P013,288,False,0
2023-05-19,P014,233,False,0
2023-05-19,P015,273,False,0
2023-05-19,P016,500,False,0
2023-05-19,P017,202,False,0
2023-05-19,P018,500,False,452
2023-05-19,P019,500,False,0
2023-05-19,P020,444,False,0
2023-05-19,P021,121,False,0
2023-05-19,P022,316,False,0
2023-05-19,P023,309,False,0
2023-05-19,P024,272,False,0
2023-05-19,P025,467,False,0
2023-05-19,P026,334,False,0
2023-05-19,P027,336,False,0
2023-05-19,P028,121,False,0
2023-05-19,P029,397,False,0
2023-05-19,P030,283,False,0
2023-05-19,P031,75,False,0
2023-05-19,P032,133,False,0
2023-05-19,P033,144,False,0
2023-05-19,P034,371,False,0
2023-05-19,P035,500,False,464
2023-05-19,P036,488,False,0
2023-05-19,P037,347,False,0
2023-05-19,P038,240,False,0
2023-05-19,P039,251,False,0
2023-05-19,P040,376,False,0
2023-05-20,P001,176,False,0
2023-05-20,P002,88,False,0
2023-05-20,P003,164,False,0
2023-05-20,P004,222,False,0
2023-05-20,P005,275,False,0
2023-05-20,P006,99,False,0
2023-05-20,P007,145,False,0
2023-05-20,P008,320,False,0
2023-05-20,P009,470,False,0
2023-05-20,P010,78,False,0
2023-05-20,P011,230,False,0
2023-05-20,P012,231,False,0
2023-05-20,P013,276,False,0
2023-05-20,P014,230,False,0
2023-05-20,P015,271,False,0
2023-05-20,P016,500,False,0
2023-05-20,P017,182,False,0
2023-05-20,P018,499,False,0
2023-05-20,P019,499,False,0
2023-05-20,P020,444,False,0
2023-05-20,P021,118,False,0
2023-05-20,P022,315,False,0
2023-05-20,P023,303,False,0
2023-05-20,P024,272,False,0
2023-05-20,P025,462,False,0
2023-05-20,P026,334,False,0
2023-05-20,P027,332,False,0
2023-05-20,P028,103,False,0
2023-05-20,P029,397,False,0
2023-05-20,P030,251,False,0
2023-05-20,P031,72,False,0
2023-05-20,P032,130,False,0
2023-05-20,P033,144,False,0
2023-05-20,P034,371,False,0
2023-05-20,P035,492,False,0
2023-05-20,P036,488,False,0
2023-05-20,P037,342,False,0
2023-05-20,P038,240,False,0
2023-05-20,P039,246,False,0
2023-05-20,P040,376,False,0
2023-05-21,P001,174,False,0
2023-05-21,P002,83,False,0
2023-05-21,P003,155,False,0
2023-05-21,P004,191,False,0
2023-05-21,P005,273,False,0
2023-05-21,P006,95,False,0
2023-05-21,P007,131,False,0
2023-05-21,P008,307,False,0
2023-05-21,P009,469,False,0
2023-05-21,P010,73,False,0
2023-05-21,P011,230,False,0
2023-05-21,P012,222,False,0
2023-05-21,P013,268,False,0
2023-05-21,P014,223,False,0
2023-05-21,P015,268,False,0
2023-05-21,P016,500,False,0
2023-05-21,P017,171,False,0
2023-05-21,P018,499,False,0
2023-05-21,P019,499,False,0
2023-05-21,P020,444,False,0
2023-05-21,P021,113,False,0
2023-05-21,P022,307,False,0
2023-05-21,P023,301,False,0
2023-05-21,P024,272,False,0
2023-05-21,P025,453,False,0
2023-05-21,P026,332,False,0
2023-05-21,P027,327,False,0
2023-05-21,P028,103,False,0
2023-05-21,P029,392,False,0
2023-05-21,P030,250,False,0
2023-05-21,P031,60,False,0
2023-05-21,P032,128,False,0
2023-05-21,P033,126,False,0
2023-05-21,P034,358,False,0
2023-05-21,P035,489,False,0
2023-05-21,P036,479,False,0
2023-05-21,P037,332,False,0
2023-05-21,P038,237,False,0
2023-05-21,P039,241,False,0
2023-05-21,P040,376,False,0
2023-05-22,P001,157,False,0
2023-05-22,P002,74,False,0
2023-05-22,P003,155,False,0
2023-05-22,P004,184,False,0
2023-05-22,P005,273,False,0
2023-05-22,P006,78,False,0
2023-05-22,P007,125,False,0
2023-05-22,P008,298,False,0
2023-05-22,P009,448,False,0
2023-05-22,P010,67,False,0
2023-05-22,P011,226,False,0
2023-05-22,P012,214,False,0
2023-05-22,P013,263,False,0
2023-05-22,P014,219,False,0
2023-05-22,P015,266,False,0
2023-05-22,P016,500,False,0
2023-05-22,P017,164,False,0
2023-05-22,P018,496,False,0
2023-05-22,P019,499,False,0
2023-05-22,P020,444,False,0
2023-05-22,P021,109,False,0
2023-05-22,P022,307,False,0
2023-05-22,P023,293,False,0
2023-05-22,P024,272,False,0
2023-05-22,P025,453,False,0
2023-05-22,P026,312,False,0
2023-05-22,P027,326,False,0
2023-05-22,P028,95,False,0
2023-05-22,P029,392,False,0
2023-05-22,P030,246,False,0
2023-05-22,P031,52,False,0
2023-05-22,P032,119,False,0
2023-05-22,P033,120,False,0
2023-05-22,P034,354,False,0
2023-05-22,P035,489,False,0
2023-05-22,P036,475,False,0
2023-05-22,P037,327,False,0
2023-05-22,P038,237,False,0
2023-05-22,P039,224,False,0
2023-05-22,P040,371,False,0
2023-05-23,P001,155,False,0
2023-05-23,P002,74,False,0
2023-05-23,P003,149,False,0
2023-05-23,P004,184,False,0
2023-05-23,P005,273,False,0
2023-05-23,P006,78,False,0
2023-05-23,P007,116,False,0
2023-05-23,P008,290,False,0
2023-05-23,P009,448,False,0
2023-05-23,P010,63,False,0
2023-05-23,P011,226,False,0
2023-05-23,P012,214,False,0
2023-05-23,P013,263,False,0
2023-05-23,P014,214,False,0
2023-05-23,P015,263,False,0
2023-05-23,P016,500,False,0
2023-05-23,P017,164,False,0
2023-05-23,P018,484,False,0
2023-05-23,P019,487,False,0
2023-05-23,P020,444,False,0
2023-05-23,P021,104,False,0
2023-05-23,P022,305,False,0
2023-05-23,P023,290,False,0
2023-05-23,P024,272,False,0
2023-05-23,P025,448,False,0
2023-05-23,P026,312,False,0
2023-05-23,P027,326,False,0
2023-05-23,P028,76,False,0
2023-05-23,P029,391,False,0
2023-05-23,P030,241,False,0
2023-05-23,P031,500,False,468
2023-05-23,P032,119,False,0
2023-05-23,P033,116,False,0
2023-05-23,P034,344,False,0
2023-05-23,P035,484,False,0
2023-05-23,P036,474,False,0
2023-05-23,P037,326,False,0
2023-05-23,P038,235,False,0
2023-05-23,P039,220,False,0
2023-05-23,P040,371,False,0
2023-05-24,P001,145,False,0
2023-05-24,P002,66,False,0
2023-05-24,P003,145,False,0
2023-05-24,P004,172,False,0
2023-05-24,P005,273,False,0
2023-05-24,P006,78,False,0
2023-05-24,P007,105,False,0
2023-05-24,P008,280,False,0
2023-05-24,P009,439,False,0
2023-05-24,P010,60,False,0
2023-05-24,P011,226,False,0
2023-05-24,P012,214,False,0
2023-05-24,P013,261,False,0
2023-05-24,P014,214,False,0
2023-05-24,P015,246,False,0
2023-05-24,P016,500,False,0
2023-05-24,P017,133,False,0
2023-05-24,P018,481,False,0
2023-05-24,P019,487,False,0
2023-05-24,P020,444,False,0
2023-05-24,P021,99,False,0
2023-05-24,P022,302,False,0
2023-05-24,P023,290,False,0
2023-05-24,P024,272,False,0
2023-05-24,P025,433,False,0
2023-05-24,P026,311,False,0
2023-05-24,P027,326,False,0
2023-05-24,P028,60,False,0
2023-05-24,P029,387,False,0
2023-05-24,P030,241,False,0
2023-05-24,P031,495,False,0
2023-05-24,P032,113,False,0
2023-05-24,P033,95,False,0
2023-05-24,P034,344,False,0
2023-05-24,P035,481,False,0
2023-05-24,P036,473,False,0
2023-05-24,P037,326,False,0
2023-05-24,P038,235,False,0
2023-05-24,P039,220,False,0
2023-05-24,P040,371,False,0
2023-05-25,P001,144,False,0
2023-05-25,P002,60,False,0
2023-05-25,P003,145,False,0
2023-05-25,P004,157,False,0
2023-05-25,P005,273,False,0
2023-05-25,P006,78,False,0
2023-05-25,P007,95,False,0
2023-05-25,P008,275,False,0
2023-05-25,P009,434,False,0
2023-05-25,P010,60,False,0
2023-05-25,P011,226,False,0
2023-05-25,P012,214,False,0
2023-05-25,P013,258,False,0
2023-05-25,P014,209,False,0
2023-05-25,P015,246,False,0
2023-05-25,P016,500,False,0
2023-05-25,P017,129,False,0
2023-05-25,P018,476,False,0
2023-05-25,P019,482,False,0
2023-05-25,P020,444,False,0
2023-05-25,P021,99,False,0
2023-05-25,P022,302,False,0
2023-05-25,P023,285,False,0
2023-05-25,P024,272,False,0
2023-05-25,P025,431,False,0
2023-05-25,P026,308,False,0
2023-05-25,P027,326,False,0
2023-05-25,P028,60,False,0
2023-05-25,P029,382,False,0
2023-05-25,P030,241,False,0
2023-05-25,P031,494,False,0
2023-05-25,P032,108,False,0
2023-05-25,P033,91,False,0
2023-05-25,P034,340,False,0
2023-05-25,P035,481,False,0
2023-05-25,P036,468,False,0
2023-05-25,P037,326,False,0
2023-05-25,P038,235,False,0
2023-05-25,P039,220,False,0
2023-05-25,P040,371,False,0
2023-05-26,P001,139,False,0
2023-05-26,P002,60,False,0
2023-05-26,P003,145,False,0
2023-05-26,P004,149,False,0
2023-05-26,P005,273,False,0
2023-05-26,P006,78,False,0
2023-05-26,P007,91,False,0
2023-05-26,P008,275,False,0
2023-05-26,P009,421,False,0
2023-05-26,P010,55,False,0
2023-05-26,P011,226,False,0
2023-05-26,P012,214,False,0
2023-05-26,P013,257,False,0
2023-05-26,P014,209,False,0
2023-05-26,P015,241,False,0
2023-05-26,P016,500,False,0
2023-05-26,P017,128,False,0
2023-05-26,P018,467,False,0
2023-05-26,P019,482,False,0
2023-05-26,P020,444,False,0
2023-05-26,P021,94,False,0
2023-05-26,P022,300,False,0
2023-05-26,P023,285,False,0
2023-05-26,P024,272,False,0
2023-05-26,P025,431,False,0
2023-05-26,P026,307,False,0
2023-05-26,P027,323,False,0
2023-05-26,P028,55,False,0
2023-05-26,P029,378,False,0
2023-05-26,P030,239,False,0
2023-05-26,P031,491,False,0
2023-05-26,P032,107,False,0
2023-05-26,P033,84,False,0
2023-05-26,P034,327,False,0
2023-05-26,P035,479,False,0
2023-05-26,P036,466,False,0
2023-05-26,P037,324,False,0
2023-05-26,P038,235,False,0
2023-05-26,P039,217,False,0
2023-05-26,P040,368,False,0
2023-05-27,P001,139,False,0
2023-05-27,P002,56,False,0
2023-05-27,P003,145,False,0
2023-05-27,P004,149,False,0
2023-05-27,P005,273,False,0
2023-05-27,P006,70,False,0
2023-05-27,P007,82,False,0
2023-05-27,P008,269,False,0
2023-05-27,P009,411,False,0
2023-05-27,P010,51,False,0
2023-05-27,P011,226,False,0
2023-05-27,P012,209,False,0
2023-05-27,P013,249,False,0
2023-05-27,P014,207,False,0
2023-05-27,P015,241,False,0
2023-05-27,P016,500,False,0
2023-05-27,P017,128,False,0
2023-05-27,P018,454,False,0
2023-05-27,P019,482,False,0
2023-05-27,P020,444,False,0
2023-05-27,P021,86,False,0
2023-05-27,P022,291,False,0
2023-05-27,P023,284,False,0
2023-05-27,P024,272,False,0
2023-05-27,P025,426,False,0
2023-05-27,P026,307,False,0
2023-05-27,P027,320,False,0
2023-05-27,P028,500,False,459
2023-05-27,P029,378,False,0
2023-05-27,P030,239,False,0
2023-05-27,P031,481,False,0
2023-05-27,P032,107,False,0
2023-05-27,P033,62,False,0
2023-05-27,P034,327,False,0
2023-05-27,P035,469,False,0
2023-05-27,P036,441,False,0
2023-05-27,P037,313,False,0
2023-05-27,P038,235,False,0
2023-05-27,P039,214,False,0
2023-05-27,P040,364,False,0
2023-05-28,P001,133,False,0
2023-05-28,P002,51,False,0
2023-05-28,P003,145,False,0
2023-05-28,P004,143,False,0
2023-05-28,P005,273,False,0
2023-05-28,P006,68,False,0
2023-05-28,P007,68,False,0
2023-05-28,P008,221,False,0
2023-05-28,P009,406,False,0
2023-05-28,P010,51,False,0
2023-05-28,P011,221,False,0
2023-05-28,P012,209,False,0
2023-05-28,P013,249,False,0
2023-05-28,P014,207,False,0
2023-05-28,P015,220,False,0
2023-05-28,P016,500,False,0
2023-05-28,P017,104,False,0
2023-05-28,P018,454,False,0
2023-05-28,P019,479,False,0
2023-05-28,P020,444,False,0
2023-05-28,P021,82,False,0
2023-05-28,P022,285,False,0
2023-05-28,P023,282,False,0
2023-05-28,P024,266,False,0
2023-05-28,P025,418,False,0
2023-05-28,P026,302,False,0
2023-05-28,P027,315,False,0
2023-05-28,P028,492,False,0
2023-05-28,P029,378,False,0
2023-05-28,P030,236,False,0
2023-05-28,P031,440,False,0
2023-05-28,P032,103,False,0
2023-05-28,P033,59,False,0
2023-05-28,P034,321,False,0
2023-05-28,P035,463,False,0
2023-05-28,P036,436,False,0
2023-05-28,P037,303,False,0
2023-05-28,P038,232,False,0
2023-05-28,P039,209,False,0
2023-05-28,P040,359,False,0
2023-05-29,P001,126,False,0
2023-05-29,P002,500,False,453
2023-05-29,P003,141,False,0
2023-05-29,P004,141,False,0
2023-05-29,P005,273,False,0
2023-05-29,P006,67,False,0
2023-05-29,P007,68,False,0
2023-05-29,P008,189,False,0
2023-05-29,P009,395,False,0
2023-05-29,P010,500,False,456
2023-05-29,P011,221,False,0
2023-05-29,P012,201,False,0
2023-05-29,P013,245,False,0
2023-05-29,P014,202,False,0
2023-05-29,P015,189,False,0
2023-05-29,P016,500,False,0
2023-05-29,P017,99,False,0
2023-05-29,P018,442,False,0
2023-05-29,P019,449,False,0
2023-05-29,P020,444,False,0
2023-05-29,P021,73,False,0
2023-05-29,P022,284,False,0
2023-05-29,P023,282,False,0
2023-05-29,P024,266,False,0
2023-05-29,P025,414,False,0
2023-05-29,P026,296,False,0
2023-05-29,P027,307,False,0
2023-05-29,P028,488,False,0
2023-05-29,P029,378,False,0
2023-05-29,P030,219,False,0
2023-05-29,P031,431,False,0
2023-05-29,P032,102,False,0
2023-05-29,P033,53,False,0
2023-05-29,P034,320,False,0
2023-05-29,P035,457,False,0
2023-05-29,P036,421,False,0
2023-05-29,P037,298,False,0
2023-05-29,P038,232,False,0
2023-05-29,P039,205,False,0
2023-05-29,P040,351,False,0
2023-05-30,P001,119,False,0
2023-05-30,P002,500,False,0
2023-05-30,P003,141,False,0
2023-05-30,P004,141,False,0
2023-05-30,P005,273,False,0
2023-05-30,P006,61,False,0
2023-05-30,P007,67,False,0
2023-05-30,P008,184,False,0
2023-05-30,P009,379,False,0
2023-05-30,P010,497,False,0
2023-05-30,P011,220,False,0
2023-05-30,P012,201,False,0
2023-05-30,P013,242,False,0
2023-05-30,P014,202,False,0
2023-05-30,P015,188,False,0
2023-05-30,P016,500,False,0
2023-05-30,P017,99,False,0
2023-05-30,P018,425,False,0
2023-05-30,P019,446,False,0
2023-05-30,P020,444,False,0
2023-05-30,P021,68,False,0
2023-05-30,P022,280,False,0
2023-05-30,P023,282,False,0
2023-05-30,P024,260,False,0
2023-05-30,P025,409,False,0
2023-05-30,P026,295,False,0
2023-05-30,P027,303,False,0
2023-05-30,P028,479,False,0
2023-05-30,P029,378,False,0
2023-05-30,P030,217,False,0
2023-05-30,P031,422,False,0
2023-05-30,P032,98,False,0
2023-05-30,P033,52,False,0
2023-05-30,P034,320,False,0
2023-05-30,P035,442,False,0
2023-05-30,P036,415,False,0
2023-05-30,P037,293,False,0
2023-05-30,P038,227,False,0
2023-05-30,P039,205,False,0
2023-05-30,P040,345,False,0
2023-05-31,P001,117,False,0
2023-05-31,P002,496,False,0
2023-05-31,P003,141,False,0
2023-05-31,P004,133,False,0
2023-05-31,P005,273,False,0
2023-05-31,P006,59,False,0
2023-05-31,P007,67,False,0
2023-05-31,P008,179,False,0
2023-05-31,P009,374,False,0
2023-05-31,P010,497,False,0
2023-05-31,P011,216,False,0
2023-05-31,P012,196,False,0
2023-05-31,P013,242,False,0
2023-05-31,P014,200,False,0
2023-05-31,P015,183,False,0
2023-05-31,P016,500,False,0
2023-05-31,P017,98,False,0
2023-05-31,P018,420,False,0
2023-05-31,P019,446,False,0
2023-05-31,P020,440,False,0
2023-05-31,P021,66,False,0
2023-05-31,P022,280,False,0
2023-05-31,P023,268,False,0
2023-05-31,P024,258,False,0
2023-05-31,P025,407,False,0
2023-05-31,P026,285,False,0
2023-05-31,P027,303,False,0
2023-05-31,P028,468,False,0
2023-05-31,P029,373,False,0
2023-05-31,P030,217,False,0
2023-05-31,P031,412,False,0
2023-05-31,P032,86,False,0
2023-05-31,P033,51,False,0
2023-05-31,P034,315,False,0
2023-05-31,P035,424,False,0
2023-05-31,P036,415,False,0
2023-05-31,P037,283,False,0
2023-05-31,P038,227,False,0
2023-05-31,P039,205,False,0
2023-05-31,P040,338,False,0
2023-06-01,P001,112,False,0
2023-06-01,P002,496,False,0
2023-06-01,P003,135,False,0
2023-06-01,P004,131,False,0
2023-06-01,P005,273,False,0
2023-06-01,P006,59,False,0
2023-06-01,P007,61,False,0
2023-06-01,P008,179,False,0
2023-06-01,P009,360,False,0
2023-06-01,P010,482,False,0
2023-06-01,P011,212,False,0
2023-06-01,P012,196,False,0
2023-06-01,P013,236,False,0
2023-06-01,P014,198,False,0
2023-06-01,P015,183,False,0
2023-06-01,P016,500,False,0
2023-06-01,P017,92,False,0
2023-06-01,P018,420,False,0
2023-06-01,P019,445,False,0
2023-06-01,P020,440,False,0
2023-06-01,P021,55,False,0
2023-06-01,P022,280,False,0
2023-06-01,P023,254,False,0
2023-06-01,P024,258,False,0
2023-06-01,P025,407,False,0
2023-06-01,P026,283,False,0
2023-06-01,P027,303,False,0
2023-06-01,P028,451,False,0
2023-06-01,P029,373,False,0
2023-06-01,P030,217,False,0
2023-06-01,P031,399,False,0
2023-06-01,P032,86,False,0
2023-06-01,P033,500,False,451
2023-06-01,P034,315,False,0
2023-06-01,P035,424,False,0
2023-06-01,P036,415,False,0
2023-06-01,P037,271,False,0
2023-06-01,P038,227,False,0
2023-06-01,P039,201,False,0
2023-06-01,P040,336,False,0
2023-06-02,P001,111,False,0
2023-06-02,P002,483,False,0
2023-06-02,P003,135,False,0
2023-06-02,P004,122,False,0
2023-06-02,P005,273,False,0
2023-06-02,P006,59,False,0
2023-06-02,P007,61,False,0
2023-06-02,P008,174,False,0
2023-06-02,P009,354,False,0
2023-06-02,P010,482,False,0
2023-06-02,P011,212,False,0
2023-06-02,P012,194,False,0
2023-06-02,P013,229,False,0
2023-06-02,P014,198,False,0
2023-06-02,P015,177,False,0
2023-06-02,P016,500,False,0
2023-06-02,P017,85,False,0
2023-06-02,P018,418,False,0
2023-06-02,P019,435,False,0
2023-06-02,P020,440,False,0
2023-06-02,P021,50,False,0
2023-06-02,P022,280,False,0
2023-06-02,P023,251,False,0
2023-06-02,P024,255,False,0
2023-06-02,P025,405,False,0
2023-06-02,P026,283,False,0
2023-06-02,P027,303,False,0
2023-06-02,P028,450,False,0
2023-06-02,P029,372,False,0
2023-06-02,P030,215,False,0
2023-06-02,P031,392,False,0
2023-06-02,P032,80,False,0
2023-06-02,P033,495,False,0
2023-06-02,P034,315,False,0
2023-06-02,P035,419,False,0
2023-06-02,P036,415,False,0
2023-06-02,P037,266,False,0
2023-06-02,P038,227,False,0
2023-06-02,P039,201,False,0
2023-06-02,P040,336,False,0
2023-06-03,P001,111,False,0
2023-06-03,P002,477,False,0
2023-06-03,P003,135,False,0
2023-06-03,P004,117,False,0
2023-06-03,P005,273,False,0
2023-06-03,P006,53,False,0
2023-06-03,P007,54,False,0
2023-06-03,P008,174,False,0
2023-06-03,P009,347,False,0
2023-06-03,P010,482,False,0
2023-06-03,P011,212,False,0
2023-06-03,P012,190,False,0
2023-06-03,P013,229,False,0
2023-06-03,P014,198,False,0
2023-06-03,P015,172,False,0
2023-06-03,P016,500,False,0
2023-06-03,P017,80,False,0
2023-06-03,P018,397,False,0
2023-06-03,P019,419,False,0
2023-06-03,P020,440,False,0
2023-06-03,P021,500,False,454
2023-06-03,P022,280,False,0
2023-06-03,P023,251,False,0
2023-06-03,P024,243,False,0
2023-06-03,P025,400,False,0
2023-06-03,P026,283,False,0
2023-06-03,P027,293,False,0
2023-06-03,P028,438,False,0
2023-06-03,P029,372,False,0
2023-06-03,P030,207,False,0
2023-06-03,P031,387,False,0
2023-06-03,P032,80,False,0
2023-06-03,P033,485,False,0
2023-06-03,P034,309,False,0
2023-06-03,P035,409,False,0
2023-06-03,P036,412,False,0
2023-06-03,P037,264,False,0
2023-06-03,P038,227,False,0
2023-06-03,P039,193,False,0
2023-06-03,P040,328,False,0
2023-06-04,P001,111,False,0
2023-06-04,P002,474,False,0
2023-06-04,P003,129,False,0
2023-06-04,P004,110,False,0
2023-06-04,P005,267,False,0
2023-06-04,P006,51,False,0
2023-06-04,P007,500,False,454
2023-06-04,P008,158,False,0
2023-06-04,P009,339,False,0
2023-06-04,P010,482,False,0
2023-06-04,P011,212,False,0
2023-06-04,P012,188,False,0
2023-06-04,P013,229,False,0
2023-06-04,P014,198,False,0
2023-06-04,P015,171,False,0
2023-06-04,P016,500,False,0
2023-06-04,P017,77,False,0
2023-06-04,P018,390,False,0
2023-06-04,P019,419,False,0
2023-06-04,P020,440,False,0
2023-06-04,P021,500,False,0
2023-06-04,P022,275,False,0
2023-06-04,P023,238,False,0
2023-06-04,P024,240,False,0
2023-06-04,P025,400,False,0
2023-06-04,P026,275,False,0
2023-06-04,P027,263,False,0
2023-06-04,P028,433,False,0
2023-06-04,P029,368,False,0
2023-06-04,P030,203,False,0
2023-06-04,P031,385,False,0
2023-06-04,P032,77,False,0
2023-06-04,P033,475,False,0
2023-06-04,P034,296,False,0
2023-06-04,P035,409,False,0
2023-06-04,P036,411,False,0
2023-06-04,P037,264,False,0
2023-06-04,P038,227,False,0
2023-06-04,P039,170,False,0
2023-06-04,P040,328,False,0
2023-06-05,P001,106,False,0
2023-06-05,P002,474,False,0
2023-06-05,P003,126,False,0
2023-06-05,P004,100,False,0
2023-06-05,P005,267,False,0
2023-06-05,P006,500,False,452
2023-06-05,P007,492,False,0
2023-06-05,P008,154,False,0
2023-06-05,P009,320,False,0
2023-06-05,P010,482,False,0
2023-06-05,P011,210,False,0
2023-06-05,P012,178,False,0
2023-06-05,P013,217,False,0
2023-06-05,P014,194,False,0
2023-06-05,P015,166,False,0
2023-06-05,P016,500,False,0
2023-06-05,P017,66,False,0
2023-06-05,P018,383,False,0
2023-06-05,P019,413,False,0
2023-06-05,P020,440,False,0
2023-06-05,P021,493,False,0
2023-06-05,P022,268,False,0
2023-06-05,P023,224,False,0
2023-06-05,P024,240,False,0
2023-06-05,P025,389,False,0
2023-06-05,P026,243,False,0
2023-06-05,P027,254,False,0
2023-06-05,P028,424,False,0
2023-06-05,P029,358,False,0
2023-06-05,P030,193,False,0
2023-06-05,P031,367,False,0
2023-06-05,P032,77,False,0
2023-06-05,P033,461,False,0
2023-06-05,P034,293,False,0
2023-06-05,P035,406,False,0
2023-06-05,P036,403,False,0
2023-06-05,P037,264,False,0
2023-06-05,P038,227,False,0
2023-06-05,P039,168,False,0
2023-06-05,P040,319,False,0
2023-06-06,P001,106,False,0
2023-06-06,P002,473,False,0
2023-06-06,P003,122,False,0
2023-06-06,P004,96,False,0
2023-06-06,P005,267,False,0
2023-06-06,P006,500,False,0
2023-06-06,P007,482,False,0
2023-06-06,P008,153,False,0
2023-06-06,P009,320,False,0
2023-06-06,P010,478,False,0
2023-06-06,P011,210,False,0
2023-06-06,P012,175,False,0
2023-06-06,P013,217,False,0
2023-06-06,P014,194,False,0
2023-06-06,P015,166,False,0
2023-06-06,P016,500,False,0
2023-06-06,P017,66,False,0
2023-06-06,P018,383,False,0
2023-06-06,P019,413,False,0
2023-06-06,P020,440,False,0
2023-06-06,P021,488,False,0
2023-06-06,P022,259,False,0
2023-06-06,P023,223,False,0
2023-06-06,P024,240,False,0
2023-06-06,P025,383,False,0
2023-06-06,P026,243,False,0
2023-06-06,P027,254,False,0
2023-06-06,P028,421,False,0
2023-06-06,P029,358,False,0
2023-06-06,P030,193,False,0
2023-06-06,P031,363,False,0
2023-06-06,P032,72,False,0
2023-06-06,P033,455,False,0
2023-06-06,P034,290,False,0
2023-06-06,P035,398,False,0
2023-06-06,P036,403,False,0
2023-06-06,P037,263,False,0
2023-06-06,P038,212,False,0
2023-06-06,P039,161,False,0
2023-06-06,P040,319,False,0
2023-06-07,P001,106,False,0
2023-06-07,P002,468,False,0
2023-06-07,P003,112,False,0
2023-06-07,P004,91,False,0
2023-06-07,P005,264,False,0
2023-06-07,P006,500,False,0
2023-06-07,P007,482,False,0
2023-06-07,P008,148,False,0
2023-06-07,P009,313,False,0
2023-06-07,P010,478,False,0
2023-06-07,P011,205,False,0
2023-06-07,P012,171,False,0
2023-06-07,P013,214,False,0
2023-06-07,P014,194,False,0
2023-06-07,P015,158,False,0
2023-06-07,P016,500,False,0
2023-06-07,P017,57,False,0
2023-06-07,P018,374,False,0
2023-06-07,P019,409,False,0
2023-06-07,P020,440,False,0
2023-06-07,P021,474,False,0
2023-06-07,P022,259,False,0
2023-06-07,P023,223,False,0
2023-06-07,P024,232,False,0
2023-06-07,P025,383,False,0
2023-06-07,P026,243,False,0
2023-06-07,P027,246,False,0
2023-06-07,P028,412,False,0
2023-06-07,P029,355,False,0
2023-06-07,P030,187,False,0
2023-06-07,P031,350,False,0
2023-06-07,P032,66,False,0
2023-06-07,P033,447,False,0
2023-06-07,P034,285,False,0
2023-06-07,P035,387,False,0
2023-06-07,P036,399,False,0
2023-06-07,P037,258,False,0
2023-06-07,P038,207,False,0
2023-06-07,P039,155,False,0
2023-06-07,P040,311,False,0
2023-06-08,P001,104,False,0
2023-06-08,P002,468,False,0
2023-06-08,P003,111,False,0
2023-06-08,P004,76,False,0
2023-06-08,P005,264,False,0
2023-06-08,P006,496,False,0
2023-06-08,P007,468,False,0
2023-06-08,P008,125,False,0
2023-06-08,P009,310,False,0
2023-06-08,P010,465,False,0
2023-06-08,P011,204,False,0
2023-06-08,P012,167,False,0
2023-06-08,P013,185,False,0
2023-06-08,P014,194,False,0
2023-06-08,P015,158,False,0
2023-06-08,P016,500,False,0
2023-06-08,P017,56,False,0
2023-06-08,P018,373,False,0
2023-06-08,P019,408,False,0
2023-06-08,P020,440,False,0
2023-06-08,P021,473,False,0
2023-06-08,P022,249,False,0
2023-06-08,P023,209,False,0
2023-06-08,P024,232,False,0
2023-06-08,P025,379,False,0
2023-06-08,P026,238,False,0
2023-06-08,P027,242,False,0
2023-06-08,P028,410,False,0
2023-06-08,P029,355,False,0
2023-06-08,P030,187,False,0
2023-06-08,P031,347,False,0
2023-06-08,P032,61,False,0
2023-06-08,P033,433,False,0
2023-06-08,P034,282,False,0
2023-06-08,P035,377,False,0
2023-06-08,P036,399,False,0
2023-06-08,P037,258,False,0
2023-06-08,P038,207,False,0
2023-06-08,P039,151,False,0
2023-06-08,P040,311,False,0
2023-06-09,P001,100,False,0
2023-06-09,P002,468,False,0
2023-06-09,P003,111,False,0
2023-06-09,P004,74,False,0
2023-06-09,P005,264,False,0
2023-06-09,P006,496,False,0
2023-06-09,P007,464,False,0
2023-06-09,P008,102,False,0
2023-06-09,P009,305,False,0
2023-06-09,P010,460,False,0
2023-06-09,P011,202,False,0
2023-06-09,P012,164,False,0
2023-06-09,P013,185,False,0
2023-06-09,P014,191,False,0
2023-06-09,P015,153,False,0
2023-06-09,P016,500,False,0
2023-06-09,P017,56,False,0
2023-06-09,P018,369,False,0
2023-06-09,P019,406,False,0
2023-06-09,P020,440,False,0
2023-06-09,P021,471,False,0
2023-06-09,P022,246,False,0
2023-06-09,P023,209,False,0
2023-06-09,P024,232,False,0
2023-06-09,P025,374,False,0
2023-06-09,P026,236,False,0
2023-06-09,P027,237,False,0
2023-06-09,P028,400,False,0
2023-06-09,P029,350,False,0
2023-06-09,P030,182,False,0
2023-06-09,P031,342,False,0
2023-06-09,P032,61,False,0
2023-06-09,P033,428,False,0
2023-06-09,P034,282,False,0
2023-06-09,P035,373,False,0
2023-06-09,P036,396,False,0
2023-06-09,P037,255,False,0
2023-06-09,P038,204,False,0
2023-06-09,P039,119,False,0
2023-06-09,P040,311,False,0
2023-06-10,P001,100,False,0
2023-06-10,P002,466,False,0
2023-06-10,P003,111,False,0
2023-06-10,P004,60,False,0
2023-06-10,P005,262,False,0
2023-06-10,P006,496,False,0
2023-06-10,P007,456,False,0
2023-06-10,P008,89,False,0
2023-06-10,P009,300,False,0
2023-06-10,P010,460,False,0
2023-06-10,P011,200,False,0
2023-06-10,P012,157,False,0
2023-06-10,P013,175,False,0
2023-06-10,P014,186,False,0
2023-06-10,P015,153,False,0
2023-06-10,P016,500,False,0
2023-06-10,P017,52,False,0
2023-06-10,P018,334,False,0
2023-06-10,P019,404,False,0
2023-06-10,P020,440,False,0
2023-06-10,P021,467,False,0
2023-06-10,P022,246,False,0
2023-06-10,P023,208,False,0
2023-06-10,P024,223,False,0
2023-06-10,P025,366,False,0
2023-06-10,P026,236,False,0
2023-06-10,P027,234,False,0
2023-06-10,P028,398,False,0
2023-06-10,P029,350,False,0
2023-06-10,P030,178,False,0
2023-06-10,P031,338,False,0
2023-06-10,P032,61,False,0
2023-06-10,P033,402,False,0
2023-06-10,P034,279,False,0
2023-06-10,P035,348,False,0
2023-06-10,P036,387,False,0
2023-06-10,P037,245,False,0
2023-06-10,P038,199,False,0
2023-06-10,P039,115,False,0
2023-06-10,P040,307,False,0
2023-06-11,P001,100,False,0
2023-06-11,P002,463,False,0
2023-06-11,P003,98,False,0
2023-06-11,P004,500,False,458
2023-06-11,P005,262,False,0
2023-06-11,P006,484,False,0
2023-06-11,P007,446,False,0
2023-06-11,P008,80,False,0
2023-06-11,P009,278,False,0
2023-06-11,P010,454,False,0
2023-06-11,P011,199,False,0
2023-06-11,P012,149,False,0
2023-06-11,P013,175,False,0
2023-06-11,P014,180,False,0
2023-06-11,P015,136,False,0
2023-06-11,P016,500,False,0
2023-06-11,P017,500,False,465
2023-06-11,P018,328,False,0
2023-06-11,P019,398,False,0
2023-06-11,P020,440,False,0
2023-06-11,P021,454,False,0
2023-06-11,P022,241,False,0
2023-06-11,P023,208,False,0
2023-06-11,P024,220,False,0
2023-06-11,P025,359,False,0
2023-06-11,P026,236,False,0
2023-06-11,P027,214,False,0
2023-06-11,P028,394,False,0
2023-06-11,P029,337,False,0
2023-06-11,P030,178,False,0
2023-06-11,P031,313,False,0
2023-06-11,P032,60,False,0
2023-06-11,P033,379,False,0
2023-06-11,P034,273,False,0
2023-06-11,P035,337,False,0
2023-06-11,P036,387,False,0
2023-06-11,P037,219,False,0
2023-06-11,P038,195,False,0
2023-06-11,P039,80,False,0
2023-06-11,P040,291,False,0
2023-06-12,P001,97,False,0
2023-06-12,P002,459,False,0
2023-06-12,P003,98,False,0
2023-06-12,P004,493,False,0
2023-06-12,P005,262,False,0
2023-06-12,P006,476,False,0
2023-06-12,P007,420,False,0
2023-06-12,P008,66,False,0
2023-06-12,P009,265,False,0
2023-06-12,P010,451,False,0
2023-06-12,P011,199,False,0
2023-06-12,P012,142,False,0
2023-06-12,P013,164,False,0
2023-06-12,P014,180,False,0
2023-06-12,P015,128,False,0
2023-06-12,P016,500,False,0
2023-06-12,P017,480,False,0
2023-06-12,P018,323,False,0
2023-06-12,P019,382,False,0
2023-06-12,P020,440,False,0
2023-06-12,P021,446,False,0
2023-06-12,P022,239,False,0
2023-06-12,P023,208,False,0
2023-06-12,P024,220,False,0
2023-06-12,P025,342,False,0
2023-06-12,P026,230,False,0
2023-06-12,P027,212,False,0
2023-06-12,P028,380,False,0
2023-06-12,P029,337,False,0
2023-06-12,P030,171,False,0
2023-06-12,P031,308,False,0
2023-06-12,P032,51,False,0
2023-06-12,P033,350,False,0
2023-06-12,P034,269,False,0
2023-06-12,P035,324,False,0
2023-06-12,P036,383,False,0
2023-06-12,P037,214,False,0
2023-06-12,P038,195,False,0
2023-06-12,P039,51,False,0
2023-06-12,P040,272,False,0
2023-06-13,P001,96,False,0
2023-06-13,P002,457,False,0
2023-06-13,P003,93,False,0
2023-06-13,P004,486,False,0
2023-06-13,P005,256,False,0
2023-06-13,P006,476,False,0
2023-06-13,P007,415,False,0
2023-06-13,P008,59,False,0
2023-06-13,P009,263,False,0
2023-06-13,P010,451,False,0
2023-06-13,P011,194,False,0
2023-06-13,P012,142,False,0
2023-06-13,P013,164,False,0
2023-06-13,P014,180,False,0
2023-06-13,P015,125,False,0
2023-06-13,P016,500,False,0
2023-06-13,P017,475,False,0
2023-06-13,P018,323,False,0
2023-06-13,P019,382,False,0
2023-06-13,P020,440,False,0
2023-06-13,P021,439,False,0
2023-06-13,P022,238,False,0
2023-06-13,P023,207,False,0
2023-06-13,P024,220,False,0
2023-06-13,P025,340,False,0
2023-06-13,P026,230,False,0
2023-06-13,P027,212,False,0
2023-06-13,P028,379,False,0
2023-06-13,P029,337,False,0
2023-06-13,P030,171,False,0
2023-06-13,P031,308,False,0
2023-06-13,P032,500,False,454
2023-06-13,P033,348,False,0
2023-06-13,P034,264,False,0
2023-06-13,P035,320,False,0
2023-06-13,P036,379,False,0
2023-06-13,P037,214,False,0
2023-06-13,P038,195,False,0
2023-06-13,P039,51,False,0
2023-06-13,P040,272,False,0
2023-06-14,P001,87,False,0
2023-06-14,P002,454,False,0
2023-06-14,P003,90,False,0
2023-06-14,P004,476,False,0
2023-06-14,P005,256,False,0
2023-06-14,P006,475,False,0
2023-06-14,P007,414,False,0
2023-06-14,P008,59,False,0
2023-06-14,P009,257,False,0
2023-06-14,P010,451,False,0
2023-06-14,P011,193,False,0
2023-06-14,P012,142,False,0
2023-06-14,P013,154,False,0
2023-06-14,P014,175,False,0
2023-06-14,P015,125,False,0
2023-06-14,P016,500,False,0
2023-06-14,P017,470,False,0
2023-06-14,P018,314,False,0
2023-06-14,P019,371,False,0
2023-06-14,P020,440,False,0
2023-06-14,P021,439,False,0
2023-06-14,P022,238,False,0
2023-06-14,P023,202,False,0
2023-06-14,P024,220,False,0
2023-06-14,P025,337,False,0
2023-06-14,P026,229,False,0
2023-06-14,P027,212,False,0
2023-06-14,P028,379,False,0
2023-06-14,P029,333,False,0
2023-06-14,P030,170,False,0
2023-06-14,P031,289,False,0
2023-06-14,P032,500,False,0
2023-06-14,P033,337,False,0
2023-06-14,P034,264,False,0
2023-06-14,P035,316,False,0
2023-06-14,P036,379,False,0
2023-06-14,P037,209,False,0
2023-06-14,P038,194,False,0
2023-06-14,P039,51,False,0
2023-06-14,P040,269,False,0
2023-06-15,P001,84,False,0
2023-06-15,P002,454,False,0
2023-06-15,P003,90,False,0
2023-06-15,P004,472,False,0
2023-06-15,P005,250,False,0
2023-06-15,P006,468,False,0
2023-06-15,P007,402,False,0
2023-06-15,P008,54,False,0
2023-06-15,P009,246,False,0
2023-06-15,P010,448,False,0
2023-06-15,P011,193,False,0
2023-06-15,P012,142,False,0
2023-06-15,P013,145,False,0
2023-06-15,P014,151,False,0
2023-06-15,P015,125,False,0
2023-06-15,P016,500,False,0
2023-06-15,P017,468,False,0
2023-06-15,P018,311,False,0
2023-06-15,P019,371,False,0
2023-06-15,P020,440,False,0
2023-06-15,P021,433,False,0
2023-06-15,P022,236,False,0
2023-06-15,P023,202,False,0
2023-06-15,P024,215,False,0
2023-06-15,P025,335,False,0
2023-06-15,P026,221,False,0
2023-06-15,P027,210,False,0
2023-06-15,P028,366,False,0
2023-06-15,P029,333,False,0
2023-06-15,P030,170,False,0
2023-06-15,P031,279,False,0
2023-06-15,P032,500,False,0
2023-06-15,P033,332,False,0
2023-06-15,P034,261,False,0
2023-06-15,P035,306,False,0
2023-06-15,P036,379,False,0
2023-06-15,P037,208,False,0
2023-06-15,P038,194,False,0
2023-06-15,P039,500,False,451
2023-06-15,P040,269,False,0
2023-06-16,P001,71,False,0
2023-06-16,P002,454,False,0
2023-06-16,P003,83,False,0
2023-06-16,P004,462,False,0
2023-06-16,P005,250,False,0
2023-06-16,P006,468,False,0
2023-06-16,P007,391,False,0
2023-06-16,P008,50,False,0
2023-06-16,P009,243,False,0
2023-06-16,P010,448,False,0
2023-06-16,P011,193,False,0
2023-06-16,P012,142,False,0
2023-06-16,P013,143,False,0
2023-06-16,P014,151,False,0
2023-06-16,P015,120,False,0
2023-06-16,P016,500,False,0
2023-06-16,P017,464,False,0
2023-06-16,P018,302,False,0
2023-06-16,P019,371,False,0
2023-06-16,P020,440,False,0
2023-06-16,P021,433,False,0
2023-06-16,P022,233,False,0
2023-06-16,P023,195,False,0
2023-06-16,P024,210,False,0
2023-06-16,P025,334,False,0
2023-06-16,P026,212,False,0
2023-06-16,P027,206,False,0
2023-06-16,P028,366,False,0
2023-06-16,P029,326,False,0
2023-06-16,P030,158,False,0
2023-06-16,P031,265,False,0
2023-06-16,P032,500,False,0
2023-06-16,P033,325,False,0
2023-06-16,P034,257,False,0
2023-06-16,P035,303,False,0
2023-06-16,P036,370,False,0
2023-06-16,P037,205,False,0
2023-06-16,P038,194,False,0
2023-06-16,P039,495,False,0
2023-06-16,P040,269,False,0
2023-06-17,P001,66,False,0
2023-06-17,P002,454,False,0
2023-06-17,P003,81,False,0
2023-06-17,P004,457,False,0
2023-06-17,P005,249,False,0
2023-06-17,P006,468,False,0
2023-06-17,P007,383,False,0
2023-06-17,P008,500,False,467
2023-06-17,P009,233,False,0
2023-06-17,P010,448,False,0
2023-06-17,P011,188,False,0
2023-06-17,P012,136,False,0
2023-06-17,P013,141,False,0
2023-06-17,P014,150,False,0
2023-06-17,P015,117,False,0
2023-06-17,P016,500,False,0
2023-06-17,P017,462,False,0
2023-06-17,P018,296,False,0
2023-06-17,P019,362,False,0
2023-06-17,P020,440,False,0
2023-06-17,P021,423,False,0
2023-06-17,P022,233,False,0
2023-06-17,P023,195,False,0
2023-06-17,P024,210,False,0
2023-06-17,P025,329,False,0
2023-06-17,P026,210,False,0
2023-06-17,P027,202,False,0
2023-06-17,P028,353,False,0
2023-06-17,P029,324,False,0
2023-06-17,P030,154,False,0
2023-06-17,P031,258,False,0
2023-06-17,P032,500,False,0
2023-06-17,P033,314,False,0
2023-06-17,P034,250,False,0
2023-06-17,P035,297,False,0
2023-06-17,P036,365,False,0
2023-06-17,P037,192,False,0
2023-06-17,P038,191,False,0
2023-06-17,P039,495,False,0
2023-06-17,P040,267,False,0
2023-06-18,P001,63,False,0
2023-06-18,P002,448,False,0
2023-06-18,P003,75,False,0
2023-06-18,P004,445,False,0
2023-06-18,P005,249,False,0
2023-06-18,P006,468,False,0
2023-06-18,P007,376,False,0
2023-06-18,P008,491,False,0
2023-06-18,P009,222,False,0
2023-06-18,P010,446,False,0
2023-06-18,P011,188,False,0
2023-06-18,P012,126,False,0
2023-06-18,P013,137,False,0
2023-06-18,P014,149,False,0
2023-06-18,P015,105,False,0
2023-06-18,P016,500,False,0
2023-06-18,P017,458,False,0
2023-06-18,P018,292,False,0
2023-06-18,P019,360,False,0
2023-06-18,P020,440,False,0
2023-06-18,P021,410,False,0
2023-06-18,P022,233,False,0
2023-06-18,P023,190,False,0
2023-06-18,P024,209,False,0
2023-06-18,P025,318,False,0
2023-06-18,P026,209,False,0
2023-06-18,P027,192,False,0
2023-06-18,P028,348,False,0
2023-06-18,P029,296,False,0
2023-06-18,P030,154,False,0
2023-06-18,P031,245,False,0
2023-06-18,P032,495,False,0
2023-06-18,P033,308,False,0
2023-06-18,P034,244,False,0
2023-06-18,P035,291,False,0
2023-06-18,P036,364,False,0
2023-06-18,P037,190,False,0
2023-06-18,P038,191,False,0
2023-06-18,P039,495,False,0
2023-06-18,P040,264,False,0
2023-06-19,P001,58,False,0
2023-06-19,P002,443,False,0
2023-06-19,P003,73,False,0
2023-06-19,P004,433,False,0
2023-06-19,P005,249,False,0
2023-06-19,P006,458,False,0
2023-06-19,P007,359,False,0
2023-06-19,P008,481,False,0
2023-06-19,P009,217,False,0
2023-06-19,P010,446,False,0
2023-06-19,P011,188,False,0
2023-06-19,P012,126,False,0
2023-06-19,P013,134,False,0
2023-06-19,P014,148,False,0
2023-06-19,P015,101,False,0
2023-06-19,P016,500,False,0
2023-06-19,P017,433,False,0
2023-06-19,P018,287,False,0
2023-06-19,P019,354,False,0
2023-06-19,P020,440,False,0
2023-06-19,P021,394,False,0
2023-06-19,P022,229,False,0
2023-06-19,P023,177,False,0
2023-06-19,P024,208,False,0
2023-06-19,P025,308,False,0
2023-06-19,P026,207,False,0
2023-06-19,P027,173,False,0
2023-06-19,P028,344,False,0
2023-06-19,P029,296,False,0
2023-06-19,P030,153,False,0
2023-06-19,P031,242,False,0
2023-06-19,P032,493,False,0
2023-06-19,P033,301,False,0
2023-06-19,P034,223,False,0
2023-06-19,P035,290,False,0
2023-06-19,P036,363,False,0
2023-06-19,P037,190,False,0
2023-06-19,P038,186,False,0
2023-06-19,P039,482,False,0
2023-06-19,P040,256,False,0
2023-06-20,P001,54,False,0
2023-06-20,P002,433,False,0
2023-06-20,P003,72,False,0
2023-06-20,P004,418,False,0
2023-06-20,P005,249,False,0
2023-06-20,P006,455,False,0
2023-06-20,P007,354,False,0
2023-06-20,P008,476,False,0
2023-06-20,P009,202,False,0
2023-06-20,P010,446,False,0
2023-06-20,P011,188,False,0
2023-06-20,P012,126,False,0
2023-06-20,P013,128,False,0
2023-06-20,P014,144,False,0
2023-06-20,P015,99,False,0
2023-06-20,P016,500,False,0
2023-06-20,P017,431,False,0
2023-06-20,P018,283,False,0
2023-06-20,P019,351,False,0
2023-06-20,P020,440,False,0
2023-06-20,P021,379,False,0
2023-06-20,P022,229,False,0
2023-06-20,P023,173,False,0
2023-06-20,P024,208,False,0
2023-06-20,P025,303,False,0
2023-06-20,P026,207,False,0
2023-06-20,P027,171,False,0
2023-06-20,P028,336,False,0
2023-06-20,P029,294,False,0
2023-06-20,P030,153,False,0
2023-06-20,P031,240,False,0
2023-06-20,P032,488,False,0
2023-06-20,P033,300,False,0
2023-06-20,P034,216,False,0
2023-06-20,P035,287,False,0
2023-06-20,P036,363,False,0
2023-06-20,P037,190,False,0
2023-06-20,P038,182,False,0
2023-06-20,P039,482,False,0
2023-06-20,P040,251,False,0
2023-06-21,P001,54,False,0
2023-06-21,P002,433,False,0
2023-06-21,P003,65,False,0
2023-06-21,P004,415,False,0
2023-06-21,P005,244,False,0
2023-06-21,P006,455,False,0
2023-06-21,P007,339,False,0
2023-06-21,P008,466,False,0
2023-06-21,P009,199,False,0
2023-06-21,P010,443,False,0
2023-06-21,P011,184,False,0
2023-06-21,P012,126,False,0
2023-06-21,P013,124,False,0
2023-06-21,P014,144,False,0
2023-06-21,P015,95,False,0
2023-06-21,P016,500,False,0
2023-06-21,P017,431,False,0
2023-06-21,P018,283,False,0
2023-06-21,P019,344,False,0
2023-06-21,P020,440,False,0
2023-06-21,P021,374,False,0
2023-06-21,P022,227,False,0
2023-06-21,P023,165,False,0
2023-06-21,P024,208,False,0
2023-06-21,P025,303,False,0
2023-06-21,P026,207,False,0
2023-06-21,P027,171,False,0
2023-06-21,P028,331,False,0
2023-06-21,P029,293,False,0
2023-06-21,P030,153,False,0
2023-06-21,P031,226,False,0
2023-06-21,P032,488,False,0
2023-06-21,P033,297,False,0
2023-06-21,P034,208,False,0
2023-06-21,P035,285,False,0
2023-06-21,P036,358,False,0
2023-06-21,P037,188,False,0
2023-06-21,P038,180,False,0
2023-06-21,P039,480,False,0
2023-06-21,P040,246,False,0
2023-06-22,P001,50,False,0
2023-06-22,P002,432,False,0
2023-06-22,P003,65,False,0
2023-06-22,P004,404,False,0
2023-06-22,P005,244,False,0
2023-06-22,P006,455,False,0
2023-06-22,P007,329,False,0
2023-06-22,P008,461,False,0
2023-06-22,P009,192,False,0
2023-06-22,P010,443,False,0
2023-06-22,P011,179,False,0
2023-06-22,P012,122,False,0
2023-06-22,P013,121,False,0
2023-06-22,P014,144,False,0
2023-06-22,P015,92,False,0
2023-06-22,P016,500,False,0
2023-06-22,P017,431,False,0
2023-06-22,P018,281,False,0
2023-06-22,P019,344,False,0
2023-06-22,P020,440,False,0
2023-06-22,P021,343,False,0
2023-06-22,P022,222,False,0
2023-06-22,P023,162,False,0
2023-06-22,P024,204,False,0
2023-06-22,P025,303,False,0
2023-06-22,P026,198,False,0
2023-06-22,P027,171,False,0
2023-06-22,P028,323,False,0
2023-06-22,P029,289,False,0
2023-06-22,P030,153,False,0
2023-06-22,P031,225,False,0
2023-06-22,P032,488,False,0
2023-06-22,P033,294,False,0
2023-06-22,P034,208,False,0
2023-06-22,P035,285,False,0
2023-06-22,P036,355,False,0
2023-06-22,P037,188,False,0
2023-06-22,P038,180,False,0
2023-06-22,P039,480,False,0
2023-06-22,P040,246,False,0
2023-06-23,P001,500,False,452
2023-06-23,P002,432,False,0
2023-06-23,P003,65,False,0
2023-06-23,P004,399,False,0
2023-06-23,P005,244,False,0
2023-06-23,P006,455,False,0
2023-06-23,P007,323,False,0
2023-06-23,P008,455,False,0
2023-06-23,P009,184,False,0
2023-06-23,P010,438,False,0
2023-06-23,P011,179,False,0
2023-06-23,P012,122,False,0
2023-06-23,P013,116,False,0
2023-06-23,P014,144,False,0
2023-06-23,P015,91,False,0
2023-06-23,P016,500,False,0
2023-06-23,P017,420,False,0
2023-06-23,P018,281,False,0
2023-06-23,P019,344,False,0
2023-06-23,P020,440,False,0
2023-06-23,P021,337,False,0
2023-06-23,P022,217,False,0
2023-06-23,P023,162,False,0
2023-06-23,P024,204,False,0
2023-06-23,P025,303,False,0
2023-06-23,P026,194,False,0
2023-06-23,P027,161,False,0
2023-06-23,P028,318,False,0
2023-06-23,P029,286,False,0
2023-06-23,P030,153,False,0
2023-06-23,P031,219,False,0
2023-06-23,P032,486,False,0
2023-06-23,P033,294,False,0
2023-06-23,P034,195,False,0
2023-06-23,P035,279,False,0
2023-06-23,P036,352,False,0
2023-06-23,P037,188,False,0
2023-06-23,P038,180,False,0
2023-06-23,P039,477,False,0
2023-06-23,P040,244,False,0
2023-06-24,P001,500,False,0
2023-06-24,P002,427,False,0
2023-06-24,P003,59,False,0
2023-06-24,P004,393,False,0
2023-06-24,P005,243,False,0
2023-06-24,P006,453,False,0
2023-06-24,P007,316,False,0
2023-06-24,P008,446,False,0
2023-06-24,P009,173,False,0
2023-06-24,P010,432,False,0
2023-06-24,P011,174,False,0
2023-06-24,P012,118,False,0
2023-06-24,P013,116,False,0
2023-06-24,P014,144,False,0
2023-06-24,P015,87,False,0
2023-06-24,P016,500,False,0
2023-06-24,P017,420,False,0
2023-06-24,P018,270,False,0
2023-06-24,P019,342,False,0
2023-06-24,P020,440,False,0
2023-06-24,P021,337,False,0
2023-06-24,P022,215,False,0
2023-06-24,P023,160,False,0
2023-06-24,P024,204,False,0
2023-06-24,P025,299,False,0
2023-06-24,P026,189,False,0
2023-06-24,P027,161,False,0
2023-06-24,P028,313,False,0
2023-06-24,P029,286,False,0
2023-06-24,P030,153,False,0
2023-06-24,P031,216,False,0
2023-06-24,P032,486,False,0
2023-06-24,P033,294,False,0
2023-06-24,P034,194,False,0
2023-06-24,P035,279,False,0
2023-06-24,P036,352,False,0
2023-06-24,P037,181,False,0
2023-06-24,P038,176,False,0
2023-06-24,P039,477,False,0
2023-06-24,P040,244,False,0
2023-06-25,P001,494,False,0
2023-06-25,P002,424,False,0
2023-06-25,P003,55,False,0
2023-06-25,P004,380,False,0
2023-06-25,P005,243,False,0
2023-06-25,P006,450,False,0
2023-06-25,P007,306,False,0
2023-06-25,P008,435,False,0
2023-06-25,P009,167,False,0
2023-06-25,P010,432,False,0
2023-06-25,P011,172,False,0
2023-06-25,P012,115,False,0
2023-06-25,P013,108,False,0
2023-06-25,P014,144,False,0
2023-06-25,P015,80,False,0
2023-06-25,P016,500,False,0
2023-06-25,P017,411,False,0
2023-06-25,P018,254,False,0
2023-06-25,P019,327,False,0
2023-06-25,P020,440,False,0
2023-06-25,P021,334,False,0
2023-06-25,P022,201,False,0
2023-06-25,P023,152,False,0
2023-06-25,P024,204,False,0
2023-06-25,P025,284,False,0
2023-06-25,P026,184,False,0
2023-06-25,P027,161,False,0
2023-06-25,P028,306,False,0
2023-06-25,P029,279,False,0
2023-06-25,P030,153,False,0
2023-06-25,P031,212,False,0
2023-06-25,P032,483,False,0
2023-06-25,P033,279,False,0
2023-06-25,P034,188,False,0
2023-06-25,P035,270,False,0
2023-06-25,P036,350,False,0
2023-06-25,P037,175,False,0
2023-06-25,P038,176,False,0
2023-06-25,P039,474,False,0
2023-06-25,P040,240,False,0
2023-06-26,P001,487,False,0
2023-06-26,P002,424,False,0
2023-06-26,P003,51,False,0
2023-06-26,P004,367,False,0
2023-06-26,P005,243,False,0
2023-06-26,P006,443,False,0
2023-06-26,P007,296,False,0
2023-06-26,P008,425,False,0
2023-06-26,P009,142,False,0
2023-06-26,P010,427,False,0
2023-06-26,P011,172,False,0
2023-06-26,P012,112,False,0
2023-06-26,P013,97,False,0
2023-06-26,P014,142,False,0
2023-06-26,P015,74,False,0
2023-06-26,P016,500,False,0
2023-06-26,P017,387,False,0
2023-06-26,P018,254,False,0
2023-06-26,P019,326,False,0
2023-06-26,P020,440,False,0
2023-06-26,P021,304,False,0
2023-06-26,P022,195,False,0
2023-06-26,P023,133,False,0
2023-06-26,P024,199,False,0
2023-06-26,P025,281,False,0
2023-06-26,P026,168,False,0
2023-06-26,P027,158,False,0
2023-06-26,P028,287,False,0
2023-06-26,P029,263,False,0
2023-06-26,P030,153,False,0
2023-06-26,P031,208,False,0
2023-06-26,P032,483,False,0
2023-06-26,P033,270,False,0
2023-06-26,P034,175,False,0
2023-06-26,P035,266,False,0
2023-06-26,P036,350,False,0
2023-06-26,P037,166,False,0
2023-06-26,P038,176,False,0
2023-06-26,P039,473,False,0
2023-06-26,P040,208,False,0
2023-06-27,P001,487,False,0
2023-06-27,P002,424,False,0
2023-06-27,P003,500,False,457
2023-06-27,P004,357,False,0
2023-06-27,P005,243,False,0
2023-06-27,P006,443,False,0
2023-06-27,P007,291,False,0
2023-06-27,P008,423,False,0
2023-06-27,P009,136,False,0
2023-06-27,P010,427,False,0
2023-06-27,P011,172,False,0
2023-06-27,P012,112,False,0
2023-06-27,P013,97,False,0
2023-06-27,P014,142,False,0
2023-06-27,P015,68,False,0
2023-06-27,P016,500,False,0
2023-06-27,P017,383,False,0
2023-06-27,P018,250,False,0
2023-06-27,P019,323,False,0
2023-06-27,P020,440,False,0
2023-06-27,P021,294,False,0
2023-06-27,P022,195,False,0
2023-06-27,P023,131,False,0
2023-06-27,P024,199,False,0
2023-06-27,P025,281,False,0
2023-06-27,P026,163,False,0
2023-06-27,P027,154,False,0
2023-06-27,P028,282,False,0
2023-06-27,P029,260,False,0
2023-06-27,P030,153,False,0
2023-06-27,P031,203,False,0
2023-06-27,P032,480,False,0
2023-06-27,P033,270,False,0
2023-06-27,P034,149,False,0
2023-06-27,P035,261,False,0
2023-06-27,P036,350,False,0
2023-06-27,P037,163,False,0
2023-06-27,P038,176,False,0
2023-06-27,P039,454,False,0
2023-06-27,P040,201,False,0
2023-06-28,P001,478,False,0
2023-06-28,P002,424,False,0
2023-06-28,P003,500,False,0
2023-06-28,P004,343,False,0
2023-06-28,P005,237,False,0
2023-06-28,P006,443,False,0
2023-06-28,P007,266,False,0
2023-06-28,P008,417,False,0
2023-06-28,P009,114,False,0
2023-06-28,P010,421,False,0
2023-06-28,P011,172,False,0
2023-06-28,P012,105,False,0
2023-06-28,P013,90,False,0
2023-06-28,P014,139,False,0
2023-06-28,P015,61,False,0
2023-06-28,P016,500,False,0
2023-06-28,P017,371,False,0
2023-06-28,P018,241,False,0
2023-06-28,P019,321,False,0
2023-06-28,P020,440,False,0
2023-06-28,P021,278,False,0
2023-06-28,P022,193,False,0
2023-06-28,P023,131,False,0
2023-06-28,P024,192,False,0
2023-06-28,P025,281,False,0
2023-06-28,P026,158,False,0
2023-06-28,P027,154,False,0
2023-06-28,P028,263,False,0
2023-06-28,P029,246,False,0
2023-06-28,P030,145,False,0
2023-06-28,P031,185,False,0
2023-06-28,P032,479,False,0
2023-06-28,P033,270,False,0
2023-06-28,P034,144,False,0
2023-06-28,P035,258,False,0
2023-06-28,P036,346,False,0
2023-06-28,P037,156,False,0
2023-06-28,P038,176,False,0
2023-06-28,P039,454,False,0
2023-06-28,P040,191,False,0
2023-06-29,P001,477,False,0
2023-06-29,P002,424,False,0
2023-06-29,P003,498,False,0
2023-06-29,P004,343,False,0
2023-06-29,P005,232,False,0
2023-06-29,P006,443,False,0
2023-06-29,P007,255,False,0
2023-06-29,P008,401,False,0
2023-06-29,P009,106,False,0
2023-06-29,P010,416,False,0
2023-06-29,P011,172,False,0
2023-06-29,P012,105,False,0
2023-06-29,P013,90,False,0
2023-06-29,P014,138,False,0
2023-06-29,P015,500,False,453
2023-06-29,P016,500,False,0
2023-06-29,P017,361,False,0
2023-06-29,P018,232,False,0
2023-06-29,P019,321,False,0
2023-06-29,P020,440,False,0
2023-06-29,P021,276,False,0
2023-06-29,P022,185,False,0
2023-06-29,P023,127,False,0
2023-06-29,P024,192,False,0
2023-06-29,P025,281,False,0
2023-06-29,P026,151,False,0
2023-06-29,P027,154,False,0
2023-06-29,P028,256,False,0
2023-06-29,P029,246,False,0
2023-06-29,P030,144,False,0
2023-06-29,P031,166,False,0
2023-06-29,P032,479,False,0
2023-06-29,P033,266,False,0
2023-06-29,P034,144,False,0
2023-06-29,P035,249,False,0
2023-06-29,P036,344,False,0
2023-06-29,P037,136,False,0
2023-06-29,P038,171,False,0
2023-06-29,P039,432,False,0
2023-06-29,P040,183,False,0
2023-06-30,P001,477,False,0
2023-06-30,P002,424,False,0
2023-06-30,P003,498,False,0
2023-06-30,P004,336,False,0
2023-06-30,P005,232,False,0
2023-06-30,P006,443,False,0
2023-06-30,P007,249,False,0
2023-06-30,P008,395,False,0
2023-06-30,P009,98,False,0
2023-06-30,P010,416,False,0
2023-06-30,P011,169,False,0
2023-06-30,P012,102,False,0
2023-06-30,P013,79,False,0
2023-06-30,P014,134,False,0
2023-06-30,P015,498,False,0
2023-06-30,P016,500,False,0
2023-06-30,P017,356,False,0
2023-06-30,P018,230,False,0
2023-06-30,P019,321,False,0
2023-06-30,P020,440,False,0
2023-06-30,P021,266,False,0
2023-06-30,P022,177,False,0
2023-06-30,P023,127,False,0
2023-06-30,P024,192,False,0
2023-06-30,P025,281,False,0
2023-06-30,P026,147,False,0
2023-06-30,P027,154,False,0
2023-06-30,P028,255,False,0
2023-06-30,P029,241,False,0
2023-06-30,P030,143,False,0
2023-06-30,P031,152,False,0
2023-06-30,P032,469,False,0
2023-06-30,P033,263,False,0
2023-06-30,P034,130,False,0
2023-06-30,P035,248,False,0
2023-06-30,P036,341,False,0
2023-06-30,P037,130,False,0
2023-06-30,P038,171,False,0
2023-06-30,P039,431,False,0
2023-06-30,P040,173,False,0
2023-07-01,P001,472,False,0
2023-07-01,P002,421,False,0
2023-07-01,P003,498,False,0
2023-07-01,P004,334,False,0
2023-07-01,P005,232,False,0
2023-07-01,P006,442,False,0
2023-07-01,P007,248,False,0
2023-07-01,P008,392,False,0
2023-07-01,P009,87,False,0
2023-07-01,P010,411,False,0
2023-07-01,P011,169,False,0
2023-07-01,P012,98,False,0
2023-07-01,P013,74,False,0
2023-07-01,P014,122,False,0
2023-07-01,P015,491,False,0
2023-07-01,P016,500,False,0
2023-07-01,P017,351,False,0
2023-07-01,P018,227,False,0
2023-07-01,P019,321,False,0
2023-07-01,P020,440,False,0
2023-07-01,P021,266,False,0
2023-07-01,P022,166,False,0
2023-07-01,P023,120,False,0
2023-07-01,P024,192,False,0
2023-07-01,P025,281,False,0
2023-07-01,P026,140,False,0
2023-07-01,P027,154,False,0
2023-07-01,P028,250,False,0
2023-07-01,P029,241,False,0
2023-07-01,P030,143,False,0
2023-07-01,P031,147,False,0
2023-07-01,P032,459,False,0
2023-07-01,P033,258,False,0
2023-07-01,P034,130,False,0
2023-07-01,P035,248,False,0
2023-07-01,P036,341,False,0
2023-07-01,P037,126,False,0
2023-07-01,P038,171,False,0
2023-07-01,P039,431,False,0
2023-07-01,P040,173,False,0
2023-07-02,P001,464,False,0
2023-07-02,P002,414,False,0
2023-07-02,P003,489,False,0
2023-07-02,P004,318,False,0
2023-07-02,P005,229,False,0
2023-07-02,P006,438,False,0
2023-07-02,P007,230,False,0
2023-07-02,P008,386,False,0
2023-07-02,P009,75,False,0
2023-07-02,P010,403,False,0
2023-07-02,P011,167,False,0
2023-07-02,P012,93,False,0
2023-07-02,P013,71,False,0
2023-07-02,P014,118,False,0
2023-07-02,P015,489,False,0
2023-07-02,P016,491,False,0
2023-07-02,P017,348,False,0
2023-07-02,P018,216,False,0
2023-07-02,P019,321,False,0
2023-07-02,P020,440,False,0
2023-07-02,P021,262,False,0
2023-07-02,P022,161,False,0
2023-07-02,P023,109,False,0
2023-07-02,P024,192,False,0
2023-07-02,P025,257,False,0
2023-07-02,P026,139,False,0
2023-07-02,P027,146,False,0
2023-07-02,P028,238,False,0
2023-07-02,P029,241,False,0
2023-07-02,P030,137,False,0
2023-07-02,P031,132,False,0
2023-07-02,P032,454,False,0
2023-07-02,P033,248,False,0
2023-07-02,P034,117,False,0
2023-07-02,P035,229,False,0
2023-07-02,P036,334,False,0
2023-07-02,P037,110,False,0
2023-07-02,P038,167,False,0
2023-07-02,P039,422,False,0
2023-07-02,P040,173,False,0
2023-07-03,P001,459,False,0
2023-07-03,P002,414,False,0
2023-07-03,P003,476,False,0
2023-07-03,P004,312,False,0
2023-07-03,P005,221,False,0
2023-07-03,P006,438,False,0
2023-07-03,P007,226,False,0
2023-07-03,P008,382,False,0
2023-07-03,P009,69,False,0
2023-07-03,P010,402,False,0
2023-07-03,P011,167,False,0
2023-07-03,P012,92,False,0
2023-07-03,P013,63,False,0
2023-07-03,P014,118,False,0
2023-07-03,P015,489,False,0
2023-07-03,P016,478,False,0
2023-07-03,P017,344,False,0
2023-07-03,P018,212,False,0
2023-07-03,P019,319,False,0
2023-07-03,P020,440,False,0
2023-07-03,P021,251,False,0
2023-07-03,P022,159,False,0
2023-07-03,P023,109,False,0
2023-07-03,P024,192,False,0
2023-07-03,P025,247,False,0
2023-07-03,P026,133,False,0
2023-07-03,P027,142,False,0
2023-07-03,P028,236,False,0
2023-07-03,P029,238,False,0
2023-07-03,P030,137,False,0
2023-07-03,P031,119,False,0
2023-07-03,P032,438,False,0
2023-07-03,P033,236,False,0
2023-07-03,P034,111,False,0
2023-07-03,P035,225,False,0
2023-07-03,P036,329,False,0
2023-07-03,P037,107,False,0
2023-07-03,P038,167,False,0
2023-07-03,P039,422,False,0
2023-07-03,P040,158,False,0
2023-07-04,P001,455,False,0
2023-07-04,P002,410,False,0
2023-07-04,P003,471,False,0
2023-07-04,P004,302,False,0
2023-07-04,P005,221,False,0
2023-07-04,P006,435,False,0
2023-07-04,P007,209,False,0
2023-07-04,P008,382,False,0
2023-07-04,P009,67,False,0
2023-07-04,P010,397,False,0
2023-07-04,P011,167,False,0
2023-07-04,P012,85,False,0
2023-07-04,P013,60,False,0
2023-07-04,P014,118,False,0
2023-07-04,P015,489,False,0
2023-07-04,P016,474,False,0
2023-07-04,P017,342,False,0
2023-07-04,P018,194,False,0
2023-07-04,P019,315,False,0
2023-07-04,P020,440,False,0
2023-07-04,P021,243,False,0
2023-07-04,P022,157,False,0
2023-07-04,P023,106,False,0
2023-07-04,P024,192,False,0
2023-07-04,P025,247,False,0
2023-07-04,P026,131,False,0
2023-07-04,P027,137,False,0
2023-07-04,P028,224,False,0
2023-07-04,P029,232,False,0
2023-07-04,P030,137,False,0
2023-07-04,P031,116,False,0
2023-07-04,P032,437,False,0
2023-07-04,P033,227,False,0
2023-07-04,P034,107,False,0
2023-07-04,P035,223,False,0
2023-07-04,P036,326,False,0
2023-07-04,P037,106,False,0
2023-07-04,P038,167,False,0
2023-07-04,P039,402,False,0
2023-07-04,P040,158,False,0
2023-07-05,P001,448,False,0
2023-07-05,P002,410,False,0
2023-07-05,P003,468,False,0
2023-07-05,P004,282,False,0
2023-07-05,P005,221,False,0
2023-07-05,P006,428,False,0
2023-07-05,P007,204,False,0
2023-07-05,P008,371,False,0
2023-07-05,P009,61,False,0
2023-07-05,P010,390,False,0
2023-07-05,P011,167,False,0
2023-07-05,P012,85,False,0
2023-07-05,P013,500,False,463
2023-07-05,P014,118,False,0
2023-07-05,P015,489,False,0
2023-07-05,P016,463,False,0
2023-07-05,P017,337,False,0
2023-07-05,P018,182,False,0
2023-07-05,P019,315,False,0
2023-07-05,P020,440,False,0
2023-07-05,P021,230,False,0
2023-07-05,P022,154,False,0
2023-07-05,P023,100,False,0
2023-07-05,P024,180,False,0
2023-07-05,P025,238,False,0
2023-07-05,P026,125,False,0
2023-07-05,P027,124,False,0
2023-07-05,P028,218,False,0
2023-07-05,P029,232,False,0
2023-07-05,P030,112,False,0
2023-07-05,P031,116,False,0
2023-07-05,P032,437,False,0
2023-07-05,P033,208,False,0
2023-07-05,P034,104,False,0
2023-07-05,P035,218,False,0
2023-07-05,P036,321,False,0
2023-07-05,P037,99,False,0
2023-07-05,P038,166,False,0
2023-07-05,P039,400,False,0
2023-07-05,P040,153,False,0
2023-07-06,P001,445,False,0
2023-07-06,P002,408,False,0
2023-07-06,P003,464,False,0
2023-07-06,P004,270,False,0
2023-07-06,P005,220,False,0
2023-07-06,P006,423,False,0
2023-07-06,P007,196,False,0
2023-07-06,P008,368,False,0
2023-07-06,P009,61,False,0
2023-07-06,P010,384,False,0
2023-07-06,P011,167,False,0
2023-07-06,P012,75,False,0
2023-07-06,P013,496,False,0
2023-07-06,P014,118,False,0
2023-07-06,P015,489,False,0
2023-07-06,P016,460,False,0
2023-07-06,P017,328,False,0
2023-07-06,P018,181,False,0
2023-07-06,P019,307,False,0
2023-07-06,P020,440,False,0
2023-07-06,P021,230,False,0
2023-07-06,P022,137,False,0
2023-07-06,P023,92,False,0
2023-07-06,P024,180,False,0
2023-07-06,P025,237,False,0
2023-07-06,P026,115,False,0
2023-07-06,P027,122,False,0
2023-07-06,P028,216,False,0
2023-07-06,P029,228,False,0
2023-07-06,P030,108,False,0
2023-07-06,P031,114,False,0
2023-07-06,P032,437,False,0
2023-07-06,P033,208,False,0
2023-07-06,P034,104,False,0
2023-07-06,P035,211,False,0
2023-07-06,P036,321,False,0
2023-07-06,P037,94,False,0
2023-07-06,P038,162,False,0
2023-07-06,P039,392,False,0
2023-07-06,P040,152,False,0
2023-07-07,P001,445,False,0
2023-07-07,P002,404,False,0
2023-07-07,P003,459,False,0
2023-07-07,P004,270,False,0
2023-07-07,P005,219,False,0
2023-07-07,P006,419,False,0
2023-07-07,P007,193,False,0
2023-07-07,P008,364,False,0
2023-07-07,P009,54,False,0
2023-07-07,P010,371,False,0
2023-07-07,P011,162,False,0
2023-07-07,P012,75,False,0
2023-07-07,P013,484,False,0
2023-07-07,P014,117,False,0
2023-07-07,P015,489,False,0
2023-07-07,P016,455,False,0
2023-07-07,P017,326,False,0
2023-07-07,P018,162,False,0
2023-07-07,P019,303,False,0
2023-07-07,P020,440,False,0
2023-07-07,P021,225,False,0
2023-07-07,P022,135,False,0
2023-07-07,P023,87,False,0
2023-07-07,P024,176,False,0
2023-07-07,P025,235,False,0
2023-07-07,P026,110,False,0
2023-07-07,P027,122,False,0
2023-07-07,P028,216,False,0
2023-07-07,P029,228,False,0
2023-07-07,P030,105,False,0
2023-07-07,P031,82,False,0
2023-07-07,P032,429,False,0
2023-07-07,P033,190,False,0
2023-07-07,P034,98,False,0
2023-07-07,P035,202,False,0
2023-07-07,P036,321,False,0
2023-07-07,P037,81,False,0
2023-07-07,P038,161,False,0
2023-07-07,P039,387,False,0
2023-07-07,P040,145,False,0
2023-07-08,P001,437,False,0
2023-07-08,P002,386,False,0
2023-07-08,P003,459,False,0
2023-07-08,P004,270,False,0
2023-07-08,P005,219,False,0
2023-07-08,P006,419,False,0
2023-07-08,P007,184,False,0
2023-07-08,P008,363,False,0
2023-07-08,P009,500,False,451
2023-07-08,P010,368,False,0
2023-07-08,P011,162,False,0
2023-07-08,P012,70,False,0
2023-07-08,P013,478,False,0
2023-07-08,P014,117,False,0
2023-07-08,P015,489,False,0
2023-07-08,P016,445,False,0
2023-07-08,P017,326,False,0
2023-07-08,P018,157,False,0
2023-07-08,P019,302,False,0
2023-07-08,P020,440,False,0
2023-07-08,P021,219,False,0
2023-07-08,P022,135,False,0
2023-07-08,P023,79,False,0
2023-07-08,P024,176,False,0
2023-07-08,P025,230,False,0
2023-07-08,P026,100,False,0
2023-07-08,P027,122,False,0
2023-07-08,P028,207,False,0
2023-07-08,P029,223,False,0
2023-07-08,P030,105,False,0
2023-07-08,P031,76,False,0
2023-07-08,P032,428,False,0
2023-07-08,P033,185,False,0
2023-07-08,P034,94,False,0
2023-07-08,P035,182,False,0
2023-07-08,P036,321,False,0
2023-07-08,P037,81,False,0
2023-07-08,P038,161,False,0
2023-07-08,P039,385,False,0
2023-07-08,P040,140,False,0
2023-07-09,P001,432,False,0
2023-07-09,P002,384,False,0
2023-07-09,P003,457,False,0
2023-07-09,P004,256,False,0
2023-07-09,P005,219,False,0
2023-07-09,P006,419,False,0
2023-07-09,P007,175,False,0
2023-07-09,P008,362,False,0
2023-07-09,P009,485,False,0
2023-07-09,P010,367,False,0
2023-07-09,P011,162,False,0
2023-07-09,P012,61,False,0
2023-07-09,P013,471,False,0
2023-07-09,P014,114,False,0
2023-07-09,P015,480,False,0
2023-07-09,P016,437,False,0
2023-07-09,P017,318,False,0
2023-07-09,P018,152,False,0
2023-07-09,P019,293,False,0
2023-07-09,P020,440,False,0
2023-07-09,P021,212,False,0
2023-07-09,P022,133,False,0
2023-07-09,P023,77,False,0
2023-07-09,P024,173,False,0
2023-07-09,P025,219,False,0
2023-07-09,P026,100,False,0
2023-07-09,P027,122,False,0
2023-07-09,P028,198,False,0
2023-07-09,P029,223,False,0
2023-07-09,P030,99,False,0
2023-07-09,P031,62,False,0
2023-07-09,P032,422,False,0
2023-07-09,P033,171,False,0
2023-07-09,P034,80,False,0
2023-07-09,P035,172,False,0
2023-07-09,P036,314,False,0
2023-07-09,P037,79,False,0
2023-07-09,P038,148,False,0
2023-07-09,P039,382,False,0
2023-07-09,P040,123,False,0
2023-07-10,P001,422,False,0
2023-07-10,P002,380,False,0
2023-07-10,P003,449,False,0
2023-07-10,P004,233,False,0
2023-07-10,P005,219,False,0
2023-07-10,P006,419,False,0
2023-07-10,P007,171,False,0
2023-07-10,P008,352,False,0
2023-07-10,P009,479,False,0
2023-07-10,P010,360,False,0
2023-07-10,P011,160,False,0
2023-07-10,P012,500,False,462
2023-07-10,P013,456,False,0
2023-07-10,P014,110,False,0
2023-07-10,P015,475,False,0
2023-07-10,P016,433,False,0
2023-07-10,P017,312,False,0
2023-07-10,P018,146,False,0
2023-07-10,P019,287,False,0
2023-07-10,P020,440,False,0
2023-07-10,P021,204,False,0
2023-07-10,P022,126,False,0
2023-07-10,P023,70,False,0
2023-07-10,P024,167,False,0
2023-07-10,P025,212,False,0
2023-07-10,P026,92,False,0
2023-07-10,P027,112,False,0
2023-07-10,P028,191,False,0
2023-07-10,P029,204,False,0
2023-07-10,P030,99,False,0
2023-07-10,P031,500,False,478
2023-07-10,P032,422,False,0
2023-07-10,P033,148,False,0
2023-07-10,P034,68,False,0
2023-07-10,P035,171,False,0
2023-07-10,P036,307,False,0
2023-07-10,P037,71,False,0
2023-07-10,P038,148,False,0
2023-07-10,P039,380,False,0
2023-07-10,P040,115,False,0
2023-07-11,P001,422,False,0
2023-07-11,P002,376,False,0
2023-07-11,P003,446,False,0
2023-07-11,P004,219,False,0
2023-07-11,P005,219,False,0
2023-07-11,P006,419,False,0
2023-07-11,P007,162,False,0
2023-07-11,P008,348,False,0
2023-07-11,P009,475,False,0
2023-07-11,P010,330,False,0
2023-07-11,P011,160,False,0
2023-07-11,P012,498,False,0
2023-07-11,P013,453,False,0
2023-07-11,P014,110,False,0
2023-07-11,P015,467,False,0
2023-07-11,P016,433,False,0
2023-07-11,P017,308,False,0
2023-07-11,P018,144,False,0
2023-07-11,P019,287,False,0
2023-07-11,P020,440,False,0
2023-07-11,P021,191,False,0
2023-07-11,P022,120,False,0
2023-07-11,P023,63,False,0
2023-07-11,P024,167,False,0
2023-07-11,P025,207,False,0
2023-07-11,P026,85,False,0
2023-07-11,P027,109,False,0
2023-07-11,P028,188,False,0
2023-07-11,P029,200,False,0
2023-07-11,P030,99,False,0
2023-07-11,P031,492,False,0
2023-07-11,P032,422,False,0
2023-07-11,P033,148,False,0
2023-07-11,P034,56,False,0
2023-07-11,P035,171,False,0
2023-07-11,P036,307,False,0
2023-07-11,P037,61,False,0
2023-07-11,P038,148,False,0
2023-07-11,P039,380,False,0
2023-07-11,P040,115,False,0
2023-07-12,P001,413,False,0
2023-07-12,P002,366,False,0
2023-07-12,P003,446,False,0
2023-07-12,P004,207,False,0
2023-07-12,P005,219,False,0
2023-07-12,P006,414,False,0
2023-07-12,P007,152,False,0
2023-07-12,P008,339,False,0
2023-07-12,P009,468,False,0
2023-07-12,P010,326,False,0
2023-07-12,P011,160,False,0
2023-07-12,P012,489,False,0
2023-07-12,P013,453,False,0
2023-07-12,P014,107,False,0
2023-07-12,P015,467,False,0
2023-07-12,P016,428,False,0
2023-07-12,P017,303,False,0
2023-07-12,P018,144,False,0
2023-07-12,P019,284,False,0
2023-07-12,P020,440,False,0
2023-07-12,P021,175,False,0
2023-07-12,P022,113,False,0
2023-07-12,P023,500,False,451
2023-07-12,P024,167,False,0
2023-07-12,P025,207,False,0
2023-07-12,P026,81,False,0
2023-07-12,P027,102,False,0
2023-07-12,P028,173,False,0
2023-07-12,P029,197,False,0
2023-07-12,P030,97,False,0
2023-07-12,P031,488,False,0
2023-07-12,P032,422,False,0
2023-07-12,P033,134,False,0
2023-07-12,P034,55,False,0
2023-07-12,P035,149,False,0
2023-07-12,P036,302,False,0
2023-07-12,P037,61,False,0
2023-07-12,P038,148,False,0
2023-07-12,P039,366,False,0
2023-07-12,P040,111,False,0
2023-07-13,P001,413,False,0
2023-07-13,P002,366,False,0
2023-07-13,P003,438,False,0
2023-07-13,P004,191,False,0
2023-07-13,P005,219,False,0
2023-07-13,P006,411,False,0
2023-07-13,P007,141,False,0
2023-07-13,P008,331,False,0
2023-07-13,P009,464,False,0
2023-07-13,P010,325,False,0
2023-07-13,P011,157,False,0
2023-07-13,P012,480,False,0
2023-07-13,P013,444,False,0
2023-07-13,P014,107,False,0
2023-07-13,P015,467,False,0
2023-07-13,P016,415,False,0
2023-07-13,P017,297,False,0
2023-07-13,P018,140,False,0
2023-07-13,P019,284,False,0
2023-07-13,P020,440,False,0
2023-07-13,P021,171,False,0
2023-07-13,P022,111,False,0
2023-07-13,P023,496,False,0
2023-07-13,P024,167,False,0
2023-07-13,P025,207,False,0
2023-07-13,P026,75,False,0
2023-07-13,P027,92,False,0
2023-07-13,P028,168,False,0
2023-07-13,P029,194,False,0
2023-07-13,P030,97,False,0
2023-07-13,P031,487,False,0
2023-07-13,P032,420,False,0
2023-07-13,P033,125,False,0
2023-07-13,P034,500,False,451
2023-07-13,P035,142,False,0
2023-07-13,P036,300,False,0
2023-07-13,P037,58,False,0
2023-07-13,P038,145,False,0
2023-07-13,P039,362,False,0
2023-07-13,P040,104,False,0
2023-07-14,P001,405,False,0
2023-07-14,P002,366,False,0
2023-07-14,P003,437,False,0
2023-07-14,P004,182,False,0
2023-07-14,P005,218,False,0
2023-07-14,P006,411,False,0
2023-07-14,P007,134,False,0
2023-07-14,P008,331,False,0
2023-07-14,P009,459,False,0
2023-07-14,P010,325,False,0
2023-07-14,P011,157,False,0
2023-07-14,P012,480,False,0
2023-07-14,P013,441,False,0
2023-07-14,P014,103,False,0
2023-07-14,P015,463,False,0
2023-07-14,P016,410,False,0
2023-07-14,P017,297,False,0
2023-07-14,P018,136,False,0
2023-07-14,P019,279,False,0
2023-07-14,P020,440,False,0
2023-07-14,P021,161,False,0
2023-07-14,P022,108,False,0
2023-07-14,P023,491,False,0
2023-07-14,P024,164,False,0
2023-07-14,P025,207,False,0
2023-07-14,P026,75,False,0
2023-07-14,P027,87,False,0
2023-07-14,P028,159,False,0
2023-07-14,P029,193,False,0
2023-07-14,P030,93,False,0
2023-07-14,P031,482,False,0
2023-07-14,P032,420,False,0
2023-07-14,P033,121,False,0
2023-07-14,P034,495,False,0
2023-07-14,P035,130,False,0
2023-07-14,P036,297,False,0
2023-07-14,P037,56,False,0
2023-07-14,P038,141,False,0
2023-07-14,P039,362,False,0
2023-07-14,P040,104,False,0
2023-07-15,P001,397,False,0
2023-07-15,P002,366,False,0
2023-07-15,P003,431,False,0
2023-07-15,P004,170,False,0
2023-07-15,P005,218,False,0
2023-07-15,P006,399,False,0
2023-07-15,P007,123,False,0
2023-07-15,P008,323,False,0
2023-07-15,P009,437,False,0
2023-07-15,P010,325,False,0
2023-07-15,P011,156,False,0
2023-07-15,P012,474,False,0
2023-07-15,P013,434,False,0
2023-07-15,P014,98,False,0
2023-07-15,P015,463,False,0
2023-07-15,P016,410,False,0
2023-07-15,P017,293,False,0
2023-07-15,P018,129,False,0
2023-07-15,P019,279,False,0
2023-07-15,P020,440,False,0
2023-07-15,P021,159,False,0
2023-07-15,P022,100,False,0
2023-07-15,P023,483,False,0
2023-07-15,P024,164,False,0
2023-07-15,P025,207,False,0
2023-07-15,P026,66,False,0
2023-07-15,P027,82,False,0
2023-07-15,P028,154,False,0
2023-07-15,P029,193,False,0
2023-07-15,P030,89,False,0
2023-07-15,P031,466,False,0
2023-07-15,P032,415,False,0
2023-07-15,P033,121,False,0
2023-07-15,P034,495,False,0
2023-07-15,P035,119,False,0
2023-07-15,P036,297,False,0
2023-07-15,P037,50,False,0
2023-07-15,P038,131,False,0
2023-07-15,P039,354,False,0
2023-07-15,P040,101,False,0
2023-07-16,P001,396,False,0
2023-07-16,P002,338,False,0
2023-07-16,P003,431,False,0
2023-07-16,P004,161,False,0
2023-07-16,P005,218,False,0
2023-07-16,P006,398,False,0
2023-07-16,P007,110,False,0
2023-07-16,P008,313,False,0
2023-07-16,P009,430,False,0
2023-07-16,P010,322,False,0
2023-07-16,P011,156,False,0
2023-07-16,P012,470,False,0
2023-07-16,P013,414,False,0
2023-07-16,P014,98,False,0
2023-07-16,P015,463,False,0
2023-07-16,P016,396,False,0
2023-07-16,P017,292,False,0
2023-07-16,P018,120,False,0
2023-07-16,P019,273,False,0
2023-07-16,P020,440,False,0
2023-07-16,P021,143,False,0
2023-07-16,P022,95,False,0
2023-07-16,P023,479,False,0
2023-07-16,P024,164,False,0
2023-07-16,P025,205,False,0
2023-07-16,P026,58,False,0
2023-07-16,P027,61,False,0
2023-07-16,P028,134,False,0
2023-07-16,P029,193,False,0
2023-07-16,P030,68,False,0
2023-07-16,P031,454,False,0
2023-07-16,P032,415,False,0
2023-07-16,P033,112,False,0
2023-07-16,P034,483,False,0
2023-07-16,P035,104,False,0
2023-07-16,P036,295,False,0
2023-07-16,P037,500,False,461
2023-07-16,P038,131,False,0
2023-07-16,P039,341,False,0
2023-07-16,P040,91,False,0
2023-07-17,P001,384,False,0
2023-07-17,P002,334,False,0
2023-07-17,P003,427,False,0
2023-07-17,P004,137,False,0
2023-07-17,P005,218,False,0
2023-07-17,P006,391,False,0
2023-07-17,P007,101,False,0
2023-07-17,P008,300,False,0
2023-07-17,P009,426,False,0
2023-07-17,P010,319,False,0
2023-07-17,P011,152,False,0
2023-07-17,P012,462,False,0
2023-07-17,P013,412,False,0
2023-07-17,P014,98,False,0
2023-07-17,P015,459,False,0
2023-07-17,P016,380,False,0
2023-07-17,P017,288,False,0
2023-07-17,P018,113,False,0
2023-07-17,P019,273,False,0
2023-07-17,P020,440,False,0
2023-07-17,P021,140,False,0
2023-07-17,P022,89,False,0
2023-07-17,P023,473,False,0
2023-07-17,P024,164,False,0
2023-07-17,P025,205,False,0
2023-07-17,P026,50,False,0
2023-07-17,P027,55,False,0
2023-07-17,P028,129,False,0
2023-07-17,P029,192,False,0
2023-07-17,P030,61,False,0
2023-07-17,P031,431,False,0
2023-07-17,P032,415,False,0
2023-07-17,P033,100,False,0
2023-07-17,P034,477,False,0
2023-07-17,P035,80,False,0
2023-07-17,P036,290,False,0
2023-07-17,P037,491,False,0
2023-07-17,P038,127,False,0
2023-07-17,P039,334,False,0
2023-07-17,P040,85,False,0
2023-07-18,P001,377,False,0
2023-07-18,P002,329,False,0
2023-07-18,P003,427,False,0
2023-07-18,P004,129,False,0
2023-07-18,P005,218,False,0
2023-07-18,P006,388,False,0
2023-07-18,P007,97,False,0
2023-07-18,P008,293,False,0
2023-07-18,P009,426,False,0
2023-07-18,P010,319,False,0
2023-07-18,P011,152,False,0
2023-07-18,P012,462,False,0
2023-07-18,P013,412,False,0
2023-07-18,P014,98,False,0
2023-07-18,P015,459,False,0
2023-07-18,P016,379,False,0
2023-07-18,P017,288,False,0
2023-07-18,P018,113,False,0
2023-07-18,P019,273,False,0
2023-07-18,P020,440,False,0
2023-07-18,P021,135,False,0
2023-07-18,P022,85,False,0
2023-07-18,P023,473,False,0
2023-07-18,P024,164,False,0
2023-07-18,P025,205,False,0
2023-07-18,P026,50,False,0
2023-07-18,P027,55,False,0
2023-07-18,P028,118,False,0
2023-07-18,P029,192,False,0
2023-07-18,P030,60,False,0
2023-07-18,P031,426,False,0
2023-07-18,P032,410,False,0
2023-07-18,P033,94,False,0
2023-07-18,P034,477,False,0
2023-07-18,P035,72,False,0
2023-07-18,P036,288,False,0
2023-07-18,P037,487,False,0
2023-07-18,P038,122,False,0
2023-07-18,P039,334,False,0
2023-07-18,P040,82,False,0
2023-07-19,P001,376,False,0
2023-07-19,P002,321,False,0
2023-07-19,P003,425,False,0
2023-07-19,P004,116,False,0
2023-07-19,P005,218,False,0
2023-07-19,P006,383,False,0
2023-07-19,P007,97,False,0
2023-07-19,P008,291,False,0
2023-07-19,P009,412,False,0
2023-07-19,P010,319,False,0
2023-07-19,P011,152,False,0
2023-07-19,P012,462,False,0
2023-07-19,P013,410,False,0
2023-07-19,P014,98,False,0
2023-07-19,P015,459,False,0
2023-07-19,P016,374,False,0
2023-07-19,P017,280,False,0
2023-07-19,P018,113,False,0
2023-07-19,P019,273,False,0
2023-07-19,P020,440,False,0
2023-07-19,P021,128,False,0
2023-07-19,P022,80,False,0
2023-07-19,P023,468,False,0
2023-07-19,P024,162,False,0
2023-07-19,P025,204,False,0
2023-07-19,P026,50,False,0
2023-07-19,P027,500,False,452
2023-07-19,P028,113,False,0
2023-07-19,P029,192,False,0
2023-07-19,P030,60,False,0
2023-07-19,P031,426,False,0
2023-07-19,P032,409,False,0
2023-07-19,P033,87,False,0
2023-07-19,P034,472,False,0
2023-07-19,P035,72,False,0
2023-07-19,P036,283,False,0
2023-07-19,P037,487,False,0
2023-07-19,P038,122,False,0
2023-07-19,P039,328,False,0
2023-07-19,P040,82,False,0
2023-07-20,P001,373,False,0
2023-07-20,P002,315,False,0
2023-07-20,P003,422,False,0
2023-07-20,P004,106,False,0
2023-07-20,P005,218,False,0
2023-07-20,P006,383,False,0
2023-07-20,P007,94,False,0
2023-07-20,P008,286,False,0
2023-07-20,P009,407,False,0
2023-07-20,P010,316,False,0
2023-07-20,P011,152,False,0
2023-07-20,P012,457,False,0
2023-07-20,P013,409,False,0
2023-07-20,P014,78,False,0
2023-07-20,P015,459,False,0
2023-07-20,P016,369,False,0
2023-07-20,P017,277,False,0
2023-07-20,P018,106,False,0
2023-07-20,P019,273,False,0
2023-07-20,P020,440,False,0
2023-07-20,P021,123,False,0
2023-07-20,P022,74,False,0
2023-07-20,P023,468,False,0
2023-07-20,P024,162,False,0
2023-07-20,P025,196,False,0
2023-07-20,P026,50,False,0
2023-07-20,P027,495,False,0
2023-07-20,P028,102,False,0
2023-07-20,P029,190,False,0
2023-07-20,P030,58,False,0
2023-07-20,P031,420,False,0
2023-07-20,P032,409,False,0
2023-07-20,P033,77,False,0
2023-07-20,P034,469,False,0
2023-07-20,P035,59,False,0
2023-07-20,P036,276,False,0
2023-07-20,P037,477,False,0
2023-07-20,P038,122,False,0
2023-07-20,P039,325,False,0
2023-07-20,P040,82,False,0
2023-07-21,P001,371,False,0
2023-07-21,P002,315,False,0
2023-07-21,P003,420,False,0
2023-07-21,P004,102,False,0
2023-07-21,P005,218,False,0
2023-07-21,P006,383,False,0
2023-07-21,P007,89,False,0
2023-07-21,P008,280,False,0
2023-07-21,P009,400,False,0
2023-07-21,P010,316,False,0
2023-07-21,P011,148,False,0
2023-07-21,P012,447,False,0
2023-07-21,P013,409,False,0
2023-07-21,P014,78,False,0
2023-07-21,P015,459,False,0
2023-07-21,P016,366,False,0
2023-07-21,P017,275,False,0
2023-07-21,P018,93,False,0
2023-07-21,P019,273,False,0
2023-07-21,P020,440,False,0
2023-07-21,P021,115,False,0
2023-07-21,P022,74,False,0
2023-07-21,P023,466,False,0
2023-07-21,P024,162,False,0
2023-07-21,P025,173,False,0
2023-07-21,P026,50,False,0
2023-07-21,P027,488,False,0
2023-07-21,P028,100,False,0
2023-07-21,P029,187,False,0
2023-07-21,P030,58,False,0
2023-07-21,P031,420,False,0
2023-07-21,P032,404,False,0
2023-07-21,P033,63,False,0
2023-07-21,P034,469,False,0
2023-07-21,P035,50,False,0
2023-07-21,P036,269,False,0
2023-07-21,P037,471,False,0
2023-07-21,P038,119,False,0
2023-07-21,P039,325,False,0
2023-07-21,P040,76,False,0
2023-07-22,P001,355,False,0
2023-07-22,P002,311,False,0
2023-07-22,P003,420,False,0
2023-07-22,P004,96,False,0
2023-07-22,P005,218,False,0
2023-07-22,P006,378,False,0
2023-07-22,P007,88,False,0
2023-07-22,P008,259,False,0
2023-07-22,P009,400,False,0
2023-07-22,P010,312,False,0
2023-07-22,P011,143,False,0
2023-07-22,P012,447,False,0
2023-07-22,P013,406,False,0
2023-07-22,P014,75,False,0
2023-07-22,P015,459,False,0
2023-07-22,P016,362,False,0
2023-07-22,P017,274,False,0
2023-07-22,P018,76,False,0
2023-07-22,P019,270,False,0
2023-07-22,P020,440,False,0
2023-07-22,P021,107,False,0
2023-07-22,P022,74,False,0
2023-07-22,P023,466,False,0
2023-07-22,P024,162,False,0
2023-07-22,P025,173,False,0
2023-07-22,P026,500,False,460
2023-07-22,P027,480,False,0
2023-07-22,P028,89,False,0
2023-07-22,P029,187,False,0
2023-07-22,P030,58,False,0
2023-07-22,P031,408,False,0
2023-07-22,P032,399,False,0
2023-07-22,P033,52,False,0
2023-07-22,P034,469,False,0
2023-07-22,P035,500,False,459
2023-07-22,P036,267,False,0
2023-07-22,P037,465,False,0
2023-07-22,P038,119,False,0
2023-07-22,P039,320,False,0
2023-07-22,P040,76,False,0
2023-07-23,P001,340,False,0
2023-07-23,P002,308,False,0
2023-07-23,P003,407,False,0
2023-07-23,P004,91,False,0
2023-07-23,P005,214,False,0
2023-07-23,P006,378,False,0
2023-07-23,P007,86,False,0
2023-07-23,P008,257,False,0
2023-07-23,P009,387,False,0
2023-07-23,P010,312,False,0
2023-07-23,P011,142,False,0
2023-07-23,P012,447,False,0
2023-07-23,P013,400,False,0
2023-07-23,P014,66,False,0
2023-07-23,P015,459,False,0
2023-07-23,P016,357,False,0
2023-07-23,P017,274,False,0
2023-07-23,P018,68,False,0
2023-07-23,P019,262,False,0
2023-07-23,P020,440,False,0
2023-07-23,P021,101,False,0
2023-07-23,P022,63,False,0
2023-07-23,P023,456,False,0
2023-07-23,P024,162,False,0
2023-07-23,P025,170,False,0
2023-07-23,P026,492,False,0
2023-07-23,P027,449,False,0
2023-07-23,P028,80,False,0
2023-07-23,P029,169,False,0
2023-07-23,P030,57,False,0
2023-07-23,P031,397,False,0
2023-07-23,P032,396,False,0
2023-07-23,P033,500,False,457
2023-07-23,P034,460,False,0
2023-07-23,P035,486,False,0
2023-07-23,P036,252,False,0
2023-07-23,P037,464,False,0
2023-07-23,P038,119,False,0
2023-07-23,P039,315,False,0
2023-07-23,P040,70,False,0
2023-07-24,P001,327,False,0
2023-07-24,P002,306,False,0
2023-07-24,P003,407,False,0
2023-07-24,P004,77,False,0
2023-07-24,P005,214,False,0
2023-07-24,P006,378,False,0
2023-07-24,P007,78,False,0
2023-07-24,P008,257,False,0
2023-07-24,P009,383,False,0
2023-07-24,P010,312,False,0
2023-07-24,P011,142,False,0
2023-07-24,P012,445,False,0
2023-07-24,P013,389,False,0
2023-07-24,P014,500,False,460
2023-07-24,P015,454,False,0
2023-07-24,P016,350,False,0
2023-07-24,P017,273,False,0
2023-07-24,P018,67,False,0
2023-07-24,P019,262,False,0
2023-07-24,P020,440,False,0
2023-07-24,P021,88,False,0
2023-07-24,P022,53,False,0
2023-07-24,P023,456,False,0
2023-07-24,P024,162,False,0
2023-07-24,P025,170,False,0
2023-07-24,P026,492,False,0
2023-07-24,P027,439,False,0
2023-07-24,P028,74,False,0
2023-07-24,P029,165,False,0
2023-07-24,P030,52,False,0
2023-07-24,P031,382,False,0
2023-07-24,P032,396,False,0
2023-07-24,P033,482,False,0
2023-07-24,P034,458,False,0
2023-07-24,P035,483,False,0
2023-07-24,P036,252,False,0
2023-07-24,P037,464,False,0
2023-07-24,P038,119,False,0
2023-07-24,P039,312,False,0
2023-07-24,P040,68,False,0
2023-07-25,P001,316,False,0
2023-07-25,P002,286,False,0
2023-07-25,P003,407,False,0
2023-07-25,P004,62,False,0
2023-07-25,P005,214,False,0
2023-07-25,P006,373,False,0
2023-07-25,P007,70,False,0
2023-07-25,P008,252,False,0
2023-07-25,P009,373,False,0
2023-07-25,P010,301,False,0
2023-07-25,P011,138,False,0
2023-07-25,P012,436,False,0
2023-07-25,P013,388,False,0
2023-07-25,P014,500,False,0
2023-07-25,P015,454,False,0
2023-07-25,P016,348,False,0
2023-07-25,P017,266,False,0
2023-07-25,P018,66,False,0
2023-07-25,P019,258,False,0
2023-07-25,P020,440,False,0
2023-07-25,P021,83,False,0
2023-07-25,P022,500,False,451
2023-07-25,P023,455,False,0
2023-07-25,P024,162,False,0
2023-07-25,P025,170,False,0
2023-07-25,P026,483,False,0
2023-07-25,P027,432,False,0
2023-07-25,P028,68,False,0
2023-07-25,P029,165,False,0
2023-07-25,P030,52,False,0
2023-07-25,P031,380,False,0
2023-07-25,P032,396,False,0
2023-07-25,P033,477,False,0
2023-07-25,P034,453,False,0
2023-07-25,P035,478,False,0
2023-07-25,P036,252,False,0
2023-07-25,P037,461,False,0
2023-07-25,P038,119,False,0
2023-07-25,P039,312,False,0
2023-07-25,P040,65,False,0
2023-07-26,P001,309,False,0
2023-07-26,P002,283,False,0
2023-07-26,P003,407,False,0
2023-07-26,P004,53,False,0
2023-07-26,P005,213,False,0
2023-07-26,P006,373,False,0
2023-07-26,P007,65,False,0
2023-07-26,P008,237,False,0
2023-07-26,P009,373,False,0
2023-07-26,P010,293,False,0
2023-07-26,P011,138,False,0
2023-07-26,P012,429,False,0
2023-07-26,P013,382,False,0
2023-07-26,P014,500,False,0
2023-07-26,P015,453,False,0
2023-07-26,P016,343,False,0
2023-07-26,P017,266,False,0
2023-07-26,P018,57,False,0
2023-07-26,P019,251,False,0
2023-07-26,P020,440,False,0
2023-07-26,P021,74,False,0
2023-07-26,P022,492,False,0
2023-07-26,P023,455,False,0
2023-07-26,P024,162,False,0
2023-07-26,P025,166,False,0
2023-07-26,P026,475,False,0
2023-07-26,P027,429,False,0
2023-07-26,P028,65,False,0
2023-07-26,P029,165,False,0
2023-07-26,P030,51,False,0
2023-07-26,P031,380,False,0
2023-07-26,P032,396,False,0
2023-07-26,P033,468,False,0
2023-07-26,P034,453,False,0
2023-07-26,P035,475,False,0
2023-07-26,P036,252,False,0
2023-07-26,P037,458,False,0
2023-07-26,P038,118,False,0
2023-07-26,P039,304,False,0
2023-07-26,P040,500,False,452
2023-07-27,P001,309,False,0
2023-07-27,P002,280,False,0
2023-07-27,P003,407,False,0
2023-07-27,P004,500,False,454
2023-07-27,P005,213,False,0
2023-07-27,P006,373,False,0
2023-07-27,P007,56,False,0
2023-07-27,P008,237,False,0
2023-07-27,P009,365,False,0
2023-07-27,P010,290,False,0
2023-07-27,P011,138,False,0
2023-07-27,P012,404,False,0
2023-07-27,P013,359,False,0
2023-07-27,P014,500,False,0
2023-07-27,P015,453,False,0
2023-07-27,P016,335,False,0
2023-07-27,P017,265,False,0
2023-07-27,P018,51,False,0
2023-07-27,P019,242,False,0
2023-07-27,P020,440,False,0
2023-07-27,P021,71,False,0
2023-07-27,P022,491,False,0
2023-07-27,P023,455,False,0
2023-07-27,P024,162,False,0
2023-07-27,P025,166,False,0
2023-07-27,P026,475,False,0
2023-07-27,P027,424,False,0
2023-07-27,P028,57,False,0
2023-07-27,P029,165,False,0
2023-07-27,P030,500,False,454
2023-07-27,P031,377,False,0
2023-07-27,P032,395,False,0
2023-07-27,P033,456,False,0
2023-07-27,P034,448,False,0
2023-07-27,P035,470,False,0
2023-07-27,P036,252,False,0
2023-07-27,P037,453,False,0
2023-07-27,P038,113,False,0
2023-07-27,P039,304,False,0
2023-07-27,P040,492,False,0
2023-07-28,P001,304,False,0
2023-07-28,P002,263,False,0
2023-07-28,P003,407,False,0
2023-07-28,P004,494,False,0
2023-07-28,P005,213,False,0
2023-07-28,P006,373,False,0
2023-07-28,P007,500,False,451
2023-07-28,P008,228,False,0
2023-07-28,P009,360,False,0
2023-07-28,P010,280,False,0
2023-07-28,P011,136,False,0
2023-07-28,P012,395,False,0
2023-07-28,P013,352,False,0
2023-07-28,P014,500,False,0
2023-07-28,P015,450,False,0
2023-07-28,P016,331,False,0
2023-07-28,P017,261,False,0
2023-07-28,P018,51,False,0
2023-07-28,P019,233,False,0
2023-07-28,P020,440,False,0
2023-07-28,P021,65,False,0
2023-07-28,P022,488,False,0
2023-07-28,P023,453,False,0
2023-07-28,P024,161,False,0
2023-07-28,P025,156,False,0
2023-07-28,P026,475,False,0
2023-07-28,P027,421,False,0
2023-07-28,P028,53,False,0
2023-07-28,P029,164,False,0
2023-07-28,P030,496,False,0
2023-07-28,P031,376,False,0
2023-07-28,P032,395,False,0
2023-07-28,P033,453,False,0
2023-07-28,P034,445,False,0
2023-07-28,P035,462,False,0
2023-07-28,P036,247,False,0
2023-07-28,P037,453,False,0
2023-07-28,P038,108,False,0
2023-07-28,P039,304,False,0
2023-07-28,P040,492,False,0
2023-07-29,P001,297,False,0
2023-07-29,P002,262,False,0
2023-07-29,P003,407,False,0
2023-07-29,P004,478,False,0
2023-07-29,P005,213,False,0
2023-07-29,P006,373,False,0
2023-07-29,P007,489,False,0
2023-07-29,P008,225,False,0
2023-07-29,P009,345,False,0
2023-07-29,P010,280,False,0
2023-07-29,P011,136,False,0
2023-07-29,P012,389,False,0
2023-07-29,P013,350,False,0
2023-07-29,P014,500,False,0
2023-07-29,P015,448,False,0
2023-07-29,P016,321,False,0
2023-07-29,P017,261,False,0
2023-07-29,P018,500,False,467
2023-07-29,P019,230,False,0
2023-07-29,P020,440,False,0
2023-07-29,P021,56,False,0
2023-07-29,P022,479,False,0
2023-07-29,P023,453,False,0
2023-07-29,P024,157,False,0
2023-07-29,P025,152,False,0
2023-07-29,P026,475,False,0
2023-07-29,P027,417,False,0
2023-07-29,P028,500,False,463
2023-07-29,P029,164,False,0
2023-07-29,P030,496,False,0
2023-07-29,P031,326,False,0
2023-07-29,P032,395,False,0
2023-07-29,P033,443,False,0
2023-07-29,P034,436,False,0
2023-07-29,P035,456,False,0
2023-07-29,P036,239,False,0
2023-07-29,P037,447,False,0
2023-07-29,P038,108,False,0
2023-07-29,P039,300,False,0
2023-07-29,P040,490,False,0
2023-07-30,P001,284,False,0
2023-07-30,P002,260,False,0
2023-07-30,P003,400,False,0
2023-07-30,P004,453,False,0
2023-07-30,P005,199,False,0
2023-07-30,P006,370,False,0
2023-07-30,P007,470,False,0
2023-07-30,P008,218,False,0
2023-07-30,P009,336,False,0
2023-07-30,P010,278,False,0
2023-07-30,P011,120,False,0
2023-07-30,P012,389,False,0
2023-07-30,P013,342,False,0
2023-07-30,P014,500,False,0
2023-07-30,P015,448,False,0
2023-07-30,P016,311,False,0
2023-07-30,P017,259,False,0
2023-07-30,P018,495,False,0
2023-07-30,P019,227,False,0
2023-07-30,P020,440,False,0
2023-07-30,P021,54,False,0
2023-07-30,P022,478,False,0
2023-07-30,P023,448,False,0
2023-07-30,P024,155,False,0
2023-07-30,P025,147,False,0
2023-07-30,P026,473,False,0
2023-07-30,P027,407,False,0
2023-07-30,P028,491,False,0
2023-07-30,P029,162,False,0
2023-07-30,P030,494,False,0
2023-07-30,P031,307,False,0
2023-07-30,P032,395,False,0
2023-07-30,P033,432,False,0
2023-07-30,P034,424,False,0
2023-07-30,P035,447,False,0
2023-07-30,P036,239,False,0
2023-07-30,P037,447,False,0
2023-07-30,P038,104,False,0
2023-07-30,P039,299,False,0
2023-07-30,P040,477,False,0
2023-07-31,P001,268,False,0
2023-07-31,P002,254,False,0
2023-07-31,P003,400,False,0
2023-07-31,P004,451,False,0
2023-07-31,P005,195,False,0
2023-07-31,P006,367,False,0
2023-07-31,P007,460,False,0
2023-07-31,P008,203,False,0
2023-07-31,P009,332,False,0
2023-07-31,P010,277,False,0
2023-07-31,P011,120,False,0
2023-07-31,P012,385,False,0
2023-07-31,P013,337,False,0
2023-07-31,P014,497,False,0
2023-07-31,P015,445,False,0
2023-07-31,P016,289,False,0
2023-07-31,P017,243,False,0
2023-07-31,P018,485,False,0
2023-07-31,P019,227,False,0
2023-07-31,P020,440,False,0
2023-07-31,P021,500,False,455
2023-07-31,P022,465,False,0
2023-07-31,P023,446,False,0
2023-07-31,P024,152,False,0
2023-07-31,P025,147,False,0
2023-07-31,P026,473,False,0
2023-07-31,P027,404,False,0
2023-07-31,P028,490,False,0
2023-07-31,P029,149,False,0
2023-07-31,P030,489,False,0
2023-07-31,P031,299,False,0
2023-07-31,P032,392,False,0
2023-07-31,P033,424,False,0
2023-07-31,P034,421,False,0
2023-07-31,P035,442,False,0
2023-07-31,P036,235,False,0
2023-07-31,P037,440,False,0
2023-07-31,P038,101,False,0
2023-07-31,P039,292,False,0
2023-07-31,P040,468,False,0
2023-08-01,P001,268,False,0
2023-08-01,P002,0,True,0
2023-08-01,P003,395,False,0
2023-08-01,P004,449,False,0
2023-08-01,P005,195,False,0
2023-08-01,P006,367,False,0
2023-08-01,P007,444,False,0
2023-08-01,P008,190,False,0
2023-08-01,P009,326,False,0
2023-08-01,P010,277,False,0
2023-08-01,P011,117,False,0
2023-08-01,P012,378,False,0
2023-08-01,P013,331,False,0
2023-08-01,P014,497,False,0
2023-08-01,P015,445,False,0
2023-08-01,P016,287,False,0
2023-08-01,P017,223,False,0
2023-08-01,P018,480,False,0
2023-08-01,P019,222,False,0
2023-08-01,P020,440,False,0
2023-08-01,P021,496,False,0
2023-08-01,P022,465,False,0
2023-08-01,P023,446,False,0
2023-08-01,P024,152,False,0
2023-08-01,P025,143,False,0
2023-08-01,P026,466,False,0
2023-08-01,P027,404,False,0
2023-08-01,P028,484,False,0
2023-08-01,P029,149,False,0
2023-08-01,P030,489,False,0
2023-08-01,P031,287,False,0
2023-08-01,P032,392,False,0
2023-08-01,P033,418,False,0
2023-08-01,P034,421,False,0
2023-08-01,P035,440,False,0
2023-08-01,P036,235,False,0
2023-08-01,P037,437,False,0
2023-08-01,P038,101,False,0
2023-08-01,P039,289,False,0
2023-08-01,P040,468,False,0
2023-08-02,P001,266,False,0
2023-08-02,P002,0,True,0
2023-08-02,P003,395,False,0
2023-08-02,P004,446,False,0
2023-08-02,P005,195,False,0
2023-08-02,P006,363,False,0
2023-08-02,P007,433,False,0
2023-08-02,P008,177,False,0
2023-08-02,P009,323,False,0
2023-08-02,P010,271,False,0
2023-08-02,P011,116,False,0
2023-08-02,P012,374,False,0
2023-08-02,P013,331,False,0
2023-08-02,P014,497,False,0
2023-08-02,P015,443,False,0
2023-08-02,P016,284,False,0
2023-08-02,P017,212,False,0
2023-08-02,P018,480,False,0
2023-08-02,P019,222,False,0
2023-08-02,P020,440,False,0
2023-08-02,P021,487,False,0
2023-08-02,P022,465,False,0
2023-08-02,P023,446,False,0
2023-08-02,P024,152,False,0
2023-08-02,P025,143,False,0
2023-08-02,P026,466,False,0
2023-08-02,P027,403,False,0
2023-08-02,P028,481,False,0
2023-08-02,P029,143,False,0
2023-08-02,P030,480,False,0
2023-08-02,P031,256,False,0
2023-08-02,P032,392,False,0
2023-08-02,P033,408,False,0
2023-08-02,P034,420,False,0
2023-08-02,P035,432,False,0
2023-08-02,P036,229,False,0
2023-08-02,P037,437,False,0
2023-08-02,P038,101,False,0
2023-08-02,P039,284,False,0
2023-08-02,P040,464,False,0
2023-08-03,P001,264,False,0
2023-08-03,P002,0,True,0
2023-08-03,P003,395,False,0
2023-08-03,P004,434,False,0
2023-08-03,P005,190,False,0
2023-08-03,P006,363,False,0
2023-08-03,P007,433,False,0
2023-08-03,P008,169,False,0
2023-08-03,P009,319,False,0
2023-08-03,P010,268,False,0
2023-08-03,P011,116,False,0
2023-08-03,P012,374,False,0
2023-08-03,P013,321,False,0
2023-08-03,P014,494,False,0
2023-08-03,P015,443,False,0
2023-08-03,P016,282,False,0
2023-08-03,P017,212,False,0
2023-08-03,P018,471,False,0
2023-08-03,P019,222,False,0
2023-08-03,P020,440,False,0
2023-08-03,P021,480,False,0
2023-08-03,P022,463,False,0
2023-08-03,P023,442,False,0
2023-08-03,P024,147,False,0
2023-08-03,P025,141,False,0
2023-08-03,P026,459,False,0
2023-08-03,P027,398,False,0
2023-08-03,P028,476,False,0
2023-08-03,P029,143,False,0
2023-08-03,P030,475,False,0
2023-08-03,P031,248,False,0
2023-08-03,P032,386,False,0
2023-08-03,P033,402,False,0
2023-08-03,P034,417,False,0
2023-08-03,P035,428,False,0
2023-08-03,P036,229,False,0
2023-08-03,P037,437,False,0
2023-08-03,P038,101,False,0
2023-08-03,P039,278,False,0
2023-08-03,P040,459,False,0
2023-08-04,P001,256,False,0
2023-08-04,P002,0,True,0
2023-08-04,P003,395,False,0
2023-08-04,P004,424,False,0
2023-08-04,P005,190,False,0
2023-08-04,P006,363,False,0
2023-08-04,P007,433,False,0
2023-08-04,P008,169,False,0
2023-08-04,P009,318,False,0
2023-08-04,P010,265,False,0
2023-08-04,P011,116,False,0
2023-08-04,P012,372,False,0
2023-08-04,P013,315,False,0
2023-08-04,P014,492,False,0
2023-08-04,P015,443,False,0
2023-08-04,P016,261,False,0
2023-08-04,P017,212,False,0
2023-08-04,P018,471,False,0
2023-08-04,P019,222,False,0
2023-08-04,P020,440,False,0
2023-08-04,P021,478,False,0
2023-08-04,P022,461,False,0
2023-08-04,P023,438,False,0
2023-08-04,P024,145,False,0
2023-08-04,P025,130,False,0
2023-08-04,P026,457,False,0
2023-08-04,P027,393,False,0
2023-08-04,P028,476,False,0
2023-08-04,P029,139,False,0
2023-08-04,P030,470,False,0
2023-08-04,P031,246,False,0
2023-08-04,P032,385,False,0
2023-08-04,P033,393,False,0
2023-08-04,P034,409,False,0
2023-08-04,P035,427,False,0
2023-08-04,P036,226,False,0
2023-08-04,P037,431,False,0
2023-08-04,P038,101,False,0
2023-08-04,P039,270,False,0
2023-08-04,P040,449,False,0
2023-08-05,P001,251,False,0
2023-08-05,P002,0,True,0
2023-08-05,P003,395,False,0
2023-08-05,P004,407,False,0
2023-08-05,P005,190,False,0
2023-08-05,P006,360,False,0
2023-08-05,P007,425,False,0
2023-08-05,P008,164,False,0
2023-08-05,P009,318,False,0
2023-08-05,P010,260,False,0
2023-08-05,P011,116,False,0
2023-08-05,P012,366,False,0
2023-08-05,P013,311,False,0
2023-08-05,P014,487,False,0
2023-08-05,P015,443,False,0
2023-08-05,P016,258,False,0
2023-08-05,P017,212,False,0
2023-08-05,P018,471,False,0
2023-08-05,P019,222,False,0
2023-08-05,P020,440,False,0
2023-08-05,P021,472,False,0
2023-08-05,P022,461,False,0
2023-08-05,P023,431,False,0
2023-08-05,P024,145,False,0
2023-08-05,P025,130,False,0
2023-08-05,P026,453,False,0
2023-08-05,P027,391,False,0
2023-08-05,P028,470,False,0
2023-08-05,P029,139,False,0
2023-08-05,P030,470,False,0
2023-08-05,P031,243,False,0
2023-08-05,P032,380,False,0
2023-08-05,P033,390,False,0
2023-08-05,P034,409,False,0
2023-08-05,P035,427,False,0
2023-08-05,P036,225,False,0
2023-08-05,P037,427,False,0
2023-08-05,P038,101,False,0
2023-08-05,P039,266,False,0
2023-08-05,P040,444,False,0
2023-08-06,P001,246,False,0
2023-08-06,P002,0,True,0
2023-08-06,P003,395,False,0
2023-08-06,P004,404,False,0
2023-08-06,P005,178,False,0
2023-08-06,P006,360,False,0
2023-08-06,P007,415,False,0
2023-08-06,P008,164,False,0
2023-08-06,P009,305,False,0
2023-08-06,P010,260,False,0
2023-08-06,P011,115,False,0
2023-08-06,P012,353,False,0
2023-08-06,P013,310,False,0
2023-08-06,P014,483,False,0
2023-08-06,P015,439,False,0
2023-08-06,P016,246,False,0
2023-08-06,P017,210,False,0
2023-08-06,P018,469,False,0
2023-08-06,P019,222,False,0
2023-08-06,P020,440,False,0
2023-08-06,P021,462,False,0
2023-08-06,P022,461,False,0
2023-08-06,P023,410,False,0
2023-08-06,P024,145,False,0
2023-08-06,P025,120,False,0
2023-08-06,P026,446,False,0
2023-08-06,P027,391,False,0
2023-08-06,P028,467,False,0
2023-08-06,P029,137,False,0
2023-08-06,P030,460,False,0
2023-08-06,P031,238,False,0
2023-08-06,P032,376,False,0
2023-08-06,P033,385,False,0
2023-08-06,P034,409,False,0
2023-08-06,P035,420,False,0
2023-08-06,P036,223,False,0
2023-08-06,P037,420,False,0
2023-08-06,P038,101,False,0
2023-08-06,P039,266,False,0
2023-08-06,P040,444,False,0
2023-08-07,P001,235,False,0
2023-08-07,P002,0,True,0
2023-08-07,P003,391,False,0
2023-08-07,P004,383,False,0
2023-08-07,P005,178,False,0
2023-08-07,P006,354,False,0
2023-08-07,P007,397,False,0
2023-08-07,P008,162,False,0
2023-08-07,P009,286,False,0
2023-08-07,P010,250,False,0
2023-08-07,P011,100,False,0
2023-08-07,P012,353,False,0
2023-08-07,P013,299,False,0
2023-08-07,P014,481,False,0
2023-08-07,P015,439,False,0
2023-08-07,P016,231,False,0
2023-08-07,P017,207,False,0
2023-08-07,P018,467,False,0
2023-08-07,P019,220,False,0
2023-08-07,P020,440,False,0
2023-08-07,P021,456,False,0
2023-08-07,P022,453,False,0
2023-08-07,P023,387,False,0
2023-08-07,P024,139,False,0
2023-08-07,P025,120,False,0
2023-08-07,P026,440,False,0
2023-08-07,P027,384,False,0
2023-08-07,P028,464,False,0
2023-08-07,P029,137,False,0
2023-08-07,P030,456,False,0
2023-08-07,P031,225,False,0
2023-08-07,P032,376,False,0
2023-08-07,P033,372,False,0
2023-08-07,P034,405,False,0
2023-08-07,P035,415,False,0
2023-08-07,P036,216,False,0
2023-08-07,P037,414,False,0
2023-08-07,P038,101,False,0
2023-08-07,P039,252,False,0
2023-08-07,P040,443,False,0
2023-08-08,P001,229,False,0
2023-08-08,P002,0,True,0
2023-08-08,P003,391,False,0
2023-08-08,P004,375,False,0
2023-08-08,P005,178,False,0
2023-08-08,P006,353,False,0
2023-08-08,P007,396,False,0
2023-08-08,P008,141,False,0
2023-08-08,P009,286,False,0
2023-08-08,P010,246,False,0
2023-08-08,P011,99,False,0
2023-08-08,P012,353,False,0
2023-08-08,P013,296,False,0
2023-08-08,P014,481,False,0
2023-08-08,P015,439,False,0
2023-08-08,P016,231,False,0
2023-08-08,P017,198,False,0
2023-08-08,P018,467,False,0
2023-08-08,P019,220,False,0
2023-08-08,P020,440,False,0
2023-08-08,P021,448,False,0
2023-08-08,P022,453,False,0
2023-08-08,P023,374,False,0
2023-08-08,P024,134,False,0
2023-08-08,P025,115,False,0
2023-08-08,P026,425,False,0
2023-08-08,P027,381,False,0
2023-08-08,P028,460,False,0
2023-08-08,P029,135,False,0
2023-08-08,P030,456,False,0
2023-08-08,P031,225,False,0
2023-08-08,P032,376,False,0
2023-08-08,P033,356,False,0
2023-08-08,P034,397,False,0
2023-08-08,P035,415,False,0
2023-08-08,P036,212,False,0
2023-08-08,P037,405,False,0
2023-08-08,P038,101,False,0
2023-08-08,P039,248,False,0
2023-08-08,P040,439,False,0
2023-08-09,P001,229,False,0
2023-08-09,P002,0,True,0
2023-08-09,P003,391,False,0
2023-08-09,P004,336,False,0
2023-08-09,P005,178,False,0
2023-08-09,P006,350,False,0
2023-08-09,P007,388,False,0
2023-08-09,P008,141,False,0
2023-08-09,P009,274,False,0
2023-08-09,P010,244,False,0
2023-08-09,P011,99,False,0
2023-08-09,P012,350,False,0
2023-08-09,P013,290,False,0
2023-08-09,P014,476,False,0
2023-08-09,P015,439,False,0
2023-08-09,P016,227,False,0
2023-08-09,P017,195,False,0
2023-08-09,P018,459,False,0
2023-08-09,P019,220,False,0
2023-08-09,P020,440,False,0
2023-08-09,P021,444,False,0
2023-08-09,P022,442,False,0
2023-08-09,P023,349,False,0
2023-08-09,P024,134,False,0
2023-08-09,P025,108,False,0
2023-08-09,P026,421,False,0
2023-08-09,P027,381,False,0
2023-08-09,P028,456,False,0
2023-08-09,P029,131,False,0
2023-08-09,P030,456,False,0
2023-08-09,P031,213,False,0
2023-08-09,P032,376,False,0
2023-08-09,P033,351,False,0
2023-08-09,P034,392,False,0
2023-08-09,P035,412,False,0
2023-08-09,P036,210,False,0
2023-08-09,P037,398,False,0
2023-08-09,P038,101,False,0
2023-08-09,P039,243,False,0
2023-08-09,P040,434,False,0
2023-08-10,P001,229,False,0
2023-08-10,P002,0,True,0
2023-08-10,P003,391,False,0
2023-08-10,P004,335,False,0
2023-08-10,P005,178,False,0
2023-08-10,P006,350,False,0
2023-08-10,P007,388,False,0
2023-08-10,P008,137,False,0
2023-08-10,P009,274,False,0
2023-08-10,P010,244,False,0
2023-08-10,P011,99,False,0
2023-08-10,P012,342,False,0
2023-08-10,P013,287,False,0
2023-08-10,P014,476,False,0
2023-08-10,P015,439,False,0
2023-08-10,P016,217,False,0
2023-08-10,P017,191,False,0
2023-08-10,P018,459,False,0
2023-08-10,P019,220,False,0
2023-08-10,P020,440,False,0
2023-08-10,P021,438,False,0
2023-08-10,P022,436,False,0
2023-08-10,P023,347,False,0
2023-08-10,P024,134,False,0
2023-08-10,P025,101,False,0
2023-08-10,P026,417,False,0
2023-08-10,P027,379,False,0
2023-08-10,P028,449,False,0
2023-08-10,P029,121,False,0
2023-08-10,P030,453,False,0
2023-08-10,P031,189,False,0
2023-08-10,P032,373,False,0
2023-08-10,P033,343,False,0
2023-08-10,P034,387,False,0
2023-08-10,P035,398,False,0
2023-08-10,P036,206,False,0
2023-08-10,P037,398,False,0
2023-08-10,P038,101,False,0
2023-08-10,P039,236,False,0
2023-08-10,P040,434,False,0
2023-08-11,P001,225,False,0
2023-08-11,P002,0,True,0
2023-08-11,P003,388,False,0
2023-08-11,P004,334,False,0
2023-08-11,P005,178,False,0
2023-08-11,P006,345,False,0
2023-08-11,P007,378,False,0
2023-08-11,P008,127,False,0
2023-08-11,P009,270,False,0
2023-08-11,P010,244,False,0
2023-08-11,P011,99,False,0
2023-08-11,P012,342,False,0
2023-08-11,P013,287,False,0
2023-08-11,P014,467,False,0
2023-08-11,P015,439,False,0
2023-08-11,P016,217,False,0
2023-08-11,P017,191,False,0
2023-08-11,P018,450,False,0
2023-08-11,P019,215,False,0
2023-08-11,P020,440,False,0
2023-08-11,P021,438,False,0
2023-08-11,P022,433,False,0
2023-08-11,P023,344,False,0
2023-08-11,P024,134,False,0
2023-08-11,P025,96,False,0
2023-08-11,P026,410,False,0
2023-08-11,P027,377,False,0
2023-08-11,P028,439,False,0
2023-08-11,P029,112,False,0
2023-08-11,P030,453,False,0
2023-08-11,P031,179,False,0
2023-08-11,P032,373,False,0
2023-08-11,P033,333,False,0
2023-08-11,P034,384,False,0
2023-08-11,P035,394,False,0
2023-08-11,P036,206,False,0
2023-08-11,P037,395,False,0
2023-08-11,P038,98,False,0
2023-08-11,P039,236,False,0
2023-08-11,P040,434,False,0
2023-08-12,P001,221,False,0
2023-08-12,P002,0,True,0
2023-08-12,P003,388,False,0
2023-08-12,P004,327,False,0
2023-08-12,P005,174,False,0
2023-08-12,P006,345,False,0
2023-08-12,P007,372,False,0
2023-08-12,P008,125,False,0
2023-08-12,P009,269,False,0
2023-08-12,P010,244,False,0
2023-08-12,P011,98,False,0
2023-08-12,P012,337,False,0
2023-08-12,P013,282,False,0
2023-08-12,P014,467,False,0
2023-08-12,P015,439,False,0
2023-08-12,P016,200,False,0
2023-08-12,P017,187,False,0
2023-08-12,P018,450,False,0
2023-08-12,P019,210,False,0
2023-08-12,P020,440,False,0
2023-08-12,P021,435,False,0
2023-08-12,P022,433,False,0
2023-08-12,P023,342,False,0
2023-08-12,P024,134,False,0
2023-08-12,P025,90,False,0
2023-08-12,P026,405,False,0
2023-08-12,P027,369,False,0
2023-08-12,P028,431,False,0
2023-08-12,P029,112,False,0
2023-08-12,P030,445,False,0
2023-08-12,P031,166,False,0
2023-08-12,P032,373,False,0
2023-08-12,P033,321,False,0
2023-08-12,P034,376,False,0
2023-08-12,P035,393,False,0
2023-08-12,P036,191,False,0
2023-08-12,P037,380,False,0
2023-08-12,P038,94,False,0
2023-08-12,P039,227,False,0
2023-08-12,P040,426,False,0
2023-08-13,P001,215,False,0
2023-08-13,P002,0,True,0
2023-08-13,P003,388,False,0
2023-08-13,P004,325,False,0
2023-08-13,P005,169,False,0
2023-08-13,P006,342,False,0
2023-08-13,P007,362,False,0
2023-08-13,P008,112,False,0
2023-08-13,P009,257,False,0
2023-08-13,P010,239,False,0
2023-08-13,P011,98,False,0
2023-08-13,P012,329,False,0
2023-08-13,P013,278,False,0
2023-08-13,P014,466,False,0
2023-08-13,P015,439,False,0
2023-08-13,P016,195,False,0
2023-08-13,P017,178,False,0
2023-08-13,P018,447,False,0
2023-08-13,P019,210,False,0
2023-08-13,P020,440,False,0
2023-08-13,P021,430,False,0
2023-08-13,P022,429,False,0
2023-08-13,P023,337,False,0
2023-08-13,P024,125,False,0
2023-08-13,P025,84,False,0
2023-08-13,P026,405,False,0
2023-08-13,P027,369,False,0
2023-08-13,P028,426,False,0
2023-08-13,P029,104,False,0
2023-08-13,P030,439,False,0
2023-08-13,P031,150,False,0
2023-08-13,P032,373,False,0
2023-08-13,P033,312,False,0
2023-08-13,P034,376,False,0
2023-08-13,P035,384,False,0
2023-08-13,P036,188,False,0
2023-08-13,P037,374,False,0
2023-08-13,P038,90,False,0
2023-08-13,P039,227,False,0
2023-08-13,P040,421,False,0
2023-08-14,P001,210,False,0
2023-08-14,P002,0,True,0
2023-08-14,P003,388,False,0
2023-08-14,P004,315,False,0
2023-08-14,P005,169,False,0
2023-08-14,P006,342,False,0
2023-08-14,P007,354,False,0
2023-08-14,P008,82,False,0
2023-08-14,P009,249,False,0
2023-08-14,P010,231,False,0
2023-08-14,P011,98,False,0
2023-08-14,P012,317,False,0
2023-08-14,P013,275,False,0
2023-08-14,P014,466,False,0
2023-08-14,P015,439,False,0
2023-08-14,P016,177,False,0
2023-08-14,P017,173,False,0
2023-08-14,P018,441,False,0
2023-08-14,P019,207,False,0
2023-08-14,P020,440,False,0
2023-08-14,P021,422,False,0
2023-08-14,P022,421,False,0
2023-08-14,P023,325,False,0
2023-08-14,P024,125,False,0
2023-08-14,P025,81,False,0
2023-08-14,P026,401,False,0
2023-08-14,P027,354,False,0
2023-08-14,P028,417,False,0
2023-08-14,P029,104,False,0
2023-08-14,P030,414,False,0
2023-08-14,P031,140,False,0
2023-08-14,P032,366,False,0
2023-08-14,P033,306,False,0
2023-08-14,P034,367,False,0
2023-08-14,P035,378,False,0
2023-08-14,P036,187,False,0
2023-08-14,P037,369,False,0
2023-08-14,P038,82,False,0
2023-08-14,P039,227,False,0
2023-08-14,P040,421,False,0
2023-08-15,P001,210,False,0
2023-08-15,P002,0,True,0
2023-08-15,P003,388,False,0
2023-08-15,P004,311,False,0
2023-08-15,P005,169,False,0
2023-08-15,P006,342,False,0
2023-08-15,P007,350,False,0
2023-08-15,P008,80,False,0
2023-08-15,P009,241,False,0
2023-08-15,P010,231,False,0
2023-08-15,P011,97,False,0
2023-08-15,P012,315,False,0
2023-08-15,P013,275,False,0
2023-08-15,P014,463,False,0
2023-08-15,P015,433,False,0
2023-08-15,P016,164,False,0
2023-08-15,P017,173,False,0
2023-08-15,P018,432,False,0
2023-08-15,P019,207,False,0
2023-08-15,P020,440,False,0
2023-08-15,P021,417,False,0
2023-08-15,P022,419,False,0
2023-08-15,P023,321,False,0
2023-08-15,P024,125,False,0
2023-08-15,P025,77,False,0
2023-08-15,P026,401,False,0
2023-08-15,P027,346,False,0
2023-08-15,P028,417,False,0
2023-08-15,P029,104,False,0
2023-08-15,P030,412,False,0
2023-08-15,P031,140,False,0
2023-08-15,P032,366,False,0
2023-08-15,P033,302,False,0
2023-08-15,P034,355,False,0
2023-08-15,P035,374,False,0
2023-08-15,P036,187,False,0
2023-08-15,P037,362,False,0
2023-08-15,P038,82,False,0
2023-08-15,P039,222,False,0
2023-08-15,P040,419,False,0
2023-08-16,P001,210,False,0
2023-08-16,P002,0,True,0
2023-08-16,P003,388,False,0
2023-08-16,P004,300,False,0
2023-08-16,P005,169,False,0
2023-08-16,P006,342,False,0
2023-08-16,P007,342,False,0
2023-08-16,P008,80,False,0
2023-08-16,P009,233,False,0
2023-08-16,P010,227,False,0
2023-08-16,P011,97,False,0
2023-08-16,P012,315,False,0
2023-08-16,P013,255,False,0
2023-08-16,P014,463,False,0
2023-08-16,P015,433,False,0
2023-08-16,P016,162,False,0
2023-08-16,P017,173,False,0
2023-08-16,P018,421,False,0
2023-08-16,P019,207,False,0
2023-08-16,P020,440,False,0
2023-08-16,P021,417,False,0
2023-08-16,P022,419,False,0
2023-08-16,P023,321,False,0
2023-08-16,P024,100,False,0
2023-08-16,P025,75,False,0
2023-08-16,P026,392,False,0
2023-08-16,P027,345,False,0
2023-08-16,P028,417,False,0
2023-08-16,P029,104,False,0
2023-08-16,P030,412,False,0
2023-08-16,P031,127,False,0
2023-08-16,P032,366,False,0
2023-08-16,P033,294,False,0
2023-08-16,P034,354,False,0
2023-08-16,P035,362,False,0
2023-08-16,P036,184,False,0
2023-08-16,P037,354,False,0
2023-08-16,P038,78,False,0
2023-08-16,P039,217,False,0
2023-08-16,P040,419,False,0
2023-08-17,P001,199,False,0
2023-08-17,P002,0,True,0
2023-08-17,P003,388,False,0
2023-08-17,P004,297,False,0
2023-08-17,P005,169,False,0
2023-08-17,P006,338,False,0
2023-08-17,P007,342,False,0
2023-08-17,P008,77,False,0
2023-08-17,P009,233,False,0
2023-08-17,P010,227,False,0
2023-08-17,P011,97,False,0
2023-08-17,P012,315,False,0
2023-08-17,P013,255,False,0
2023-08-17,P014,463,False,0
2023-08-17,P015,433,False,0
2023-08-17,P016,152,False,0
2023-08-17,P017,166,False,0
2023-08-17,P018,417,False,0
2023-08-17,P019,195,False,0
2023-08-17,P020,440,False,0
2023-08-17,P021,414,False,0
2023-08-17,P022,419,False,0
2023-08-17,P023,316,False,0
2023-08-17,P024,100,False,0
2023-08-17,P025,67,False,0
2023-08-17,P026,389,False,0
2023-08-17,P027,342,False,0
2023-08-17,P028,417,False,0
2023-08-17,P029,102,False,0
2023-08-17,P030,410,False,0
2023-08-17,P031,122,False,0
2023-08-17,P032,366,False,0
2023-08-17,P033,284,False,0
2023-08-17,P034,351,False,0
2023-08-17,P035,356,False,0
2023-08-17,P036,184,False,0
2023-08-17,P037,348,False,0
2023-08-17,P038,73,False,0
2023-08-17,P039,215,False,0
2023-08-17,P040,419,False,0
2023-08-18,P001,199,False,0
2023-08-18,P002,0,True,0
2023-08-18,P003,388,False,0
2023-08-18,P004,282,False,0
2023-08-18,P005,169,False,0
2023-08-18,P006,334,False,0
2023-08-18,P007,336,False,0
2023-08-18,P008,72,False,0
2023-08-18,P009,219,False,0
2023-08-18,P010,227,False,0
2023-08-18,P011,95,False,0
2023-08-18,P012,301,False,0
2023-08-18,P013,255,False,0
2023-08-18,P014,463,False,0
2023-08-18,P015,433,False,0
2023-08-18,P016,140,False,0
2023-08-18,P017,166,False,0
2023-08-18,P018,414,False,0
2023-08-18,P019,189,False,0
2023-08-18,P020,440,False,0
2023-08-18,P021,411,False,0
2023-08-18,P022,419,False,0
2023-08-18,P023,316,False,0
2023-08-18,P024,100,False,0
2023-08-18,P025,63,False,0
2023-08-18,P026,387,False,0
2023-08-18,P027,340,False,0
2023-08-18,P028,407,False,0
2023-08-18,P029,102,False,0
2023-08-18,P030,408,False,0
2023-08-18,P031,109,False,0
2023-08-18,P032,366,False,0
2023-08-18,P033,274,False,0
2023-08-18,P034,344,False,0
2023-08-18,P035,352,False,0
2023-08-18,P036,183,False,0
2023-08-18,P037,344,False,0
2023-08-18,P038,73,False,0
2023-08-18,P039,215,False,0
2023-08-18,P040,413,False,0
2023-08-19,P001,194,False,0
2023-08-19,P002,0,True,0
2023-08-19,P003,388,False,0
2023-08-19,P004,278,False,0
2023-08-19,P005,164,False,0
2023-08-19,P006,332,False,0
2023-08-19,P007,328,False,0
2023-08-19,P008,67,False,0
2023-08-19,P009,207,False,0
2023-08-19,P010,227,False,0
2023-08-19,P011,95,False,0
2023-08-19,P012,301,False,0
2023-08-19,P013,255,False,0
2023-08-19,P014,453,False,0
2023-08-19,P015,433,False,0
2023-08-19,P016,140,False,0
2023-08-19,P017,161,False,0
2023-08-19,P018,409,False,0
2023-08-19,P019,189,False,0
2023-08-19,P020,440,False,0
2023-08-19,P021,411,False,0
2023-08-19,P022,408,False,0
2023-08-19,P023,316,False,0
2023-08-19,P024,100,False,0
2023-08-19,P025,63,False,0
2023-08-19,P026,386,False,0
2023-08-19,P027,337,False,0
2023-08-19,P028,403,False,0
2023-08-19,P029,84,False,0
2023-08-19,P030,404,False,0
2023-08-19,P031,108,False,0
2023-08-19,P032,364,False,0
2023-08-19,P033,261,False,0
2023-08-19,P034,340,False,0
2023-08-19,P035,349,False,0
2023-08-19,P036,180,False,0
2023-08-19,P037,335,False,0
2023-08-19,P038,73,False,0
2023-08-19,P039,211,False,0
2023-08-19,P040,413,False,0
2023-08-20,P001,190,False,0
2023-08-20,P002,0,True,0
2023-08-20,P003,387,False,0
2023-08-20,P004,265,False,0
2023-08-20,P005,164,False,0
2023-08-20,P006,328,False,0
2023-08-20,P007,324,False,0
2023-08-20,P008,52,False,0
2023-08-20,P009,197,False,0
2023-08-20,P010,227,False,0
2023-08-20,P011,95,False,0
2023-08-20,P012,284,False,0
2023-08-20,P013,252,False,0
2023-08-20,P014,446,False,0
2023-08-20,P015,433,False,0
2023-08-20,P016,139,False,0
2023-08-20,P017,138,False,0
2023-08-20,P018,398,False,0
2023-08-20,P019,183,False,0
2023-08-20,P020,436,False,0
2023-08-20,P021,405,False,0
2023-08-20,P022,382,False,0
2023-08-20,P023,316,False,0
2023-08-20,P024,100,False,0
2023-08-20,P025,55,False,0
2023-08-20,P026,384,False,0
2023-08-20,P027,328,False,0
2023-08-20,P028,398,False,0
2023-08-20,P029,79,False,0
2023-08-20,P030,399,False,0
2023-08-20,P031,77,False,0
2023-08-20,P032,364,False,0
2023-08-20,P033,253,False,0
2023-08-20,P034,333,False,0
2023-08-20,P035,319,False,0
2023-08-20,P036,174,False,0
2023-08-20,P037,329,False,0
2023-08-20,P038,72,False,0
2023-08-20,P039,203,False,0
2023-08-20,P040,408,False,0
2023-08-21,P001,188,False,0
2023-08-21,P002,0,True,0
2023-08-21,P003,380,False,0
2023-08-21,P004,255,False,0
2023-08-21,P005,164,False,0
2023-08-21,P006,328,False,0
2023-08-21,P007,319,False,0
2023-08-21,P008,500,False,471
2023-08-21,P009,190,False,0
2023-08-21,P010,227,False,0
2023-08-21,P011,88,False,0
2023-08-21,P012,279,False,0
2023-08-21,P013,246,False,0
2023-08-21,P014,443,False,0
2023-08-21,P015,433,False,0
2023-08-21,P016,134,False,0
2023-08-21,P017,138,False,0
2023-08-21,P018,398,False,0
2023-08-21,P019,178,False,0
2023-08-21,P020,436,False,0
2023-08-21,P021,396,False,0
2023-08-21,P022,369,False,0
2023-08-21,P023,307,False,0
2023-08-21,P024,99,False,0
2023-08-21,P025,52,False,0
2023-08-21,P026,376,False,0
2023-08-21,P027,328,False,0
2023-08-21,P028,394,False,0
2023-08-21,P029,70,False,0
2023-08-21,P030,395,False,0
2023-08-21,P031,73,False,0
2023-08-21,P032,364,False,0
2023-08-21,P033,246,False,0
2023-08-21,P034,324,False,0
2023-08-21,P035,313,False,0
2023-08-21,P036,174,False,0
2023-08-21,P037,321,False,0
2023-08-21,P038,72,False,0
2023-08-21,P039,203,False,0
2023-08-21,P040,395,False,0
2023-08-22,P001,188,False,0
2023-08-22,P002,0,True,0
2023-08-22,P003,379,False,0
2023-08-22,P004,253,False,0
2023-08-22,P005,164,False,0
2023-08-22,P006,324,False,0
2023-08-22,P007,311,False,0
2023-08-22,P008,494,False,0
2023-08-22,P009,187,False,0
2023-08-22,P010,223,False,0
2023-08-22,P011,88,False,0
2023-08-22,P012,279,False,0
2023-08-22,P013,242,False,0
2023-08-22,P014,443,False,0
2023-08-22,P015,433,False,0
2023-08-22,P016,124,False,0
2023-08-22,P017,135,False,0
2023-08-22,P018,385,False,0
2023-08-22,P019,173,False,0
2023-08-22,P020,436,False,0
2023-08-22,P021,395,False,0
2023-08-22,P022,369,False,0
2023-08-22,P023,302,False,0
2023-08-22,P024,99,False,0
2023-08-22,P025,51,False,0
2023-08-22,P026,372,False,0
2023-08-22,P027,321,False,0
2023-08-22,P028,392,False,0
2023-08-22,P029,69,False,0
2023-08-22,P030,391,False,0
2023-08-22,P031,54,False,0
2023-08-22,P032,364,False,0
2023-08-22,P033,241,False,0
2023-08-22,P034,315,False,0
2023-08-22,P035,309,False,0
2023-08-22,P036,173,False,0
2023-08-22,P037,321,False,0
2023-08-22,P038,72,False,0
2023-08-22,P039,199,False,0
2023-08-22,P040,393,False,0
2023-08-23,P001,183,False,0
2023-08-23,P002,0,True,0
2023-08-23,P003,377,False,0
2023-08-23,P004,250,False,0
2023-08-23,P005,164,False,0
2023-08-23,P006,324,False,0
2023-08-23,P007,304,False,0
2023-08-23,P008,488,False,0
2023-08-23,P009,184,False,0
2023-08-23,P010,210,False,0
2023-08-23,P011,88,False,0
2023-08-23,P012,279,False,0
2023-08-23,P013,242,False,0
2023-08-23,P014,443,False,0
2023-08-23,P015,433,False,0
2023-08-23,P016,121,False,0
2023-08-23,P017,135,False,0
2023-08-23,P018,368,False,0
2023-08-23,P019,169,False,0
2023-08-23,P020,436,False,0
2023-08-23,P021,395,False,0
2023-08-23,P022,365,False,0
2023-08-23,P023,302,False,0
2023-08-23,P024,99,False,0
2023-08-23,P025,500,False,458
2023-08-23,P026,372,False,0
2023-08-23,P027,318,False,0
2023-08-23,P028,387,False,0
2023-08-23,P029,65,False,0
2023-08-23,P030,390,False,0
2023-08-23,P031,500,False,466
2023-08-23,P032,364,False,0
2023-08-23,P033,233,False,0
2023-08-23,P034,289,False,0
2023-08-23,P035,307,False,0
2023-08-23,P036,173,False,0
2023-08-23,P037,316,False,0
2023-08-23,P038,72,False,0
2023-08-23,P039,196,False,0
2023-08-23,P040,385,False,0
2023-08-24,P001,183,False,0
2023-08-24,P002,0,True,0
2023-08-24,P003,377,False,0
2023-08-24,P004,242,False,0
2023-08-24,P005,164,False,0
2023-08-24,P006,324,False,0
2023-08-24,P007,298,False,0
2023-08-24,P008,482,False,0
2023-08-24,P009,173,False,0
2023-08-24,P010,206,False,0
2023-08-24,P011,88,False,0
2023-08-24,P012,274,False,0
2023-08-24,P013,228,False,0
2023-08-24,P014,443,False,0
2023-08-24,P015,433,False,0
2023-08-24,P016,116,False,0
2023-08-24,P017,131,False,0
2023-08-24,P018,363,False,0
2023-08-24,P019,169,False,0
2023-08-24,P020,436,False,0
2023-08-24,P021,387,False,0
2023-08-24,P022,365,False,0
2023-08-24,P023,264,False,0
2023-08-24,P024,94,False,0
2023-08-24,P025,498,False,0
2023-08-24,P026,362,False,0
2023-08-24,P027,315,False,0
2023-08-24,P028,368,False,0
2023-08-24,P029,65,False,0
2023-08-24,P030,387,False,0
2023-08-24,P031,496,False,0
2023-08-24,P032,364,False,0
2023-08-24,P033,230,False,0
2023-08-24,P034,278,False,0
2023-08-24,P035,299,False,0
2023-08-24,P036,173,False,0
2023-08-24,P037,315,False,0
2023-08-24,P038,70,False,0
2023-08-24,P039,196,False,0
2023-08-24,P040,379,False,0
2023-08-25,P001,183,False,0
2023-08-25,P002,0,True,0
2023-08-25,P003,377,False,0
2023-08-25,P004,235,False,0
2023-08-25,P005,164,False,0
2023-08-25,P006,320,False,0
2023-08-25,P007,298,False,0
2023-08-25,P008,471,False,0
2023-08-25,P009,163,False,0
2023-08-25,P010,206,False,0
2023-08-25,P011,86,False,0
2023-08-25,P012,270,False,0
2023-08-25,P013,227,False,0
2023-08-25,P014,442,False,0
2023-08-25,P015,433,False,0
2023-08-25,P016,103,False,0
2023-08-25,P017,126,False,0
2023-08-25,P018,332,False,0
2023-08-25,P019,169,False,0
2023-08-25,P020,436,False,0
2023-08-25,P021,383,False,0
2023-08-25,P022,362,False,0
2023-08-25,P023,264,False,0
2023-08-25,P024,94,False,0
2023-08-25,P025,498,False,0
2023-08-25,P026,358,False,0
2023-08-25,P027,315,False,0
2023-08-25,P028,367,False,0
2023-08-25,P029,57,False,0
2023-08-25,P030,367,False,0
2023-08-25,P031,485,False,0
2023-08-25,P032,360,False,0
2023-08-25,P033,225,False,0
2023-08-25,P034,275,False,0
2023-08-25,P035,273,False,0
2023-08-25,P036,169,False,0
2023-08-25,P037,312,False,0
2023-08-25,P038,70,False,0
2023-08-25,P039,167,False,0
2023-08-25,P040,379,False,0
2023-08-26,P001,183,False,0
2023-08-26,P002,0,True,0
2023-08-26,P003,373,False,0
2023-08-26,P004,218,False,0
2023-08-26,P005,164,False,0
2023-08-26,P006,320,False,0
2023-08-26,P007,275,False,0
2023-08-26,P008,466,False,0
2023-08-26,P009,148,False,0
2023-08-26,P010,197,False,0
2023-08-26,P011,86,False,0
2023-08-26,P012,267,False,0
2023-08-26,P013,227,False,0
2023-08-26,P014,442,False,0
2023-08-26,P015,433,False,0
2023-08-26,P016,83,False,0
2023-08-26,P017,126,False,0
2023-08-26,P018,325,False,0
2023-08-26,P019,167,False,0
2023-08-26,P020,434,False,0
2023-08-26,P021,383,False,0
2023-08-26,P022,362,False,0
2023-08-26,P023,258,False,0
2023-08-26,P024,94,False,0
2023-08-26,P025,472,False,0
2023-08-26,P026,354,False,0
2023-08-26,P027,315,False,0
2023-08-26,P028,358,False,0
2023-08-26,P029,54,False,0
2023-08-26,P030,365,False,0
2023-08-26,P031,480,False,0
2023-08-26,P032,356,False,0
2023-08-26,P033,215,False,0
2023-08-26,P034,273,False,0
2023-08-26,P035,263,False,0
2023-08-26,P036,165,False,0
2023-08-26,P037,312,False,0
2023-08-26,P038,69,False,0
2023-08-26,P039,163,False,0
2023-08-26,P040,379,False,0
2023-08-27,P001,175,False,0
2023-08-27,P002,0,True,0
2023-08-27,P003,373,False,0
2023-08-27,P004,211,False,0
2023-08-27,P005,158,False,0
2023-08-27,P006,300,False,0
2023-08-27,P007,272,False,0
2023-08-27,P008,466,False,0
2023-08-27,P009,148,False,0
2023-08-27,P010,197,False,0
2023-08-27,P011,86,False,0
2023-08-27,P012,242,False,0
2023-08-27,P013,224,False,0
2023-08-27,P014,439,False,0
2023-08-27,P015,433,False,0
2023-08-27,P016,73,False,0
2023-08-27,P017,126,False,0
2023-08-27,P018,325,False,0
2023-08-27,P019,148,False,0
2023-08-27,P020,434,False,0
2023-08-27,P021,382,False,0
2023-08-27,P022,357,False,0
2023-08-27,P023,250,False,0
2023-08-27,P024,93,False,0
2023-08-27,P025,469,False,0
2023-08-27,P026,347,False,0
2023-08-27,P027,312,False,0
2023-08-27,P028,358,False,0
2023-08-27,P029,53,False,0
2023-08-27,P030,365,False,0
2023-08-27,P031,477,False,0
2023-08-27,P032,356,False,0
2023-08-27,P033,211,False,0
2023-08-27,P034,269,False,0
2023-08-27,P035,260,False,0
2023-08-27,P036,161,False,0
2023-08-27,P037,310,False,0
2023-08-27,P038,63,False,0
2023-08-27,P039,118,False,0
2023-08-27,P040,379,False,0
2023-08-28,P001,167,False,0
2023-08-28,P002,0,True,0
2023-08-28,P003,370,False,0
2023-08-28,P004,204,False,0
2023-08-28,P005,158,False,0
2023-08-28,P006,294,False,0
2023-08-28,P007,263,False,0
2023-08-28,P008,451,False,0
2023-08-28,P009,139,False,0
2023-08-28,P010,197,False,0
2023-08-28,P011,86,False,0
2023-08-28,P012,235,False,0
2023-08-28,P013,224,False,0
2023-08-28,P014,435,False,0
2023-08-28,P015,433,False,0
2023-08-28,P016,66,False,0
2023-08-28,P017,123,False,0
2023-08-28,P018,325,False,0
2023-08-28,P019,146,False,0
2023-08-28,P020,434,False,0
2023-08-28,P021,367,False,0
2023-08-28,P022,351,False,0
2023-08-28,P023,243,False,0
2023-08-28,P024,93,False,0
2023-08-28,P025,463,False,0
2023-08-28,P026,343,False,0
2023-08-28,P027,305,False,0
2023-08-28,P028,345,False,0
2023-08-28,P029,50,False,0
2023-08-28,P030,360,False,0
2023-08-28,P031,459,False,0
2023-08-28,P032,333,False,0
2023-08-28,P033,208,False,0
2023-08-28,P034,269,False,0
2023-08-28,P035,250,False,0
2023-08-28,P036,160,False,0
2023-08-28,P037,304,False,0
2023-08-28,P038,62,False,0
2023-08-28,P039,112,False,0
2023-08-28,P040,376,False,0
2023-08-29,P001,160,False,0
2023-08-29,P002,0,True,0
2023-08-29,P003,370,False,0
2023-08-29,P004,198,False,0
2023-08-29,P005,158,False,0
2023-08-29,P006,289,False,0
2023-08-29,P007,252,False,0
2023-08-29,P008,449,False,0
2023-08-29,P009,134,False,0
2023-08-29,P010,190,False,0
2023-08-29,P011,86,False,0
2023-08-29,P012,233,False,0
2023-08-29,P013,224,False,0
2023-08-29,P014,431,False,0
2023-08-29,P015,433,False,0
2023-08-29,P016,58,False,0
2023-08-29,P017,113,False,0
2023-08-29,P018,324,False,0
2023-08-29,P019,144,False,0
2023-08-29,P020,434,False,0
2023-08-29,P021,361,False,0
2023-08-29,P022,343,False,0
2023-08-29,P023,234,False,0
2023-08-29,P024,90,False,0
2023-08-29,P025,461,False,0
2023-08-29,P026,316,False,0
2023-08-29,P027,305,False,0
2023-08-29,P028,338,False,0
2023-08-29,P029,500,False,454
2023-08-29,P030,356,False,0
2023-08-29,P031,450,False,0
2023-08-29,P032,333,False,0
2023-08-29,P033,201,False,0
2023-08-29,P034,266,False,0
2023-08-29,P035,248,False,0
2023-08-29,P036,160,False,0
2023-08-29,P037,300,False,0
2023-08-29,P038,62,False,0
2023-08-29,P039,109,False,0
2023-08-29,P040,376,False,0
2023-08-30,P001,154,False,0
2023-08-30,P002,0,True,0
2023-08-30,P003,369,False,0
2023-08-30,P004,188,False,0
2023-08-30,P005,158,False,0
2023-08-30,P006,286,False,0
2023-08-30,P007,237,False,0
2023-08-30,P008,446,False,0
2023-08-30,P009,126,False,0
2023-08-30,P010,189,False,0
2023-08-30,P011,84,False,0
2023-08-30,P012,232,False,0
2023-08-30,P013,224,False,0
2023-08-30,P014,431,False,0
2023-08-30,P015,433,False,0
2023-08-30,P016,58,False,0
2023-08-30,P017,108,False,0
2023-08-30,P018,323,False,0
2023-08-30,P019,144,False,0
2023-08-30,P020,434,False,0
2023-08-30,P021,356,False,0
2023-08-30,P022,338,False,0
2023-08-30,P023,232,False,0
2023-08-30,P024,90,False,0
2023-08-30,P025,457,False,0
2023-08-30,P026,316,False,0
2023-08-30,P027,299,False,0
2023-08-30,P028,337,False,0
2023-08-30,P029,495,False,0
2023-08-30,P030,356,False,0
2023-08-30,P031,440,False,0
2023-08-30,P032,332,False,0
2023-08-30,P033,186,False,0
2023-08-30,P034,266,False,0
2023-08-30,P035,247,False,0
2023-08-30,P036,160,False,0
2023-08-30,P037,296,False,0
2023-08-30,P038,62,False,0
2023-08-30,P039,109,False,0
2023-08-30,P040,375,False,0
2023-08-31,P001,148,False,0
2023-08-31,P002,0,True,0
2023-08-31,P003,365,False,0
2023-08-31,P004,180,False,0
2023-08-31,P005,158,False,0
2023-08-31,P006,286,False,0
2023-08-31,P007,229,False,0
2023-08-31,P008,446,False,0
2023-08-31,P009,117,False,0
2023-08-31,P010,189,False,0
2023-08-31,P011,84,False,0
2023-08-31,P012,232,False,0
2023-08-31,P013,224,False,0
2023-08-31,P014,431,False,0
2023-08-31,P015,433,False,0
2023-08-31,P016,55,False,0
2023-08-31,P017,103,False,0
2023-08-31,P018,322,False,0
2023-08-31,P019,144,False,0
2023-08-31,P020,434,False,0
2023-08-31,P021,339,False,0
2023-08-31,P022,336,False,0
2023-08-31,P023,228,False,0
2023-08-31,P024,84,False,0
2023-08-31,P025,453,False,0
2023-08-31,P026,308,False,0
2023-08-31,P027,299,False,0
2023-08-31,P028,337,False,0
2023-08-31,P029,482,False,0
2023-08-31,P030,355,False,0
2023-08-31,P031,432,False,0
2023-08-31,P032,328,False,0
2023-08-31,P033,178,False,0
2023-08-31,P034,262,False,0
2023-08-31,P035,243,False,0
2023-08-31,P036,153,False,0
2023-08-31,P037,294,False,0
2023-08-31,P038,58,False,0
2023-08-31,P039,96,False,0
2023-08-31,P040,375,False,0
2023-09-01,P001,146,False,0
2023-09-01,P002,500,False,500
2023-09-01,P003,365,False,0
2023-09-01,P004,173,False,0
2023-09-01,P005,158,False,0
2023-09-01,P006,286,False,0
2023-09-01,P007,227,False,0
2023-09-01,P008,423,False,0
2023-09-01,P009,117,False,0
2023-09-01,P010,184,False,0
2023-09-01,P011,84,False,0
2023-09-01,P012,227,False,0
2023-09-01,P013,220,False,0
2023-09-01,P014,431,False,0
2023-09-01,P015,433,False,0
2023-09-01,P016,55,False,0
2023-09-01,P017,90,False,0
2023-09-01,P018,317,False,0
2023-09-01,P019,144,False,0
2023-09-01,P020,434,False,0
2023-09-01,P021,337,False,0
2023-09-01,P022,333,False,0
2023-09-01,P023,221,False,0
2023-09-01,P024,80,False,0
2023-09-01,P025,450,False,0
2023-09-01,P026,308,False,0
2023-09-01,P027,299,False,0
2023-09-01,P028,331,False,0
2023-09-01,P029,477,False,0
2023-09-01,P030,350,False,0
2023-09-01,P031,416,False,0
2023-09-01,P032,328,False,0
2023-09-01,P033,165,False,0
2023-09-01,P034,261,False,0
2023-09-01,P035,238,False,0
2023-09-01,P036,149,False,0
2023-09-01,P037,289,False,0
2023-09-01,P038,58,False,0
2023-09-01,P039,94,False,0
2023-09-01,P040,370,False,0
2023-09-02,P001,131,False,0
2023-09-02,P002,495,False,0
2023-09-02,P003,365,False,0
2023-09-02,P004,166,False,0
2023-09-02,P005,158,False,0
2023-09-02,P006,281,False,0
2023-09-02,P007,216,False,0
2023-09-02,P008,414,False,0
2023-09-02,P009,117,False,0
2023-09-02,P010,180,False,0
2023-09-02,P011,81,False,0
2023-09-02,P012,227,False,0
2023-09-02,P013,219,False,0
2023-09-02,P014,422,False,0
2023-09-02,P015,433,False,0
2023-09-02,P016,500,False,452
2023-09-02,P017,87,False,0
2023-09-02,P018,301,False,0
2023-09-02,P019,143,False,0
2023-09-02,P020,434,False,0
2023-09-02,P021,326,False,0
2023-09-02,P022,326,False,0
2023-09-02,P023,209,False,0
2023-09-02,P024,80,False,0
2023-09-02,P025,450,False,0
2023-09-02,P026,305,False,0
2023-09-02,P027,299,False,0
2023-09-02,P028,319,False,0
2023-09-02,P029,477,False,0
2023-09-02,P030,349,False,0
2023-09-02,P031,401,False,0
2023-09-02,P032,327,False,0
2023-09-02,P033,162,False,0
2023-09-02,P034,255,False,0
2023-09-02,P035,227,False,0
2023-09-02,P036,149,False,0
2023-09-02,P037,286,False,0
2023-09-02,P038,51,False,0
2023-09-02,P039,91,False,0
2023-09-02,P040,370,False,0
2023-09-03,P001,126,False,0
2023-09-03,P002,488,False,0
2023-09-03,P003,362,False,0
2023-09-03,P004,137,False,0
2023-09-03,P005,157,False,0
2023-09-03,P006,276,False,0
2023-09-03,P007,205,False,0
2023-09-03,P008,405,False,0
2023-09-03,P009,107,False,0
2023-09-03,P010,161,False,0
2023-09-03,P011,71,False,0
2023-09-03,P012,220,False,0
2023-09-03,P013,214,False,0
2023-09-03,P014,421,False,0
2023-09-03,P015,433,False,0
2023-09-03,P016,484,False,0
2023-09-03,P017,85,False,0
2023-09-03,P018,298,False,0
2023-09-03,P019,133,False,0
2023-09-03,P020,434,False,0
2023-09-03,P021,276,False,0
2023-09-03,P022,322,False,0
2023-09-03,P023,209,False,0
2023-09-03,P024,72,False,0
2023-09-03,P025,450,False,0
2023-09-03,P026,305,False,0
2023-09-03,P027,298,False,0
2023-09-03,P028,307,False,0
2023-09-03,P029,477,False,0
2023-09-03,P030,341,False,0
2023-09-03,P031,388,False,0
2023-09-03,P032,321,False,0
2023-09-03,P033,150,False,0
2023-09-03,P034,251,False,0
2023-09-03,P035,224,False,0
2023-09-03,P036,139,False,0
2023-09-03,P037,264,False,0
2023-09-03,P038,51,False,0
2023-09-03,P039,59,False,0
2023-09-03,P040,345,False,0
2023-09-04,P001,119,False,0
2023-09-04,P002,468,False,0
2023-09-04,P003,360,False,0
2023-09-04,P004,128,False,0
2023-09-04,P005,157,False,0
2023-09-04,P006,275,False,0
2023-09-04,P007,181,False,0
2023-09-04,P008,405,False,0
2023-09-04,P009,102,False,0
2023-09-04,P010,156,False,0
2023-09-04,P011,500,False,454
2023-09-04,P012,209,False,0
2023-09-04,P013,207,False,0
2023-09-04,P014,421,False,0
2023-09-04,P015,433,False,0
2023-09-04,P016,476,False,0
2023-09-04,P017,75,False,0
2023-09-04,P018,290,False,0
2023-09-04,P019,133,False,0
2023-09-04,P020,434,False,0
2023-09-04,P021,264,False,0
2023-09-04,P022,317,False,0
2023-09-04,P023,208,False,0
2023-09-04,P024,72,False,0
2023-09-04,P025,450,False,0
2023-09-04,P026,301,False,0
2023-09-04,P027,298,False,0
2023-09-04,P028,302,False,0
2023-09-04,P029,475,False,0
2023-09-04,P030,341,False,0
2023-09-04,P031,383,False,0
2023-09-04,P032,321,False,0
2023-09-04,P033,139,False,0
2023-09-04,P034,244,False,0
2023-09-04,P035,202,False,0
2023-09-04,P036,139,False,0
2023-09-04,P037,259,False,0
2023-09-04,P038,500,False,454
2023-09-04,P039,54,False,0
2023-09-04,P040,345,False,0
2023-09-05,P001,114,False,0
2023-09-05,P002,463,False,0
2023-09-05,P003,355,False,0
2023-09-05,P004,118,False,0
2023-09-05,P005,157,False,0
2023-09-05,P006,275,False,0
2023-09-05,P007,177,False,0
2023-09-05,P008,401,False,0
2023-09-05,P009,89,False,0
2023-09-05,P010,152,False,0
2023-09-05,P011,500,False,0
2023-09-05,P012,204,False,0
2023-09-05,P013,203,False,0
2023-09-05,P014,421,False,0
2023-09-05,P015,433,False,0
2023-09-05,P016,469,False,0
2023-09-05,P017,73,False,0
2023-09-05,P018,283,False,0
2023-09-05,P019,132,False,0
2023-09-05,P020,434,False,0
2023-09-05,P021,261,False,0
2023-09-05,P022,313,False,0
2023-09-05,P023,201,False,0
2023-09-05,P024,72,False,0
2023-09-05,P025,450,False,0
2023-09-05,P026,301,False,0
2023-09-05,P027,298,False,0
2023-09-05,P028,291,False,0
2023-09-05,P029,471,False,0
2023-09-05,P030,341,False,0
2023-09-05,P031,376,False,0
2023-09-05,P032,321,False,0
2023-09-05,P033,133,False,0
2023-09-05,P034,242,False,0
2023-09-05,P035,198,False,0
2023-09-05,P036,139,False,0
2023-09-05,P037,250,False,0
2023-09-05,P038,500,False,0
2023-09-05,P039,54,False,0
2023-09-05,P040,341,False,0
2023-09-06,P001,113,False,0
2023-09-06,P002,459,False,0
2023-09-06,P003,355,False,0
2023-09-06,P004,73,False,0
2023-09-06,P005,157,False,0
2023-09-06,P006,275,False,0
2023-09-06,P007,161,False,0
2023-09-06,P008,398,False,0
2023-09-06,P009,88,False,0
2023-09-06,P010,149,False,0
2023-09-06,P011,500,False,0
2023-09-06,P012,204,False,0
2023-09-06,P013,201,False,0
2023-09-06,P014,421,False,0
2023-09-06,P015,433,False,0
2023-09-06,P016,460,False,0
2023-09-06,P017,60,False,0
2023-09-06,P018,282,False,0
2023-09-06,P019,132,False,0
2023-09-06,P020,434,False,0
2023-09-06,P021,261,False,0
2023-09-06,P022,309,False,0
2023-09-06,P023,194,False,0
2023-09-06,P024,72,False,0
2023-09-06,P025,450,False,0
2023-09-06,P026,295,False,0
2023-09-06,P027,293,False,0
2023-09-06,P028,291,False,0
2023-09-06,P029,471,False,0
2023-09-06,P030,335,False,0
2023-09-06,P031,368,False,0
2023-09-06,P032,317,False,0
2023-09-06,P033,130,False,0
2023-09-06,P034,235,False,0
2023-09-06,P035,198,False,0
2023-09-06,P036,131,False,0
2023-09-06,P037,247,False,0
2023-09-06,P038,500,False,0
2023-09-06,P039,52,False,0
2023-09-06,P040,338,False,0
2023-09-07,P001,84,False,0
2023-09-07,P002,459,False,0
2023-09-07,P003,353,False,0
2023-09-07,P004,69,False,0
2023-09-07,P005,152,False,0
2023-09-07,P006,275,False,0
2023-09-07,P007,147,False,0
2023-09-07,P008,393,False,0
2023-09-07,P009,83,False,0
2023-09-07,P010,142,False,0
2023-09-07,P011,497,False,0
2023-09-07,P012,192,False,0
2023-09-07,P013,201,False,0
2023-09-07,P014,421,False,0
2023-09-07,P015,428,False,0
2023-09-07,P016,455,False,0
2023-09-07,P017,500,False,452
2023-09-07,P018,273,False,0
2023-09-07,P019,132,False,0
2023-09-07,P020,434,False,0
2023-09-07,P021,260,False,0
2023-09-07,P022,308,False,0
2023-09-07,P023,191,False,0
2023-09-07,P024,68,False,0
2023-09-07,P025,445,False,0
2023-09-07,P026,295,False,0
2023-09-07,P027,289,False,0
2023-09-07,P028,283,False,0
2023-09-07,P029,459,False,0
2023-09-07,P030,330,False,0
2023-09-07,P031,353,False,0
2023-09-07,P032,316,False,0
2023-09-07,P033,126,False,0
2023-09-07,P034,223,False,0
2023-09-07,P035,194,False,0
2023-09-07,P036,131,False,0
2023-09-07,P037,244,False,0
2023-09-07,P038,499,False,0
2023-09-07,P039,500,False,454
2023-09-07,P040,338,False,0
2023-09-08,P001,84,False,0
2023-09-08,P002,456,False,0
2023-09-08,P003,350,False,0
2023-09-08,P004,69,False,0
2023-09-08,P005,152,False,0
2023-09-08,P006,275,False,0
2023-09-08,P007,147,False,0
2023-09-08,P008,386,False,0
2023-09-08,P009,79,False,0
2023-09-08,P010,138,False,0
2023-09-08,P011,496,False,0
2023-09-08,P012,188,False,0
2023-09-08,P013,201,False,0
2023-09-08,P014,421,False,0
2023-09-08,P015,428,False,0
2023-09-08,P016,454,False,0
2023-09-08,P017,490,False,0
2023-09-08,P018,269,False,0
2023-09-08,P019,129,False,0
2023-09-08,P020,434,False,0
2023-09-08,P021,235,False,0
2023-09-08,P022,306,False,0
2023-09-08,P023,191,False,0
2023-09-08,P024,68,False,0
2023-09-08,P025,442,False,0
2023-09-08,P026,285,False,0
2023-09-08,P027,289,False,0
2023-09-08,P028,275,False,0
2023-09-08,P029,454,False,0
2023-09-08,P030,325,False,0
2023-09-08,P031,347,False,0
2023-09-08,P032,316,False,0
2023-09-08,P033,125,False,0
2023-09-08,P034,218,False,0
2023-09-08,P035,192,False,0
2023-09-08,P036,115,False,0
2023-09-08,P037,244,False,0
2023-09-08,P038,499,False,0
2023-09-08,P039,495,False,0
2023-09-08,P040,327,False,0
2023-09-09,P001,74,False,0
2023-09-09,P002,456,False,0
2023-09-09,P003,346,False,0
2023-09-09,P004,51,False,0
2023-09-09,P005,152,False,0
2023-09-09,P006,275,False,0
2023-09-09,P007,140,False,0
2023-09-09,P008,384,False,0
2023-09-09,P009,79,False,0
2023-09-09,P010,138,False,0
2023-09-09,P011,496,False,0
2023-09-09,P012,183,False,0
2023-09-09,P013,192,False,0
2023-09-09,P014,421,False,0
2023-09-09,P015,428,False,0
2023-09-09,P016,444,False,0
2023-09-09,P017,481,False,0
2023-09-09,P018,264,False,0
2023-09-09,P019,127,False,0
2023-09-09,P020,434,False,0
2023-09-09,P021,235,False,0
2023-09-09,P022,299,False,0
2023-09-09,P023,188,False,0
2023-09-09,P024,66,False,0
2023-09-09,P025,442,False,0
2023-09-09,P026,283,False,0
2023-09-09,P027,289,False,0
2023-09-09,P028,275,False,0
2023-09-09,P029,454,False,0
2023-09-09,P030,325,False,0
2023-09-09,P031,334,False,0
2023-09-09,P032,315,False,0
2023-09-09,P033,125,False,0
2023-09-09,P034,213,False,0
2023-09-09,P035,191,False,0
2023-09-09,P036,115,False,0
2023-09-09,P037,241,False,0
2023-09-09,P038,496,False,0
2023-09-09,P039,492,False,0
2023-09-09,P040,327,False,0
2023-09-10,P001,66,False,0
2023-09-10,P002,452,False,0
2023-09-10,P003,345,False,0
2023-09-10,P004,500,False,465
2023-09-10,P005,152,False,0
2023-09-10,P006,268,False,0
2023-09-10,P007,140,False,0
2023-09-10,P008,364,False,0
2023-09-10,P009,74,False,0
2023-09-10,P010,136,False,0
2023-09-10,P011,496,False,0
2023-09-10,P012,183,False,0
2023-09-10,P013,188,False,0
2023-09-10,P014,411,False,0
2023-09-10,P015,428,False,0
2023-09-10,P016,434,False,0
2023-09-10,P017,475,False,0
2023-09-10,P018,260,False,0
2023-09-10,P019,126,False,0
2023-09-10,P020,434,False,0
2023-09-10,P021,235,False,0
2023-09-10,P022,299,False,0
2023-09-10,P023,187,False,0
2023-09-10,P024,66,False,0
2023-09-10,P025,442,False,0
2023-09-10,P026,281,False,0
2023-09-10,P027,283,False,0
2023-09-10,P028,268,False,0
2023-09-10,P029,454,False,0
2023-09-10,P030,315,False,0
2023-09-10,P031,330,False,0
2023-09-10,P032,315,False,0
2023-09-10,P033,116,False,0
2023-09-10,P034,206,False,0
2023-09-10,P035,181,False,0
2023-09-10,P036,107,False,0
2023-09-10,P037,236,False,0
2023-09-10,P038,496,False,0
2023-09-10,P039,484,False,0
2023-09-10,P040,325,False,0
2023-09-11,P001,66,False,0
2023-09-11,P002,452,False,0
2023-09-11,P003,340,False,0
2023-09-11,P004,487,False,0
2023-09-11,P005,152,False,0
2023-09-11,P006,267,False,0
2023-09-11,P007,139,False,0
2023-09-11,P008,354,False,0
2023-09-11,P009,69,False,0
2023-09-11,P010,129,False,0
2023-09-11,P011,493,False,0
2023-09-11,P012,179,False,0
2023-09-11,P013,183,False,0
2023-09-11,P014,408,False,0
2023-09-11,P015,426,False,0
2023-09-11,P016,421,False,0
2023-09-11,P017,455,False,0
2023-09-11,P018,257,False,0
2023-09-11,P019,121,False,0
2023-09-11,P020,434,False,0
2023-09-11,P021,233,False,0
2023-09-11,P022,299,False,0
2023-09-11,P023,184,False,0
2023-09-11,P024,66,False,0
2023-09-11,P025,442,False,0
2023-09-11,P026,281,False,0
2023-09-11,P027,283,False,0
2023-09-11,P028,267,False,0
2023-09-11,P029,454,False,0
2023-09-11,P030,309,False,0
2023-09-11,P031,327,False,0
2023-09-11,P032,315,False,0
2023-09-11,P033,115,False,0
2023-09-11,P034,201,False,0
2023-09-11,P035,181,False,0
2023-09-11,P036,105,False,0
2023-09-11,P037,225,False,0
2023-09-11,P038,492,False,0
2023-09-11,P039,467,False,0
2023-09-11,P040,325,False,0
2023-09-12,P001,66,False,0
2023-09-12,P002,452,False,0
2023-09-12,P003,338,False,0
2023-09-12,P004,487,False,0
2023-09-12,P005,151,False,0
2023-09-12,P006,267,False,0
2023-09-12,P007,127,False,0
2023-09-12,P008,346,False,0
2023-09-12,P009,69,False,0
2023-09-12,P010,129,False,0
2023-09-12,P011,493,False,0
2023-09-12,P012,172,False,0
2023-09-12,P013,181,False,0
2023-09-12,P014,408,False,0
2023-09-12,P015,423,False,0
2023-09-12,P016,421,False,0
2023-09-12,P017,445,False,0
2023-09-12,P018,248,False,0
2023-09-12,P019,121,False,0
2023-09-12,P020,434,False,0
2023-09-12,P021,230,False,0
2023-09-12,P022,299,False,0
2023-09-12,P023,183,False,0
2023-09-12,P024,66,False,0
2023-09-12,P025,442,False,0
2023-09-12,P026,277,False,0
2023-09-12,P027,282,False,0
2023-09-12,P028,260,False,0
2023-09-12,P029,454,False,0
2023-09-12,P030,309,False,0
2023-09-12,P031,322,False,0
2023-09-12,P032,315,False,0
2023-09-12,P033,110,False,0
2023-09-12,P034,196,False,0
2023-09-12,P035,177,False,0
2023-09-12,P036,102,False,0
2023-09-12,P037,225,False,0
2023-09-12,P038,492,False,0
2023-09-12,P039,467,False,0
2023-09-12,P040,325,False,0
2023-09-13,P001,65,False,0
2023-09-13,P002,450,False,0
2023-09-13,P003,337,False,0
2023-09-13,P004,480,False,0
2023-09-13,P005,148,False,0
2023-09-13,P006,262,False,0
2023-09-13,P007,126,False,0
2023-09-13,P008,346,False,0
2023-09-13,P009,67,False,0
2023-09-13,P010,125,False,0
2023-09-13,P011,471,False,0
2023-09-13,P012,168,False,0
2023-09-13,P013,181,False,0
2023-09-13,P014,408,False,0
2023-09-13,P015,423,False,0
2023-09-13,P016,421,False,0
2023-09-13,P017,440,False,0
2023-09-13,P018,248,False,0
2023-09-13,P019,111,False,0
2023-09-13,P020,434,False,0
2023-09-13,P021,229,False,0
2023-09-13,P022,288,False,0
2023-09-13,P023,183,False,0
2023-09-13,P024,66,False,0
2023-09-13,P025,439,False,0
2023-09-13,P026,277,False,0
2023-09-13,P027,282,False,0
2023-09-13,P028,255,False,0
2023-09-13,P029,454,False,0
2023-09-13,P030,309,False,0
2023-09-13,P031,319,False,0
2023-09-13,P032,315,False,0
2023-09-13,P033,107,False,0
2023-09-13,P034,196,False,0
2023-09-13,P035,157,False,0
2023-09-13,P036,102,False,0
2023-09-13,P037,220,False,0
2023-09-13,P038,492,False,0
2023-09-13,P039,464,False,0
2023-09-13,P040,318,False,0
2023-09-14,P001,55,False,0
2023-09-14,P002,450,False,0
2023-09-14,P003,337,False,0
2023-09-14,P004,471,False,0
2023-09-14,P005,148,False,0
2023-09-14,P006,257,False,0
2023-09-14,P007,116,False,0
2023-09-14,P008,338,False,0
2023-09-14,P009,67,False,0
2023-09-14,P010,125,False,0
2023-09-14,P011,471,False,0
2023-09-14,P012,168,False,0
2023-09-14,P013,180,False,0
2023-09-14,P014,408,False,0
2023-09-14,P015,423,False,0
2023-09-14,P016,421,False,0
2023-09-14,P017,437,False,0
2023-09-14,P018,246,False,0
2023-09-14,P019,111,False,0
2023-09-14,P020,434,False,0
2023-09-14,P021,227,False,0
2023-09-14,P022,288,False,0
2023-09-14,P023,183,False,0
2023-09-14,P024,66,False,0
2023-09-14,P025,432,False,0
2023-09-14,P026,272,False,0
2023-09-14,P027,282,False,0
2023-09-14,P028,255,False,0
2023-09-14,P029,429,False,0
2023-09-14,P030,307,False,0
2023-09-14,P031,309,False,0
2023-09-14,P032,311,False,0
2023-09-14,P033,96,False,0
2023-09-14,P034,196,False,0
2023-09-14,P035,154,False,0
2023-09-14,P036,102,False,0
2023-09-14,P037,219,False,0
2023-09-14,P038,488,False,0
2023-09-14,P039,461,False,0
2023-09-14,P040,314,False,0
2023-09-15,P001,55,False,0
2023-09-15,P002,450,False,0
2023-09-15,P003,334,False,0
2023-09-15,P004,457,False,0
2023-09-15,P005,148,False,0
2023-09-15,P006,252,False,0
2023-09-15,P007,102,False,0
2023-09-15,P008,330,False,0
2023-09-15,P009,67,False,0
2023-09-15,P010,123,False,0
2023-09-15,P011,471,False,0
2023-09-15,P012,168,False,0
2023-09-15,P013,168,False,0
2023-09-15,P014,405,False,0
2023-09-15,P015,423,False,0
2023-09-15,P016,421,False,0
2023-09-15,P017,428,False,0
2023-09-15,P018,244,False,0
2023-09-15,P019,105,False,0
2023-09-15,P020,434,False,0
2023-09-15,P021,223,False,0
2023-09-15,P022,288,False,0
2023-09-15,P023,183,False,0
2023-09-15,P024,66,False,0
2023-09-15,P025,432,False,0
2023-09-15,P026,272,False,0
2023-09-15,P027,278,False,0
2023-09-15,P028,255,False,0
2023-09-15,P029,424,False,0
2023-09-15,P030,307,False,0
2023-09-15,P031,302,False,0
2023-09-15,P032,307,False,0
2023-09-15,P033,89,False,0
2023-09-15,P034,193,False,0
2023-09-15,P035,150,False,0
2023-09-15,P036,97,False,0
2023-09-15,P037,215,False,0
2023-09-15,P038,484,False,0
2023-09-15,P039,451,False,0
2023-09-15,P040,314,False,0
2023-09-16,P001,53,False,0
2023-09-16,P002,443,False,0
2023-09-16,P003,332,False,0
2023-09-16,P004,447,False,0
2023-09-16,P005,148,False,0
2023-09-16,P006,252,False,0
2023-09-16,P007,95,False,0
2023-09-16,P008,317,False,0
2023-09-16,P009,62,False,0
2023-09-16,P010,121,False,0
2023-09-16,P011,471,False,0
2023-09-16,P012,168,False,0
2023-09-16,P013,155,False,0
2023-09-16,P014,405,False,0
2023-09-16,P015,423,False,0
2023-09-16,P016,419,False,0
2023-09-16,P017,427,False,0
2023-09-16,P018,243,False,0
2023-09-16,P019,100,False,0
2023-09-16,P020,429,False,0
2023-09-16,P021,217,False,0
2023-09-16,P022,285,False,0
2023-09-16,P023,173,False,0
2023-09-16,P024,65,False,0
2023-09-16,P025,432,False,0
2023-09-16,P026,262,False,0
2023-09-16,P027,274,False,0
2023-09-16,P028,254,False,0
2023-09-16,P029,422,False,0
2023-09-16,P030,307,False,0
2023-09-16,P031,289,False,0
2023-09-16,P032,307,False,0
2023-09-16,P033,82,False,0
2023-09-16,P034,189,False,0
2023-09-16,P035,150,False,0
2023-09-16,P036,95,False,0
2023-09-16,P037,215,False,0
2023-09-16,P038,484,False,0
2023-09-16,P039,451,False,0
2023-09-16,P040,309,False,0
2023-09-17,P001,42,False,0
2023-09-17,P002,442,False,0
2023-09-17,P003,321,False,0
2023-09-17,P004,433,False,0
2023-09-17,P005,148,False,0
2023-09-17,P006,252,False,0
2023-09-17,P007,88,False,0
2023-09-17,P008,308,False,0
2023-09-17,P009,53,False,0
2023-09-17,P010,118,False,0
2023-09-17,P011,471,False,0
2023-09-17,P012,157,False,0
2023-09-17,P013,147,False,0
2023-09-17,P014,400,False,0
2023-09-17,P015,420,False,0
2023-09-17,P016,405,False,0
2023-09-17,P017,423,False,0
2023-09-17,P018,229,False,0
2023-09-17,P019,88,False,0
2023-09-17,P020,429,False,0
2023-09-17,P021,215,False,0
2023-09-17,P022,255,False,0
2023-09-17,P023,155,False,0
2023-09-17,P024,65,False,0
2023-09-17,P025,425,False,0
2023-09-17,P026,257,False,0
2023-09-17,P027,263,False,0
2023-09-17,P028,244,False,0
2023-09-17,P029,422,False,0
2023-09-17,P030,306,False,0
2023-09-17,P031,286,False,0
2023-09-17,P032,302,False,0
2023-09-17,P033,77,False,0
2023-09-17,P034,179,False,0
2023-09-17,P035,135,False,0
2023-09-17,P036,74,False,0
2023-09-17,P037,214,False,0
2023-09-17,P038,484,False,0
2023-09-17,P039,448,False,0
2023-09-17,P040,307,False,0
2023-09-18,P001,42,False,0
2023-09-18,P002,433,False,0
2023-09-18,P003,321,False,0
2023-09-18,P004,425,False,0
2023-09-18,P005,146,False,0
2023-09-18,P006,247,False,0
2023-09-18,P007,74,False,0
2023-09-18,P008,297,False,0
2023-09-18,P009,500,False,459
2023-09-18,P010,116,False,0
2023-09-18,P011,471,False,0
2023-09-18,P012,148,False,0
2023-09-18,P013,142,False,0
2023-09-18,P014,400,False,0
2023-09-18,P015,420,False,0
2023-09-18,P016,398,False,0
2023-09-18,P017,420,False,0
2023-09-18,P018,229,False,0
2023-09-18,P019,85,False,0
2023-09-18,P020,429,False,0
2023-09-18,P021,210,False,0
2023-09-18,P022,255,False,0
2023-09-18,P023,145,False,0
2023-09-18,P024,65,False,0
2023-09-18,P025,420,False,0
2023-09-18,P026,257,False,0
2023-09-18,P027,263,False,0
2023-09-18,P028,233,False,0
2023-09-18,P029,417,False,0
2023-09-18,P030,306,False,0
2023-09-18,P031,283,False,0
2023-09-18,P032,302,False,0
2023-09-18,P033,77,False,0
2023-09-18,P034,156,False,0
2023-09-18,P035,126,False,0
2023-09-18,P036,71,False,0
2023-09-18,P037,205,False,0
2023-09-18,P038,483,False,0
2023-09-18,P039,445,False,0
2023-09-18,P040,307,False,0
2023-09-19,P001,41,False,0
2023-09-19,P002,408,False,0
2023-09-19,P003,316,False,0
2023-09-19,P004,422,False,0
2023-09-19,P005,146,False,0
2023-09-19,P006,247,False,0
2023-09-19,P007,67,False,0
2023-09-19,P008,277,False,0
2023-09-19,P009,500,False,0
2023-09-19,P010,112,False,0
2023-09-19,P011,468,False,0
2023-09-19,P012,142,False,0
2023-09-19,P013,137,False,0
2023-09-19,P014,395,False,0
2023-09-19,P015,420,False,0
2023-09-19,P016,388,False,0
2023-09-19,P017,420,False,0
2023-09-19,P018,229,False,0
2023-09-19,P019,80,False,0
2023-09-19,P020,429,False,0
2023-09-19,P021,183,False,0
2023-09-19,P022,248,False,0
2023-09-19,P023,145,False,0
2023-09-19,P024,61,False,0
2023-09-19,P025,420,False,0
2023-09-19,P026,249,False,0
2023-09-19,P027,263,False,0
2023-09-19,P028,229,False,0
2023-09-19,P029,417,False,0
2023-09-19,P030,300,False,0
2023-09-19,P031,279,False,0
2023-09-19,P032,302,False,0
2023-09-19,P033,66,False,0
2023-09-19,P034,152,False,0
2023-09-19,P035,112,False,0
2023-09-19,P036,71,False,0
2023-09-19,P037,204,False,0
2023-09-19,P038,483,False,0
2023-09-19,P039,445,False,0
2023-09-19,P040,303,False,0
2023-09-20,P001,38,False,0
2023-09-20,P002,408,False,0
2023-09-20,P003,312,False,0
2023-09-20,P004,410,False,0
2023-09-20,P005,146,False,0
2023-09-20,P006,247,False,0
2023-09-20,P007,67,False,0
2023-09-20,P008,271,False,0
2023-09-20,P009,490,False,0
2023-09-20,P010,112,False,0
2023-09-20,P011,468,False,0
2023-09-20,P012,142,False,0
2023-09-20,P013,137,False,0
2023-09-20,P014,391,False,0
2023-09-20,P015,420,False,0
2023-09-20,P016,377,False,0
2023-09-20,P017,415,False,0
2023-09-20,P018,229,False,0
2023-09-20,P019,80,False,0
2023-09-20,P020,429,False,0
2023-09-20,P021,182,False,0
2023-09-20,P022,248,False,0
2023-09-20,P023,142,False,0
2023-09-20,P024,60,False,0
2023-09-20,P025,412,False,0
2023-09-20,P026,247,False,0
2023-09-20,P027,263,False,0
2023-09-20,P028,229,False,0
2023-09-20,P029,413,False,0
2023-09-20,P030,300,False,0
2023-09-20,P031,269,False,0
2023-09-20,P032,302,False,0
2023-09-20,P033,61,False,0
2023-09-20,P034,147,False,0
2023-09-20,P035,104,False,0
2023-09-20,P036,67,False,0
2023-09-20,P037,196,False,0
2023-09-20,P038,478,False,0
2023-09-20,P039,443,False,0
2023-09-20,P040,301,False,0
2023-09-21,P001,34,False,0
2023-09-21,P002,408,False,0
2023-09-21,P003,312,False,0
2023-09-21,P004,400,False,0
2023-09-21,P005,146,False,0
2023-09-21,P006,244,False,0
2023-09-21,P007,62,False,0
2023-09-21,P008,271,False,0
2023-09-21,P009,489,False,0
2023-09-21,P010,112,False,0
2023-09-21,P011,463,False,0
2023-09-21,P012,137,False,0
2023-09-21,P013,137,False,0
2023-09-21,P014,367,False,0
2023-09-21,P015,420,False,0
2023-09-21,P016,357,False,0
2023-09-21,P017,411,False,0
2023-09-21,P018,221,False,0
2023-09-21,P019,78,False,0
2023-09-21,P020,429,False,0
2023-09-21,P021,172,False,0
2023-09-21,P022,247,False,0
2023-09-21,P023,140,False,0
2023-09-21,P024,56,False,0
2023-09-21,P025,412,False,0
2023-09-21,P026,247,False,0
2023-09-21,P027,261,False,0
2023-09-21,P028,224,False,0
2023-09-21,P029,408,False,0
2023-09-21,P030,293,False,0
2023-09-21,P031,266,False,0
2023-09-21,P032,302,False,0
2023-09-21,P033,500,False,453
2023-09-21,P034,145,False,0
2023-09-21,P035,94,False,0
2023-09-21,P036,63,False,0
2023-09-21,P037,196,False,0
2023-09-21,P038,478,False,0
2023-09-21,P039,441,False,0
2023-09-21,P040,301,False,0
2023-09-22,P001,30,False,0
2023-09-22,P002,405,False,0
2023-09-22,P003,312,False,0
2023-09-22,P004,382,False,0
2023-09-22,P005,141,False,0
2023-09-22,P006,244,False,0
2023-09-22,P007,57,False,0
2023-09-22,P008,270,False,0
2023-09-22,P009,488,False,0
2023-09-22,P010,95,False,0
2023-09-22,P011,463,False,0
2023-09-22,P012,134,False,0
2023-09-22,P013,137,False,0
2023-09-22,P014,367,False,0
2023-09-22,P015,420,False,0
2023-09-22,P016,352,False,0
2023-09-22,P017,411,False,0
2023-09-22,P018,202,False,0
2023-09-22,P019,74,False,0
2023-09-22,P020,429,False,0
2023-09-22,P021,166,False,0
2023-09-22,P022,241,False,0
2023-09-22,P023,140,False,0
2023-09-22,P024,51,False,0
2023-09-22,P025,407,False,0
2023-09-22,P026,244,False,0
2023-09-22,P027,253,False,0
2023-09-22,P028,215,False,0
2023-09-22,P029,408,False,0
2023-09-22,P030,293,False,0
2023-09-22,P031,251,False,0
2023-09-22,P032,298,False,0
2023-09-22,P033,486,False,0
2023-09-22,P034,135,False,0
2023-09-22,P035,92,False,0
2023-09-22,P036,56,False,0
2023-09-22,P037,187,False,0
2023-09-22,P038,478,False,0
2023-09-22,P039,441,False,0
2023-09-22,P040,297,False,0
2023-09-23,P001,25,False,0
2023-09-23,P002,401,False,0
2023-09-23,P003,312,False,0
2023-09-23,P004,380,False,0
2023-09-23,P005,141,False,0
2023-09-23,P006,244,False,0
2023-09-23,P007,50,False,0
2023-09-23,P008,268,False,0
2023-09-23,P009,484,False,0
2023-09-23,P010,90,False,0
2023-09-23,P011,454,False,0
2023-09-23,P012,116,False,0
2023-09-23,P013,135,False,0
2023-09-23,P014,367,False,0
2023-09-23,P015,420,False,0
2023-09-23,P016,348,False,0
2023-09-23,P017,394,False,0
2023-09-23,P018,202,False,0
2023-09-23,P019,70,False,0
2023-09-23,P020,429,False,0
2023-09-23,P021,157,False,0
2023-09-23,P022,234,False,0
2023-09-23,P023,133,False,0
2023-09-23,P024,51,False,0
2023-09-23,P025,407,False,0
2023-09-23,P026,244,False,0
2023-09-23,P027,253,False,0
2023-09-23,P028,206,False,0
2023-09-23,P029,408,False,0
2023-09-23,P030,293,False,0
2023-09-23,P031,247,False,0
2023-09-23,P032,298,False,0
2023-09-23,P033,477,False,0
2023-09-23,P034,135,False,0
2023-09-23,P035,90,False,0
2023-09-23,P036,56,False,0
2023-09-23,P037,187,False,0
2023-09-23,P038,478,False,0
2023-09-23,P039,440,False,0
2023-09-23,P040,294,False,0
2023-09-24,P001,20,False,0
2023-09-24,P002,399,False,0
2023-09-24,P003,309,False,0
2023-09-24,P004,372,False,0
2023-09-24,P005,140,False,0
2023-09-24,P006,244,False,0
2023-09-24,P007,500,False,466
2023-09-24,P008,258,False,0
2023-09-24,P009,476,False,0
2023-09-24,P010,89,False,0
2023-09-24,P011,454,False,0
2023-09-24,P012,115,False,0
2023-09-24,P013,125,False,0
2023-09-24,P014,367,False,0
2023-09-24,P015,420,False,0
2023-09-24,P016,346,False,0
2023-09-24,P017,392,False,0
2023-09-24,P018,201,False,0
2023-09-24,P019,67,False,0
2023-09-24,P020,429,False,0
2023-09-24,P021,149,False,0
2023-09-24,P022,231,False,0
2023-09-24,P023,128,False,0
2023-09-24,P024,51,False,0
2023-09-24,P025,407,False,0
2023-09-24,P026,238,False,0
2023-09-24,P027,247,False,0
2023-09-24,P028,205,False,0
2023-09-24,P029,401,False,0
2023-09-24,P030,287,False,0
2023-09-24,P031,237,False,0
2023-09-24,P032,298,False,0
2023-09-24,P033,457,False,0
2023-09-24,P034,135,False,0
2023-09-24,P035,87,False,0
2023-09-24,P036,500,False,456
2023-09-24,P037,158,False,0
2023-09-24,P038,471,False,0
2023-09-24,P039,437,False,0
2023-09-24,P040,282,False,0
2023-09-25,P001,18,False,0
2023-09-25,P002,394,False,0
2023-09-25,P003,307,False,0
2023-09-25,P004,370,False,0
2023-09-25,P005,135,False,0
2023-09-25,P006,244,False,0
2023-09-25,P007,495,False,0
2023-09-25,P008,257,False,0
2023-09-25,P009,467,False,0
2023-09-25,P010,89,False,0
2023-09-25,P011,454,False,0
2023-09-25,P012,108,False,0
2023-09-25,P013,125,False,0
2023-09-25,P014,361,False,0
2023-09-25,P015,419,False,0
2023-09-25,P016,343,False,0
2023-09-25,P017,392,False,0
2023-09-25,P018,197,False,0
2023-09-25,P019,500,False,451
2023-09-25,P020,429,False,0
2023-09-25,P021,148,False,0
2023-09-25,P022,227,False,0
2023-09-25,P023,120,False,0
2023-09-25,P024,51,False,0
2023-09-25,P025,407,False,0
2023-09-25,P026,235,False,0
2023-09-25,P027,236,False,0
2023-09-25,P028,202,False,0
2023-09-25,P029,401,False,0
2023-09-25,P030,282,False,0
2023-09-25,P031,232,False,0
2023-09-25,P032,298,False,0
2023-09-25,P033,444,False,0
2023-09-25,P034,130,False,0
2023-09-25,P035,72,False,0
2023-09-25,P036,495,False,0
2023-09-25,P037,137,False,0
2023-09-25,P038,471,False,0
2023-09-25,P039,434,False,0
2023-09-25,P040,260,False,0
2023-09-26,P001,11,False,0
2023-09-26,P002,394,False,0
2023-09-26,P003,306,False,0
2023-09-26,P004,362,False,0
2023-09-26,P005,135,False,0
2023-09-26,P006,244,False,0
2023-09-26,P007,490,False,0
2023-09-26,P008,251,False,0
2023-09-26,P009,461,False,0
2023-09-26,P010,89,False,0
2023-09-26,P011,451,False,0
2023-09-26,P012,104,False,0
2023-09-26,P013,125,False,0
2023-09-26,P014,361,False,0
2023-09-26,P015,418,False,0
2023-09-26,P016,341,False,0
2023-09-26,P017,386,False,0
2023-09-26,P018,194,False,0
2023-09-26,P019,500,False,0
2023-09-26,P020,429,False,0
2023-09-26,P021,132,False,0
2023-09-26,P022,222,False,0
2023-09-26,P023,119,False,0
2023-09-26,P024,500,False,452
2023-09-26,P025,405,False,0
2023-09-26,P026,235,False,0
2023-09-26,P027,219,False,0
2023-09-26,P028,202,False,0
2023-09-26,P029,398,False,0
2023-09-26,P030,281,False,0
2023-09-26,P031,223,False,0
2023-09-26,P032,298,False,0
2023-09-26,P033,430,False,0
2023-09-26,P034,127,False,0
2023-09-26,P035,67,False,0
2023-09-26,P036,494,False,0
2023-09-26,P037,133,False,0
2023-09-26,P038,470,False,0
2023-09-26,P039,432,False,0
2023-09-26,P040,255,False,0
2023-09-27,P001,11,False,0
2023-09-27,P002,391,False,0
2023-09-27,P003,306,False,0
2023-09-27,P004,348,False,0
2023-09-27,P005,132,False,0
2023-09-27,P006,236,False,0
2023-09-27,P007,482,False,0
2023-09-27,P008,246,False,0
2023-09-27,P009,450,False,0
2023-09-27,P010,84,False,0
2023-09-27,P011,450,False,0
2023-09-27,P012,104,False,0
2023-09-27,P013,125,False,0
2023-09-27,P014,359,False,0
2023-09-27,P015,418,False,0
2023-09-27,P016,333,False,0
2023-09-27,P017,385,False,0
2023-09-27,P018,189,False,0
2023-09-27,P019,490,False,0
2023-09-27,P020,429,False,0
2023-09-27,P021,128,False,0
2023-09-27,P022,220,False,0
2023-09-27,P023,114,False,0
2023-09-27,P024,498,False,0
2023-09-27,P025,402,False,0
2023-09-27,P026,235,False,0
2023-09-27,P027,208,False,0
2023-09-27,P028,199,False,0
2023-09-27,P029,389,False,0
2023-09-27,P030,277,False,0
2023-09-27,P031,219,False,0
2023-09-27,P032,289,False,0
2023-09-27,P033,423,False,0
2023-09-27,P034,118,False,0
2023-09-27,P035,67,False,0
2023-09-27,P036,494,False,0
2023-09-27,P037,130,False,0
2023-09-27,P038,470,False,0
2023-09-27,P039,432,False,0
2023-09-27,P040,255,False,0
2023-09-28,P001,9,False,0
2023-09-28,P002,380,False,0
2023-09-28,P003,302,False,0
2023-09-28,P004,334,False,0
2023-09-28,P005,117,False,0
2023-09-28,P006,236,False,0
2023-09-28,P007,464,False,0
2023-09-28,P008,237,False,0
2023-09-28,P009,444,False,0
2023-09-28,P010,79,False,0
2023-09-28,P011,450,False,0
2023-09-28,P012,96,False,0
2023-09-28,P013,113,False,0
2023-09-28,P014,359,False,0
2023-09-28,P015,418,False,0
2023-09-28,P016,333,False,0
2023-09-28,P017,378,False,0
2023-09-28,P018,180,False,0
2023-09-28,P019,468,False,0
2023-09-28,P020,429,False,0
2023-09-28,P021,128,False,0
2023-09-28,P022,216,False,0
2023-09-28,P023,109,False,0
2023-09-28,P024,498,False,0
2023-09-28,P025,402,False,0
2023-09-28,P026,234,False,0
2023-09-28,P027,206,False,0
2023-09-28,P028,187,False,0
2023-09-28,P029,377,False,0
2023-09-28,P030,277,False,0
2023-09-28,P031,213,False,0
2023-09-28,P032,286,False,0
2023-09-28,P033,412,False,0
2023-09-28,P034,113,False,0
2023-09-28,P035,60,False,0
2023-09-28,P036,490,False,0
2023-09-28,P037,118,False,0
2023-09-28,P038,470,False,0
2023-09-28,P039,428,False,0
2023-09-28,P040,254,False,0
2023-09-29,P001,9,False,0
2023-09-29,P002,380,False,0
2023-09-29,P003,302,False,0
2023-09-29,P004,325,False,0
2023-09-29,P005,117,False,0
2023-09-29,P006,232,False,0
2023-09-29,P007,463,False,0
2023-09-29,P008,229,False,0
2023-09-29,P009,440,False,0
2023-09-29,P010,75,False,0
2023-09-29,P011,450,False,0
2023-09-29,P012,85,False,0
2023-09-29,P013,97,False,0
2023-09-29,P014,357,False,0
2023-09-29,P015,418,False,0
2023-09-29,P016,332,False,0
2023-09-29,P017,368,False,0
2023-09-29,P018,176,False,0
2023-09-29,P019,468,False,0
2023-09-29,P020,429,False,0
2023-09-29,P021,118,False,0
2023-09-29,P022,216,False,0
2023-09-29,P023,108,False,0
2023-09-29,P024,496,False,0
2023-09-29,P025,393,False,0
2023-09-29,P026,229,False,0
2023-09-29,P027,199,False,0
2023-09-29,P028,182,False,0
2023-09-29,P029,377,False,0
2023-09-29,P030,277,False,0
2023-09-29,P031,206,False,0
2023-09-29,P032,286,False,0
2023-09-29,P033,406,False,0
2023-09-29,P034,113,False,0
2023-09-29,P035,59,False,0
2023-09-29,P036,490,False,0
2023-09-29,P037,115,False,0
2023-09-29,P038,465,False,0
2023-09-29,P039,428,False,0
2023-09-29,P040,254,False,0
2023-09-30,P001,2,False,0
2023-09-30,P002,374,False,0
2023-09-30,P003,301,False,0
2023-09-30,P004,320,False,0
2023-09-30,P005,117,False,0
2023-09-30,P006,232,False,0
2023-09-30,P007,457,False,0
2023-09-30,P008,227,False,0
2023-09-30,P009,433,False,0
2023-09-30,P010,75,False,0
2023-09-30,P011,445,False,0
2023-09-30,P012,82,False,0
2023-09-30,P013,96,False,0
2023-09-30,P014,357,False,0
2023-09-30,P015,418,False,0
2023-09-30,P016,325,False,0
2023-09-30,P017,363,False,0
2023-09-30,P018,168,False,0
2023-09-30,P019,464,False,0
2023-09-30,P020,429,False,0
2023-09-30,P021,94,False,0
2023-09-30,P022,216,False,0
2023-09-30,P023,105,False,0
2023-09-30,P024,496,False,0
2023-09-30,P025,392,False,0
2023-09-30,P026,229,False,0
2023-09-30,P027,199,False,0
2023-09-30,P028,181,False,0
2023-09-30,P029,373,False,0
2023-09-30,P030,277,False,0
2023-09-30,P031,206,False,0
2023-09-30,P032,282,False,0
2023-09-30,P033,405,False,0
2023-09-30,P034,113,False,0
2023-09-30,P035,57,False,0
2023-09-30,P036,490,False,0
2023-09-30,P037,112,False,0
2023-09-30,P038,464,False,0
2023-09-30,P039,426,False,0
2023-09-30,P040,254,False,0
2023-10-01,P001,500,False,498
2023-10-01,P002,374,False,0
2023-10-01,P003,297,False,0
2023-10-01,P004,302,False,0
2023-10-01,P005,117,False,0
2023-10-01,P006,232,False,0
2023-10-01,P007,443,False,0
2023-10-01,P008,221,False,0
2023-10-01,P009,423,False,0
2023-10-01,P010,70,False,0
2023-10-01,P011,445,False,0
2023-10-01,P012,79,False,0
2023-10-01,P013,89,False,0
2023-10-01,P014,356,False,0
2023-10-01,P015,412,False,0
2023-10-01,P016,307,False,0
2023-10-01,P017,352,False,0
2023-10-01,P018,162,False,0
2023-10-01,P019,452,False,0
2023-10-01,P020,429,False,0
2023-10-01,P021,85,False,0
2023-10-01,P022,213,False,0
2023-10-01,P023,102,False,0
2023-10-01,P024,491,False,0
2023-10-01,P025,391,False,0
2023-10-01,P026,217,False,0
2023-10-01,P027,199,False,0
2023-10-01,P028,181,False,0
2023-10-01,P029,368,False,0
2023-10-01,P030,277,False,0
2023-10-01,P031,202,False,0
2023-10-01,P032,281,False,0
2023-10-01,P033,404,False,0
2023-10-01,P034,113,False,0
2023-10-01,P035,55,False,0
2023-10-01,P036,490,False,0
2023-10-01,P037,103,False,0
2023-10-01,P038,464,False,0
2023-10-01,P039,417,False,0
2023-10-01,P040,254,False,0
2023-10-02,P001,500,False,0
2023-10-02,P002,370,False,0
2023-10-02,P003,293,False,0
2023-10-02,P004,292,False,0
2023-10-02,P005,113,False,0
2023-10-02,P006,232,False,0
2023-10-02,P007,439,False,0
2023-10-02,P008,212,False,0
2023-10-02,P009,421,False,0
2023-10-02,P010,70,False,0
2023-10-02,P011,439,False,0
2023-10-02,P012,72,False,0
2023-10-02,P013,84,False,0
2023-10-02,P014,352,False,0
2023-10-02,P015,412,False,0
2023-10-02,P016,295,False,0
2023-10-02,P017,346,False,0
2023-10-02,P018,144,False,0
2023-10-02,P019,448,False,0
2023-10-02,P020,429,False,0
2023-10-02,P021,85,False,0
2023-10-02,P022,204,False,0
2023-10-02,P023,96,False,0
2023-10-02,P024,490,False,0
2023-10-02,P025,391,False,0
2023-10-02,P026,213,False,0
2023-10-02,P027,199,False,0
2023-10-02,P028,171,False,0
2023-10-02,P029,362,False,0
2023-10-02,P030,273,False,0
2023-10-02,P031,195,False,0
2023-10-02,P032,281,False,0
2023-10-02,P033,390,False,0
2023-10-02,P034,113,False,0
2023-10-02,P035,500,False,453
2023-10-02,P036,490,False,0
2023-10-02,P037,95,False,0
2023-10-02,P038,464,False,0
2023-10-02,P039,406,False,0
2023-10-02,P040,250,False,0
2023-10-03,P001,487,False,0
2023-10-03,P002,370,False,0
2023-10-03,P003,293,False,0
2023-10-03,P004,286,False,0
2023-10-03,P005,108,False,0
2023-10-03,P006,232,False,0
2023-10-03,P007,437,False,0
2023-10-03,P008,209,False,0
2023-10-03,P009,419,False,0
2023-10-03,P010,67,False,0
2023-10-03,P011,439,False,0
2023-10-03,P012,72,False,0
2023-10-03,P013,79,False,0
2023-10-03,P014,352,False,0
2023-10-03,P015,411,False,0
2023-10-03,P016,290,False,0
2023-10-03,P017,346,False,0
2023-10-03,P018,137,False,0
2023-10-03,P019,448,False,0
2023-10-03,P020,429,False,0
2023-10-03,P021,84,False,0
2023-10-03,P022,202,False,0
2023-10-03,P023,93,False,0
2023-10-03,P024,490,False,0
2023-10-03,P025,391,False,0
2023-10-03,P026,211,False,0
2023-10-03,P027,199,False,0
2023-10-03,P028,168,False,0
2023-10-03,P029,357,False,0
2023-10-03,P030,265,False,0
2023-10-03,P031,194,False,0
2023-10-03,P032,281,False,0
2023-10-03,P033,358,False,0
2023-10-03,P034,113,False,0
2023-10-03,P035,495,False,0
2023-10-03,P036,490,False,0
2023-10-03,P037,93,False,0
2023-10-03,P038,464,False,0
2023-10-03,P039,400,False,0
2023-10-03,P040,250,False,0
2023-10-04,P001,479,False,0
2023-10-04,P002,368,False,0
2023-10-04,P003,288,False,0
2023-10-04,P004,279,False,0
2023-10-04,P005,108,False,0
2023-10-04,P006,227,False,0
2023-10-04,P007,418,False,0
2023-10-04,P008,209,False,0
2023-10-04,P009,418,False,0
2023-10-04,P010,63,False,0
2023-10-04,P011,439,False,0
2023-10-04,P012,68,False,0
2023-10-04,P013,75,False,0
2023-10-04,P014,347,False,0
2023-10-04,P015,411,False,0
2023-10-04,P016,266,False,0
2023-10-04,P017,346,False,0
2023-10-04,P018,136,False,0
2023-10-04,P019,448,False,0
2023-10-04,P020,429,False,0
2023-10-04,P021,83,False,0
2023-10-04,P022,185,False,0
2023-10-04,P023,88,False,0
2023-10-04,P024,490,False,0
2023-10-04,P025,387,False,0
2023-10-04,P026,210,False,0
2023-10-04,P027,199,False,0
2023-10-04,P028,167,False,0
2023-10-04,P029,357,False,0
2023-10-04,P030,261,False,0
2023-10-04,P031,186,False,0
2023-10-04,P032,281,False,0
2023-10-04,P033,349,False,0
2023-10-04,P034,103,False,0
2023-10-04,P035,487,False,0
2023-10-04,P036,490,False,0
2023-10-04,P037,93,False,0
2023-10-04,P038,464,False,0
2023-10-04,P039,397,False,0
2023-10-04,P040,246,False,0
2023-10-05,P001,478,False,0
2023-10-05,P002,365,False,0
2023-10-05,P003,288,False,0
2023-10-05,P004,265,False,0
2023-10-05,P005,106,False,0
2023-10-05,P006,218,False,0
2023-10-05,P007,407,False,0
2023-10-05,P008,209,False,0
2023-10-05,P009,401,False,0
2023-10-05,P010,63,False,0
2023-10-05,P011,439,False,0
2023-10-05,P012,63,False,0
2023-10-05,P013,75,False,0
2023-10-05,P014,347,False,0
2023-10-05,P015,411,False,0
2023-10-05,P016,256,False,0
2023-10-05,P017,345,False,0
2023-10-05,P018,130,False,0
2023-10-05,P019,447,False,0
2023-10-05,P020,429,False,0
2023-10-05,P021,73,False,0
2023-10-05,P022,185,False,0
2023-10-05,P023,88,False,0
2023-10-05,P024,490,False,0
2023-10-05,P025,387,False,0
2023-10-05,P026,207,False,0
2023-10-05,P027,199,False,0
2023-10-05,P028,157,False,0
2023-10-05,P029,343,False,0
2023-10-05,P030,257,False,0
2023-10-05,P031,181,False,0
2023-10-05,P032,279,False,0
2023-10-05,P033,342,False,0
2023-10-05,P034,99,False,0
2023-10-05,P035,484,False,0
2023-10-05,P036,479,False,0
2023-10-05,P037,85,False,0
2023-10-05,P038,463,False,0
2023-10-05,P039,389,False,0
2023-10-05,P040,246,False,0
2023-10-06,P001,473,False,0
2023-10-06,P002,361,False,0
2023-10-06,P003,283,False,0
2023-10-06,P004,262,False,0
2023-10-06,P005,106,False,0
2023-10-06,P006,218,False,0
2023-10-06,P007,398,False,0
2023-10-06,P008,209,False,0
2023-10-06,P009,401,False,0
2023-10-06,P010,63,False,0
2023-10-06,P011,439,False,0
2023-10-06,P012,63,False,0
2023-10-06,P013,75,False,0
2023-10-06,P014,344,False,0
2023-10-06,P015,409,False,0
2023-10-06,P016,243,False,0
2023-10-06,P017,345,False,0
2023-10-06,P018,123,False,0
2023-10-06,P019,422,False,0
2023-10-06,P020,429,False,0
2023-10-06,P021,73,False,0
2023-10-06,P022,182,False,0
2023-10-06,P023,87,False,0
2023-10-06,P024,490,False,0
2023-10-06,P025,384,False,0
2023-10-06,P026,201,False,0
2023-10-06,P027,187,False,0
2023-10-06,P028,157,False,0
2023-10-06,P029,342,False,0
2023-10-06,P030,257,False,0
2023-10-06,P031,178,False,0
2023-10-06,P032,274,False,0
2023-10-06,P033,330,False,0
2023-10-06,P034,99,False,0
2023-10-06,P035,483,False,0
2023-10-06,P036,479,False,0
2023-10-06,P037,84,False,0
2023-10-06,P038,463,False,0
2023-10-06,P039,377,False,0
2023-10-06,P040,240,False,0
2023-10-07,P001,466,False,0
2023-10-07,P002,361,False,0
2023-10-07,P003,283,False,0
2023-10-07,P004,259,False,0
2023-10-07,P005,104,False,0
2023-10-07,P006,218,False,0
2023-10-07,P007,392,False,0
2023-10-07,P008,209,False,0
2023-10-07,P009,399,False,0
2023-10-07,P010,63,False,0
2023-10-07,P011,439,False,0
2023-10-07,P012,63,False,0
2023-10-07,P013,65,False,0
2023-10-07,P014,344,False,0
2023-10-07,P015,405,False,0
2023-10-07,P016,240,False,0
2023-10-07,P017,343,False,0
2023-10-07,P018,117,False,0
2023-10-07,P019,415,False,0
2023-10-07,P020,429,False,0
2023-10-07,P021,73,False,0
2023-10-07,P022,179,False,0
2023-10-07,P023,82,False,0
2023-10-07,P024,490,False,0
2023-10-07,P025,381,False,0
2023-10-07,P026,199,False,0
2023-10-07,P027,180,False,0
2023-10-07,P028,152,False,0
2023-10-07,P029,340,False,0
2023-10-07,P030,257,False,0
2023-10-07,P031,172,False,0
2023-10-07,P032,274,False,0
2023-10-07,P033,328,False,0
2023-10-07,P034,99,False,0
2023-10-07,P035,483,False,0
2023-10-07,P036,479,False,0
2023-10-07,P037,81,False,0
2023-10-07,P038,463,False,0
2023-10-07,P039,377,False,0
2023-10-07,P040,240,False,0
2023-10-08,P001,453,False,0
2023-10-08,P002,361,False,0
2023-10-08,P003,279,False,0
2023-10-08,P004,249,False,0
2023-10-08,P005,104,False,0
2023-10-08,P006,215,False,0
2023-10-08,P007,369,False,0
2023-10-08,P008,200,False,0
2023-10-08,P009,387,False,0
2023-10-08,P010,63,False,0
2023-10-08,P011,439,False,0
2023-10-08,P012,58,False,0
2023-10-08,P013,65,False,0
2023-10-08,P014,341,False,0
2023-10-08,P015,400,False,0
2023-10-08,P016,230,False,0
2023-10-08,P017,326,False,0
2023-10-08,P018,113,False,0
2023-10-08,P019,415,False,0
2023-10-08,P020,429,False,0
2023-10-08,P021,70,False,0
2023-10-08,P022,165,False,0
2023-10-08,P023,82,False,0
2023-10-08,P024,490,False,0
2023-10-08,P025,376,False,0
2023-10-08,P026,190,False,0
2023-10-08,P027,180,False,0
2023-10-08,P028,145,False,0
2023-10-08,P029,340,False,0
2023-10-08,P030,257,False,0
2023-10-08,P031,145,False,0
2023-10-08,P032,274,False,0
2023-10-08,P033,320,False,0
2023-10-08,P034,87,False,0
2023-10-08,P035,474,False,0
2023-10-08,P036,473,False,0
2023-10-08,P037,63,False,0
2023-10-08,P038,463,False,0
2023-10-08,P039,377,False,0
2023-10-08,P040,236,False,0
2023-10-09,P001,449,False,0
2023-10-09,P002,361,False,0
2023-10-09,P003,279,False,0
2023-10-09,P004,233,False,0
2023-10-09,P005,101,False,0
2023-10-09,P006,211,False,0
2023-10-09,P007,369,False,0
2023-10-09,P008,194,False,0
2023-10-09,P009,387,False,0
2023-10-09,P010,60,False,0
2023-10-09,P011,439,False,0
2023-10-09,P012,54,False,0
2023-10-09,P013,62,False,0
2023-10-09,P014,337,False,0
2023-10-09,P015,400,False,0
2023-10-09,P016,221,False,0
2023-10-09,P017,321,False,0
2023-10-09,P018,103,False,0
2023-10-09,P019,409,False,0
2023-10-09,P020,429,False,0
2023-10-09,P021,62,False,0
2023-10-09,P022,165,False,0
2023-10-09,P023,73,False,0
2023-10-09,P024,488,False,0
2023-10-09,P025,376,False,0
2023-10-09,P026,185,False,0
2023-10-09,P027,176,False,0
2023-10-09,P028,135,False,0
2023-10-09,P029,335,False,0
2023-10-09,P030,252,False,0
2023-10-09,P031,134,False,0
2023-10-09,P032,267,False,0
2023-10-09,P033,314,False,0
2023-10-09,P034,85,False,0
2023-10-09,P035,469,False,0
2023-10-09,P036,467,False,0
2023-10-09,P037,62,False,0
2023-10-09,P038,446,False,0
2023-10-09,P039,365,False,0
2023-10-09,P040,236,False,0
2023-10-10,P001,445,False,0
2023-10-10,P002,359,False,0
2023-10-10,P003,279,False,0
2023-10-10,P004,233,False,0
2023-10-10,P005,101,False,0
2023-10-10,P006,208,False,0
2023-10-10,P007,354,False,0
2023-10-10,P008,194,False,0
2023-10-10,P009,384,False,0
2023-10-10,P010,58,False,0
2023-10-10,P011,429,False,0
2023-10-10,P012,54,False,0
2023-10-10,P013,60,False,0
2023-10-10,P014,337,False,0
2023-10-10,P015,395,False,0
2023-10-10,P016,221,False,0
2023-10-10,P017,317,False,0
2023-10-10,P018,99,False,0
2023-10-10,P019,406,False,0
2023-10-10,P020,429,False,0
2023-10-10,P021,60,False,0
2023-10-10,P022,161,False,0
2023-10-10,P023,68,False,0
2023-10-10,P024,485,False,0
2023-10-10,P025,376,False,0
2023-10-10,P026,185,False,0
2023-10-10,P027,176,False,0
2023-10-10,P028,131,False,0
2023-10-10,P029,330,False,0
2023-10-10,P030,246,False,0
2023-10-10,P031,106,False,0
2023-10-10,P032,256,False,0
2023-10-10,P033,313,False,0
2023-10-10,P034,83,False,0
2023-10-10,P035,463,False,0
2023-10-10,P036,440,False,0
2023-10-10,P037,61,False,0
2023-10-10,P038,430,False,0
2023-10-10,P039,360,False,0
2023-10-10,P040,229,False,0
2023-10-11,P001,445,False,0
2023-10-11,P002,358,False,0
2023-10-11,P003,279,False,0
2023-10-11,P004,210,False,0
2023-10-11,P005,101,False,0
2023-10-11,P006,208,False,0
2023-10-11,P007,345,False,0
2023-10-11,P008,193,False,0
2023-10-11,P009,383,False,0
2023-10-11,P010,52,False,0
2023-10-11,P011,420,False,0
2023-10-11,P012,500,False,451
2023-10-11,P013,500,False,464
2023-10-11,P014,337,False,0
2023-10-11,P015,392,False,0
2023-10-11,P016,217,False,0
2023-10-11,P017,310,False,0
2023-10-11,P018,92,False,0
2023-10-11,P019,401,False,0
2023-10-11,P020,429,False,0
2023-10-11,P021,60,False,0
2023-10-11,P022,161,False,0
2023-10-11,P023,64,False,0
2023-10-11,P024,485,False,0
2023-10-11,P025,376,False,0
2023-10-11,P026,183,False,0
2023-10-11,P027,176,False,0
2023-10-11,P028,126,False,0
2023-10-11,P029,321,False,0
2023-10-11,P030,241,False,0
2023-10-11,P031,101,False,0
2023-10-11,P032,251,False,0
2023-10-11,P033,304,False,0
2023-10-11,P034,78,False,0
2023-10-11,P035,451,False,0
2023-10-11,P036,438,False,0
2023-10-11,P037,58,False,0
2023-10-11,P038,430,False,0
2023-10-11,P039,355,False,0
2023-10-11,P040,228,False,0
2023-10-12,P001,445,False,0
2023-10-12,P002,354,False,0
2023-10-12,P003,279,False,0
2023-10-12,P004,198,False,0
2023-10-12,P005,97,False,0
2023-10-12,P006,205,False,0
2023-10-12,P007,343,False,0
2023-10-12,P008,189,False,0
2023-10-12,P009,383,False,0
2023-10-12,P010,500,False,453
2023-10-12,P011,420,False,0
2023-10-12,P012,500,False,0
2023-10-12,P013,497,False,0
2023-10-12,P014,337,False,0
2023-10-12,P015,389,False,0
2023-10-12,P016,213,False,0
2023-10-12,P017,310,False,0
2023-10-12,P018,92,False,0
2023-10-12,P019,401,False,0
2023-10-12,P020,429,False,0
2023-10-12,P021,60,False,0
2023-10-12,P022,157,False,0
2023-10-12,P023,64,False,0
2023-10-12,P024,485,False,0
2023-10-12,P025,373,False,0
2023-10-12,P026,183,False,0
2023-10-12,P027,176,False,0
2023-10-12,P028,124,False,0
2023-10-12,P029,315,False,0
2023-10-12,P030,221,False,0
2023-10-12,P031,100,False,0
2023-10-12,P032,251,False,0
2023-10-12,P033,298,False,0
2023-10-12,P034,78,False,0
2023-10-12,P035,451,False,0
2023-10-12,P036,434,False,0
2023-10-12,P037,56,False,0
2023-10-12,P038,430,False,0
2023-10-12,P039,347,False,0
2023-10-12,P040,228,False,0
2023-10-13,P001,439,False,0
2023-10-13,P002,349,False,0
2023-10-13,P003,279,False,0
2023-10-13,P004,198,False,0
2023-10-13,P005,97,False,0
2023-10-13,P006,197,False,0
2023-10-13,P007,336,False,0
2023-10-13,P008,181,False,0
2023-10-13,P009,383,False,0
2023-10-13,P010,495,False,0
2023-10-13,P011,411,False,0
2023-10-13,P012,496,False,0
2023-10-13,P013,497,False,0
2023-10-13,P014,332,False,0
2023-10-13,P015,387,False,0
2023-10-13,P016,194,False,0
2023-10-13,P017,310,False,0
2023-10-13,P018,89,False,0
2023-10-13,P019,398,False,0
2023-10-13,P020,429,False,0
2023-10-13,P021,53,False,0
2023-10-13,P022,153,False,0
2023-10-13,P023,56,False,0
2023-10-13,P024,465,False,0
2023-10-13,P025,366,False,0
2023-10-13,P026,178,False,0
2023-10-13,P027,167,False,0
2023-10-13,P028,119,False,0
2023-10-13,P029,311,False,0
2023-10-13,P030,221,False,0
2023-10-13,P031,87,False,0
2023-10-13,P032,250,False,0
2023-10-13,P033,288,False,0
2023-10-13,P034,75,False,0
2023-10-13,P035,440,False,0
2023-10-13,P036,428,False,0
2023-10-13,P037,54,False,0
2023-10-13,P038,429,False,0
2023-10-13,P039,345,False,0
2023-10-13,P040,223,False,0
2023-10-14,P001,433,False,0
2023-10-14,P002,349,False,0
2023-10-14,P003,277,False,0
2023-10-14,P004,195,False,0
2023-10-14,P005,96,False,0
2023-10-14,P006,197,False,0
2023-10-14,P007,329,False,0
2023-10-14,P008,168,False,0
2023-10-14,P009,383,False,0
2023-10-14,P010,495,False,0
2023-10-14,P011,411,False,0
2023-10-14,P012,496,False,0
2023-10-14,P013,489,False,0
2023-10-14,P014,332,False,0
2023-10-14,P015,387,False,0
2023-10-14,P016,188,False,0
2023-10-14,P017,310,False,0
2023-10-14,P018,74,False,0
2023-10-14,P019,396,False,0
2023-10-14,P020,429,False,0
2023-10-14,P021,500,False,456
2023-10-14,P022,153,False,0
2023-10-14,P023,500,False,465
2023-10-14,P024,462,False,0
2023-10-14,P025,365,False,0
2023-10-14,P026,178,False,0
2023-10-14,P027,164,False,0
2023-10-14,P028,111,False,0
2023-10-14,P029,311,False,0
2023-10-14,P030,220,False,0
2023-10-14,P031,80,False,0
2023-10-14,P032,248,False,0
2023-10-14,P033,272,False,0
2023-10-14,P034,75,False,0
2023-10-14,P035,421,False,0
2023-10-14,P036,422,False,0
2023-10-14,P037,500,False,451
2023-10-14,P038,414,False,0
2023-10-14,P039,335,False,0
2023-10-14,P040,197,False,0
2023-10-15,P001,423,False,0
2023-10-15,P002,344,False,0
2023-10-15,P003,277,False,0
2023-10-15,P004,185,False,0
2023-10-15,P005,92,False,0
2023-10-15,P006,197,False,0
2023-10-15,P007,321,False,0
2023-10-15,P008,164,False,0
2023-10-15,P009,375,False,0
2023-10-15,P010,495,False,0
2023-10-15,P011,411,False,0
2023-10-15,P012,493,False,0
2023-10-15,P013,489,False,0
2023-10-15,P014,332,False,0
2023-10-15,P015,387,False,0
2023-10-15,P016,181,False,0
2023-10-15,P017,310,False,0
2023-10-15,P018,63,False,0
2023-10-15,P019,389,False,0
2023-10-15,P020,429,False,0
2023-10-15,P021,493,False,0
2023-10-15,P022,146,False,0
2023-10-15,P023,497,False,0
2023-10-15,P024,462,False,0
2023-10-15,P025,365,False,0
2023-10-15,P026,174,False,0
2023-10-15,P027,151,False,0
2023-10-15,P028,106,False,0
2023-10-15,P029,311,False,0
2023-10-15,P030,218,False,0
2023-10-15,P031,61,False,0
2023-10-15,P032,245,False,0
2023-10-15,P033,267,False,0
2023-10-15,P034,65,False,0
2023-10-15,P035,409,False,0
2023-10-15,P036,422,False,0
2023-10-15,P037,492,False,0
2023-10-15,P038,414,False,0
2023-10-15,P039,334,False,0
2023-10-15,P040,191,False,0
2023-10-16,P001,418,False,0
2023-10-16,P002,344,False,0
2023-10-16,P003,267,False,0
2023-10-16,P004,174,False,0
2023-10-16,P005,87,False,0
2023-10-16,P006,197,False,0
2023-10-16,P007,321,False,0
2023-10-16,P008,158,False,0
2023-10-16,P009,371,False,0
2023-10-16,P010,487,False,0
2023-10-16,P011,408,False,0
2023-10-16,P012,490,False,0
2023-10-16,P013,484,False,0
2023-10-16,P014,332,False,0
2023-10-16,P015,387,False,0
2023-10-16,P016,181,False,0
2023-10-16,P017,310,False,0
2023-10-16,P018,56,False,0
2023-10-16,P019,389,False,0
2023-10-16,P020,429,False,0
2023-10-16,P021,490,False,0
2023-10-16,P022,143,False,0
2023-10-16,P023,487,False,0
2023-10-16,P024,462,False,0
2023-10-16,P025,363,False,0
2023-10-16,P026,172,False,0
2023-10-16,P027,144,False,0
2023-10-16,P028,97,False,0
2023-10-16,P029,300,False,0
2023-10-16,P030,215,False,0
2023-10-16,P031,54,False,0
2023-10-16,P032,238,False,0
2023-10-16,P033,260,False,0
2023-10-16,P034,52,False,0
2023-10-16,P035,396,False,0
2023-10-16,P036,417,False,0
2023-10-16,P037,481,False,0
2023-10-16,P038,414,False,0
2023-10-16,P039,330,False,0
2023-10-16,P040,187,False,0
2023-10-17,P001,418,False,0
2023-10-17,P002,344,False,0
2023-10-17,P003,267,False,0
2023-10-17,P004,166,False,0
2023-10-17,P005,87,False,0
2023-10-17,P006,197,False,0
2023-10-17,P007,305,False,0
2023-10-17,P008,144,False,0
2023-10-17,P009,366,False,0
2023-10-17,P010,483,False,0
2023-10-17,P011,408,False,0
2023-10-17,P012,486,False,0
2023-10-17,P013,477,False,0
2023-10-17,P014,327,False,0
2023-10-17,P015,387,False,0
2023-10-17,P016,180,False,0
2023-10-17,P017,306,False,0
2023-10-17,P018,56,False,0
2023-10-17,P019,389,False,0
2023-10-17,P020,426,False,0
2023-10-17,P021,482,False,0
2023-10-17,P022,137,False,0
2023-10-17,P023,482,False,0
2023-10-17,P024,462,False,0
2023-10-17,P025,359,False,0
2023-10-17,P026,172,False,0
2023-10-17,P027,144,False,0
2023-10-17,P028,97,False,0
2023-10-17,P029,300,False,0
2023-10-17,P030,210,False,0
2023-10-17,P031,51,False,0
2023-10-17,P032,235,False,0
2023-10-17,P033,247,False,0
2023-10-17,P034,500,False,454
2023-10-17,P035,396,False,0
2023-10-17,P036,417,False,0
2023-10-17,P037,478,False,0
2023-10-17,P038,414,False,0
2023-10-17,P039,329,False,0
2023-10-17,P040,183,False,0
2023-10-18,P001,418,False,0
2023-10-18,P002,334,False,0
2023-10-18,P003,264,False,0
2023-10-18,P004,165,False,0
2023-10-18,P005,85,False,0
2023-10-18,P006,197,False,0
2023-10-18,P007,293,False,0
2023-10-18,P008,143,False,0
2023-10-18,P009,363,False,0
2023-10-18,P010,483,False,0
2023-10-18,P011,408,False,0
2023-10-18,P012,484,False,0
2023-10-18,P013,473,False,0
2023-10-18,P014,324,False,0
2023-10-18,P015,382,False,0
2023-10-18,P016,173,False,0
2023-10-18,P017,302,False,0
2023-10-18,P018,51,False,0
2023-10-18,P019,389,False,0
2023-10-18,P020,426,False,0
2023-10-18,P021,469,False,0
2023-10-18,P022,131,False,0
2023-10-18,P023,476,False,0
2023-10-18,P024,462,False,0
2023-10-18,P025,359,False,0
2023-10-18,P026,172,False,0
2023-10-18,P027,136,False,0
2023-10-18,P028,93,False,0
2023-10-18,P029,293,False,0
2023-10-18,P030,202,False,0
2023-10-18,P031,500,False,453
2023-10-18,P032,232,False,0
2023-10-18,P033,246,False,0
2023-10-18,P034,498,False,0
2023-10-18,P035,390,False,0
2023-10-18,P036,410,False,0
2023-10-18,P037,468,False,0
2023-10-18,P038,411,False,0
2023-10-18,P039,324,False,0
2023-10-18,P040,183,False,0
2023-10-19,P001,416,False,0
2023-10-19,P002,329,False,0
2023-10-19,P003,264,False,0
2023-10-19,P004,163,False,0
2023-10-19,P005,85,False,0
2023-10-19,P006,192,False,0
2023-10-19,P007,289,False,0
2023-10-19,P008,138,False,0
2023-10-19,P009,361,False,0
2023-10-19,P010,480,False,0
2023-10-19,P011,402,False,0
2023-10-19,P012,484,False,0
2023-10-19,P013,467,False,0
2023-10-19,P014,299,False,0
2023-10-19,P015,382,False,0
2023-10-19,P016,172,False,0
2023-10-19,P017,300,False,0
2023-10-19,P018,500,False,452
2023-10-19,P019,383,False,0
2023-10-19,P020,426,False,0
2023-10-19,P021,439,False,0
2023-10-19,P022,130,False,0
2023-10-19,P023,469,False,0
2023-10-19,P024,457,False,0
2023-10-19,P025,351,False,0
2023-10-19,P026,172,False,0
2023-10-19,P027,132,False,0
2023-10-19,P028,89,False,0
2023-10-19,P029,293,False,0
2023-10-19,P030,197,False,0
2023-10-19,P031,494,False,0
2023-10-19,P032,232,False,0
2023-10-19,P033,239,False,0
2023-10-19,P034,490,False,0
2023-10-19,P035,386,False,0
2023-10-19,P036,407,False,0
2023-10-19,P037,458,False,0
2023-10-19,P038,409,False,0
2023-10-19,P039,310,False,0
2023-10-19,P040,179,False,0
2023-10-20,P001,402,False,0
2023-10-20,P002,329,False,0
2023-10-20,P003,264,False,0
2023-10-20,P004,160,False,0
2023-10-20,P005,85,False,0
2023-10-20,P006,192,False,0
2023-10-20,P007,273,False,0
2023-10-20,P008,134,False,0
2023-10-20,P009,357,False,0
2023-10-20,P010,474,False,0
2023-10-20,P011,397,False,0
2023-10-20,P012,484,False,0
2023-10-20,P013,457,False,0
2023-10-20,P014,299,False,0
2023-10-20,P015,382,False,0
2023-10-20,P016,171,False,0
2023-10-20,P017,297,False,0
2023-10-20,P018,499,False,0
2023-10-20,P019,366,False,0
2023-10-20,P020,426,False,0
2023-10-20,P021,434,False,0
2023-10-20,P022,127,False,0
2023-10-20,P023,467,False,0
2023-10-20,P024,457,False,0
2023-10-20,P025,346,False,0
2023-10-20,P026,166,False,0
2023-10-20,P027,129,False,0
2023-10-20,P028,79,False,0
2023-10-20,P029,290,False,0
2023-10-20,P030,192,False,0
2023-10-20,P031,492,False,0
2023-10-20,P032,215,False,0
2023-10-20,P033,232,False,0
2023-10-20,P034,489,False,0
2023-10-20,P035,383,False,0
2023-10-20,P036,407,False,0
2023-10-20,P037,458,False,0
2023-10-20,P038,409,False,0
2023-10-20,P039,306,False,0
2023-10-20,P040,175,False,0
2023-10-21,P001,397,False,0
2023-10-21,P002,329,False,0
2023-10-21,P003,264,False,0
2023-10-21,P004,156,False,0
2023-10-21,P005,85,False,0
2023-10-21,P006,192,False,0
2023-10-21,P007,266,False,0
2023-10-21,P008,133,False,0
2023-10-21,P009,357,False,0
2023-10-21,P010,467,False,0
2023-10-21,P011,397,False,0
2023-10-21,P012,481,False,0
2023-10-21,P013,457,False,0
2023-10-21,P014,290,False,0
2023-10-21,P015,376,False,0
2023-10-21,P016,165,False,0
2023-10-21,P017,294,False,0
2023-10-21,P018,497,False,0
2023-10-21,P019,366,False,0
2023-10-21,P020,426,False,0
2023-10-21,P021,421,False,0
2023-10-21,P022,124,False,0
2023-10-21,P023,461,False,0
2023-10-21,P024,454,False,0
2023-10-21,P025,343,False,0
2023-10-21,P026,166,False,0
2023-10-21,P027,129,False,0
2023-10-21,P028,79,False,0
2023-10-21,P029,290,False,0
2023-10-21,P030,187,False,0
2023-10-21,P031,481,False,0
2023-10-21,P032,215,False,0
2023-10-21,P033,225,False,0
2023-10-21,P034,484,False,0
2023-10-21,P035,383,False,0
2023-10-21,P036,407,False,0
2023-10-21,P037,454,False,0
2023-10-21,P038,409,False,0
2023-10-21,P039,301,False,0
2023-10-21,P040,174,False,0
2023-10-22,P001,392,False,0
2023-10-22,P002,329,False,0
2023-10-22,P003,264,False,0
2023-10-22,P004,140,False,0
2023-10-22,P005,81,False,0
2023-10-22,P006,192,False,0
2023-10-22,P007,263,False,0
2023-10-22,P008,117,False,0
2023-10-22,P009,344,False,0
2023-10-22,P010,467,False,0
2023-10-22,P011,392,False,0
2023-10-22,P012,476,False,0
2023-10-22,P013,457,False,0
2023-10-22,P014,288,False,0
2023-10-22,P015,376,False,0
2023-10-22,P016,157,False,0
2023-10-22,P017,269,False,0
2023-10-22,P018,487,False,0
2023-10-22,P019,358,False,0
2023-10-22,P020,426,False,0
2023-10-22,P021,415,False,0
2023-10-22,P022,124,False,0
2023-10-22,P023,460,False,0
2023-10-22,P024,454,False,0
2023-10-22,P025,338,False,0
2023-10-22,P026,165,False,0
2023-10-22,P027,128,False,0
2023-10-22,P028,70,False,0
2023-10-22,P029,290,False,0
2023-10-22,P030,187,False,0
2023-10-22,P031,476,False,0
2023-10-22,P032,215,False,0
2023-10-22,P033,225,False,0
2023-10-22,P034,484,False,0
2023-10-22,P035,377,False,0
2023-10-22,P036,398,False,0
2023-10-22,P037,453,False,0
2023-10-22,P038,407,False,0
2023-10-22,P039,298,False,0
2023-10-22,P040,169,False,0
2023-10-23,P001,392,False,0
2023-10-23,P002,329,False,0
2023-10-23,P003,263,False,0
2023-10-23,P004,135,False,0
2023-10-23,P005,81,False,0
2023-10-23,P006,191,False,0
2023-10-23,P007,263,False,0
2023-10-23,P008,106,False,0
2023-10-23,P009,333,False,0
2023-10-23,P010,467,False,0
2023-10-23,P011,389,False,0
2023-10-23,P012,474,False,0
2023-10-23,P013,457,False,0
2023-10-23,P014,288,False,0
2023-10-23,P015,376,False,0
2023-10-23,P016,151,False,0
2023-10-23,P017,264,False,0
2023-10-23,P018,481,False,0
2023-10-23,P019,358,False,0
2023-10-23,P020,426,False,0
2023-10-23,P021,404,False,0
2023-10-23,P022,119,False,0
2023-10-23,P023,448,False,0
2023-10-23,P024,454,False,0
2023-10-23,P025,332,False,0
2023-10-23,P026,161,False,0
2023-10-23,P027,128,False,0
2023-10-23,P028,65,False,0
2023-10-23,P029,290,False,0
2023-10-23,P030,184,False,0
2023-10-23,P031,471,False,0
2023-10-23,P032,210,False,0
2023-10-23,P033,225,False,0
2023-10-23,P034,479,False,0
2023-10-23,P035,374,False,0
2023-10-23,P036,391,False,0
2023-10-23,P037,446,False,0
2023-10-23,P038,407,False,0
2023-10-23,P039,293,False,0
2023-10-23,P040,156,False,0
2023-10-24,P001,392,False,0
2023-10-24,P002,322,False,0
2023-10-24,P003,263,False,0
2023-10-24,P004,130,False,0
2023-10-24,P005,81,False,0
2023-10-24,P006,191,False,0
2023-10-24,P007,258,False,0
2023-10-24,P008,104,False,0
2023-10-24,P009,321,False,0
2023-10-24,P010,467,False,0
2023-10-24,P011,389,False,0
2023-10-24,P012,464,False,0
2023-10-24,P013,457,False,0
2023-10-24,P014,288,False,0
2023-10-24,P015,376,False,0
2023-10-24,P016,151,False,0
2023-10-24,P017,259,False,0
2023-10-24,P018,473,False,0
2023-10-24,P019,356,False,0
2023-10-24,P020,426,False,0
2023-10-24,P021,394,False,0
2023-10-24,P022,114,False,0
2023-10-24,P023,447,False,0
2023-10-24,P024,454,False,0
2023-10-24,P025,332,False,0
2023-10-24,P026,161,False,0
2023-10-24,P027,125,False,0
2023-10-24,P028,56,False,0
2023-10-24,P029,288,False,0
2023-10-24,P030,175,False,0
2023-10-24,P031,467,False,0
2023-10-24,P032,205,False,0
2023-10-24,P033,222,False,0
2023-10-24,P034,475,False,0
2023-10-24,P035,374,False,0
2023-10-24,P036,388,False,0
2023-10-24,P037,441,False,0
2023-10-24,P038,407,False,0
2023-10-24,P039,293,False,0
2023-10-24,P040,156,False,0
2023-10-25,P001,392,False,0
2023-10-25,P002,322,False,0
2023-10-25,P003,258,False,0
2023-10-25,P004,124,False,0
2023-10-25,P005,81,False,0
2023-10-25,P006,189,False,0
2023-10-25,P007,254,False,0
2023-10-25,P008,100,False,0
2023-10-25,P009,321,False,0
2023-10-25,P010,463,False,0
2023-10-25,P011,389,False,0
2023-10-25,P012,463,False,0
2023-10-25,P013,448,False,0
2023-10-25,P014,286,False,0
2023-10-25,P015,376,False,0
2023-10-25,P016,142,False,0
2023-10-25,P017,247,False,0
2023-10-25,P018,470,False,0
2023-10-25,P019,354,False,0
2023-10-25,P020,426,False,0
2023-10-25,P021,377,False,0
2023-10-25,P022,108,False,0
2023-10-25,P023,442,False,0
2023-10-25,P024,454,False,0
2023-10-25,P025,331,False,0
2023-10-25,P026,161,False,0
2023-10-25,P027,125,False,0
2023-10-25,P028,500,False,465
2023-10-25,P029,288,False,0
2023-10-25,P030,175,False,0
2023-10-25,P031,458,False,0
2023-10-25,P032,200,False,0
2023-10-25,P033,218,False,0
2023-10-25,P034,472,False,0
2023-10-25,P035,373,False,0
2023-10-25,P036,388,False,0
2023-10-25,P037,431,False,0
2023-10-25,P038,407,False,0
2023-10-25,P039,283,False,0
2023-10-25,P040,154,False,0
2023-10-26,P001,392,False,0
2023-10-26,P002,312,False,0
2023-10-26,P003,258,False,0
2023-10-26,P004,122,False,0
2023-10-26,P005,81,False,0
2023-10-26,P006,186,False,0
2023-10-26,P007,253,False,0
2023-10-26,P008,74,False,0
2023-10-26,P009,316,False,0
2023-10-26,P010,455,False,0
2023-10-26,P011,388,False,0
2023-10-26,P012,457,False,0
2023-10-26,P013,442,False,0
2023-10-26,P014,286,False,0
2023-10-26,P015,376,False,0
2023-10-26,P016,137,False,0
2023-10-26,P017,241,False,0
2023-10-26,P018,460,False,0
2023-10-26,P019,352,False,0
2023-10-26,P020,426,False,0
2023-10-26,P021,363,False,0
2023-10-26,P022,102,False,0
2023-10-26,P023,442,False,0
2023-10-26,P024,453,False,0
2023-10-26,P025,331,False,0
2023-10-26,P026,155,False,0
2023-10-26,P027,120,False,0
2023-10-26,P028,493,False,0
2023-10-26,P029,283,False,0
2023-10-26,P030,167,False,0
2023-10-26,P031,449,False,0
2023-10-26,P032,197,False,0
2023-10-26,P033,206,False,0
2023-10-26,P034,472,False,0
2023-10-26,P035,366,False,0
2023-10-26,P036,386,False,0
2023-10-26,P037,416,False,0
2023-10-26,P038,407,False,0
2023-10-26,P039,280,False,0
2023-10-26,P040,149,False,0
2023-10-27,P001,392,False,0
2023-10-27,P002,307,False,0
2023-10-27,P003,257,False,0
2023-10-27,P004,122,False,0
2023-10-27,P005,81,False,0
2023-10-27,P006,186,False,0
2023-10-27,P007,251,False,0
2023-10-27,P008,68,False,0
2023-10-27,P009,306,False,0
2023-10-27,P010,455,False,0
2023-10-27,P011,385,False,0
2023-10-27,P012,457,False,0
2023-10-27,P013,432,False,0
2023-10-27,P014,281,False,0
2023-10-27,P015,376,False,0
2023-10-27,P016,136,False,0
2023-10-27,P017,237,False,0
2023-10-27,P018,453,False,0
2023-10-27,P019,346,False,0
2023-10-27,P020,426,False,0
2023-10-27,P021,363,False,0
2023-10-27,P022,77,False,0
2023-10-27,P023,435,False,0
2023-10-27,P024,448,False,0
2023-10-27,P025,325,False,0
2023-10-27,P026,155,False,0
2023-10-27,P027,120,False,0
2023-10-27,P028,484,False,0
2023-10-27,P029,283,False,0
2023-10-27,P030,162,False,0
2023-10-27,P031,439,False,0
2023-10-27,P032,197,False,0
2023-10-27,P033,206,False,0
2023-10-27,P034,470,False,0
2023-10-27,P035,362,False,0
2023-10-27,P036,381,False,0
2023-10-27,P037,413,False,0
2023-10-27,P038,407,False,0
2023-10-27,P039,275,False,0
2023-10-27,P040,145,False,0
2023-10-28,P001,386,False,0
2023-10-28,P002,307,False,0
2023-10-28,P003,251,False,0
2023-10-28,P004,109,False,0
2023-10-28,P005,81,False,0
2023-10-28,P006,186,False,0
2023-10-28,P007,247,False,0
2023-10-28,P008,59,False,0
2023-10-28,P009,306,False,0
2023-10-28,P010,453,False,0
2023-10-28,P011,385,False,0
2023-10-28,P012,453,False,0
2023-10-28,P013,432,False,0
2023-10-28,P014,281,False,0
2023-10-28,P015,376,False,0
2023-10-28,P016,126,False,0
2023-10-28,P017,236,False,0
2023-10-28,P018,447,False,0
2023-10-28,P019,346,False,0
2023-10-28,P020,426,False,0
2023-10-28,P021,363,False,0
2023-10-28,P022,74,False,0
2023-10-28,P023,435,False,0
2023-10-28,P024,448,False,0
2023-10-28,P025,321,False,0
2023-10-28,P026,139,False,0
2023-10-28,P027,120,False,0
2023-10-28,P028,484,False,0
2023-10-28,P029,283,False,0
2023-10-28,P030,158,False,0
2023-10-28,P031,436,False,0
2023-10-28,P032,197,False,0
2023-10-28,P033,201,False,0
2023-10-28,P034,470,False,0
2023-10-28,P035,362,False,0
2023-10-28,P036,373,False,0
2023-10-28,P037,398,False,0
2023-10-28,P038,406,False,0
2023-10-28,P039,270,False,0
2023-10-28,P040,145,False,0
2023-10-29,P001,385,False,0
2023-10-29,P002,307,False,0
2023-10-29,P003,247,False,0
2023-10-29,P004,99,False,0
2023-10-29,P005,81,False,0
2023-10-29,P006,186,False,0
2023-10-29,P007,243,False,0
2023-10-29,P008,52,False,0
2023-10-29,P009,295,False,0
2023-10-29,P010,453,False,0
2023-10-29,P011,385,False,0
2023-10-29,P012,445,False,0
2023-10-29,P013,421,False,0
2023-10-29,P014,281,False,0
2023-10-29,P015,373,False,0
2023-10-29,P016,118,False,0
2023-10-29,P017,231,False,0
2023-10-29,P018,437,False,0
2023-10-29,P019,336,False,0
2023-10-29,P020,426,False,0
2023-10-29,P021,348,False,0
2023-10-29,P022,65,False,0
2023-10-29,P023,435,False,0
2023-10-29,P024,448,False,0
2023-10-29,P025,312,False,0
2023-10-29,P026,138,False,0
2023-10-29,P027,114,False,0
2023-10-29,P028,481,False,0
2023-10-29,P029,283,False,0
2023-10-29,P030,148,False,0
2023-10-29,P031,427,False,0
2023-10-29,P032,197,False,0
2023-10-29,P033,188,False,0
2023-10-29,P034,459,False,0
2023-10-29,P035,357,False,0
2023-10-29,P036,366,False,0
2023-10-29,P037,396,False,0
2023-10-29,P038,406,False,0
2023-10-29,P039,270,False,0
2023-10-29,P040,145,False,0
2023-10-30,P001,384,False,0
2023-10-30,P002,307,False,0
2023-10-30,P003,243,False,0
2023-10-30,P004,73,False,0
2023-10-30,P005,77,False,0
2023-10-30,P006,181,False,0
2023-10-30,P007,220,False,0
2023-10-30,P008,500,False,465
2023-10-30,P009,290,False,0
2023-10-30,P010,445,False,0
2023-10-30,P011,382,False,0
2023-10-30,P012,435,False,0
2023-10-30,P013,421,False,0
2023-10-30,P014,281,False,0
2023-10-30,P015,373,False,0
2023-10-30,P016,114,False,0
2023-10-30,P017,216,False,0
2023-10-30,P018,425,False,0
2023-10-30,P019,334,False,0
2023-10-30,P020,426,False,0
2023-10-30,P021,342,False,0
2023-10-30,P022,61,False,0
2023-10-30,P023,435,False,0
2023-10-30,P024,440,False,0
2023-10-30,P025,311,False,0
2023-10-30,P026,133,False,0
2023-10-30,P027,109,False,0
2023-10-30,P028,477,False,0
2023-10-30,P029,274,False,0
2023-10-30,P030,142,False,0
2023-10-30,P031,425,False,0
2023-10-30,P032,195,False,0
2023-10-30,P033,167,False,0
2023-10-30,P034,459,False,0
2023-10-30,P035,347,False,0
2023-10-30,P036,362,False,0
2023-10-30,P037,387,False,0
2023-10-30,P038,401,False,0
2023-10-30,P039,268,False,0
2023-10-30,P040,133,False,0
2023-10-31,P001,383,False,0
2023-10-31,P002,305,False,0
2023-10-31,P003,243,False,0
2023-10-31,P004,65,False,0
2023-10-31,P005,76,False,0
2023-10-31,P006,176,False,0
2023-10-31,P007,208,False,0
2023-10-31,P008,493,False,0
2023-10-31,P009,275,False,0
2023-10-31,P010,445,False,0
2023-10-31,P011,379,False,0
2023-10-31,P012,427,False,0
2023-10-31,P013,409,False,0
2023-10-31,P014,281,False,0
2023-10-31,P015,373,False,0
2023-10-31,P016,100,False,0
2023-10-31,P017,214,False,0
2023-10-31,P018,425,False,0
2023-10-31,P019,334,False,0
2023-10-31,P020,426,False,0
2023-10-31,P021,337,False,0
2023-10-31,P022,500,False,451
2023-10-31,P023,429,False,0
2023-10-31,P024,440,False,0
2023-10-31,P025,309,False,0
2023-10-31,P026,129,False,0
2023-10-31,P027,102,False,0
2023-10-31,P028,470,False,0
2023-10-31,P029,272,False,0
2023-10-31,P030,140,False,0
2023-10-31,P031,422,False,0
2023-10-31,P032,188,False,0
2023-10-31,P033,161,False,0
2023-10-31,P034,459,False,0
2023-10-31,P035,347,False,0
2023-10-31,P036,353,False,0
2023-10-31,P037,377,False,0
2023-10-31,P038,401,False,0
2023-10-31,P039,260,False,0
2023-10-31,P040,126,False,0
2023-11-01,P001,375,False,0
2023-11-01,P002,301,False,0
2023-11-01,P003,240,False,0
2023-11-01,P004,64,False,0
2023-11-01,P005,76,False,0
2023-11-01,P006,174,False,0
2023-11-01,P007,205,False,0
2023-11-01,P008,483,False,0
2023-11-01,P009,273,False,0
2023-11-01,P010,445,False,0
2023-11-01,P011,378,False,0
2023-11-01,P012,424,False,0
2023-11-01,P013,409,False,0
2023-11-01,P014,281,False,0
2023-11-01,P015,373,False,0
2023-11-01,P016,100,False,0
2023-11-01,P017,213,False,0
2023-11-01,P018,423,False,0
2023-11-01,P019,334,False,0
2023-11-01,P020,426,False,0
2023-11-01,P021,337,False,0
2023-11-01,P022,500,False,0
2023-11-01,P023,429,False,0
2023-11-01,P024,440,False,0
2023-11-01,P025,304,False,0
2023-11-01,P026,126,False,0
2023-11-01,P027,102,False,0
2023-11-01,P028,459,False,0
2023-11-01,P029,272,False,0
2023-11-01,P030,138,False,0
2023-11-01,P031,402,False,0
2023-11-01,P032,186,False,0
2023-11-01,P033,157,False,0
2023-11-01,P034,459,False,0
2023-11-01,P035,347,False,0
2023-11-01,P036,339,False,0
2023-11-01,P037,376,False,0
2023-11-01,P038,401,False,0
2023-11-01,P039,258,False,0
2023-11-01,P040,126,False,0
2023-11-02,P001,374,False,0
2023-11-02,P002,301,False,0
2023-11-02,P003,240,False,0
2023-11-02,P004,64,False,0
2023-11-02,P005,75,False,0
2023-11-02,P006,174,False,0
2023-11-02,P007,201,False,0
2023-11-02,P008,474,False,0
2023-11-02,P009,266,False,0
2023-11-02,P010,442,False,0
2023-11-02,P011,378,False,0
2023-11-02,P012,412,False,0
2023-11-02,P013,401,False,0
2023-11-02,P014,281,False,0
2023-11-02,P015,373,False,0
2023-11-02,P016,99,False,0
2023-11-02,P017,209,False,0
2023-11-02,P018,423,False,0
2023-11-02,P019,330,False,0
2023-11-02,P020,407,False,0
2023-11-02,P021,335,False,0
2023-11-02,P022,495,False,0
2023-11-02,P023,429,False,0
2023-11-02,P024,440,False,0
2023-11-02,P025,304,False,0
2023-11-02,P026,118,False,0
2023-11-02,P027,100,False,0
2023-11-02,P028,455,False,0
2023-11-02,P029,272,False,0
2023-11-02,P030,134,False,0
2023-11-02,P031,402,False,0
2023-11-02,P032,182,False,0
2023-11-02,P033,152,False,0
2023-11-02,P034,459,False,0
2023-11-02,P035,347,False,0
2023-11-02,P036,339,False,0
2023-11-02,P037,372,False,0
2023-11-02,P038,397,False,0
2023-11-02,P039,258,False,0
2023-11-02,P040,121,False,0
2023-11-03,P001,366,False,0
2023-11-03,P002,295,False,0
2023-11-03,P003,240,False,0
2023-11-03,P004,500,False,457
2023-11-03,P005,75,False,0
2023-11-03,P006,172,False,0
2023-11-03,P007,191,False,0
2023-11-03,P008,468,False,0
2023-11-03,P009,263,False,0
2023-11-03,P010,436,False,0
2023-11-03,P011,378,False,0
2023-11-03,P012,410,False,0
2023-11-03,P013,400,False,0
2023-11-03,P014,278,False,0
2023-11-03,P015,373,False,0
2023-11-03,P016,91,False,0
2023-11-03,P017,206,False,0
2023-11-03,P018,413,False,0
2023-11-03,P019,328,False,0
2023-11-03,P020,407,False,0
2023-11-03,P021,335,False,0
2023-11-03,P022,495,False,0
2023-11-03,P023,427,False,0
2023-11-03,P024,440,False,0
2023-11-03,P025,301,False,0
2023-11-03,P026,113,False,0
2023-11-03,P027,96,False,0
2023-11-03,P028,449,False,0
2023-11-03,P029,272,False,0
2023-11-03,P030,130,False,0
2023-11-03,P031,399,False,0
2023-11-03,P032,176,False,0
2023-11-03,P033,148,False,0
2023-11-03,P034,454,False,0
2023-11-03,P035,335,False,0
2023-11-03,P036,332,False,0
2023-11-03,P037,370,False,0
2023-11-03,P038,397,False,0
2023-11-03,P039,253,False,0
2023-11-03,P040,120,False,0
2023-11-04,P001,363,False,0
2023-11-04,P002,270,False,0
2023-11-04,P003,236,False,0
2023-11-04,P004,484,False,0
2023-11-04,P005,75,False,0
2023-11-04,P006,172,False,0
2023-11-04,P007,179,False,0
2023-11-04,P008,462,False,0
2023-11-04,P009,253,False,0
2023-11-04,P010,431,False,0
2023-11-04,P011,378,False,0
2023-11-04,P012,391,False,0
2023-11-04,P013,398,False,0
2023-11-04,P014,277,False,0
2023-11-04,P015,373,False,0
2023-11-04,P016,86,False,0
2023-11-04,P017,203,False,0
2023-11-04,P018,406,False,0
2023-11-04,P019,328,False,0
2023-11-04,P020,402,False,0
2023-11-04,P021,321,False,0
2023-11-04,P022,495,False,0
2023-11-04,P023,427,False,0
2023-11-04,P024,436,False,0
2023-11-04,P025,301,False,0
2023-11-04,P026,108,False,0
2023-11-04,P027,91,False,0
2023-11-04,P028,445,False,0
2023-11-04,P029,272,False,0
2023-11-04,P030,130,False,0
2023-11-04,P031,384,False,0
2023-11-04,P032,176,False,0
2023-11-04,P033,142,False,0
2023-11-04,P034,453,False,0
2023-11-04,P035,335,False,0
2023-11-04,P036,332,False,0
2023-11-04,P037,364,False,0
2023-11-04,P038,394,False,0
2023-11-04,P039,246,False,0
2023-11-04,P040,113,False,0
2023-11-05,P001,358,False,0
2023-11-05,P002,265,False,0
2023-11-05,P003,236,False,0
2023-11-05,P004,474,False,0
2023-11-05,P005,72,False,0
2023-11-05,P006,162,False,0
2023-11-05,P007,163,False,0
2023-11-05,P008,452,False,0
2023-11-05,P009,230,False,0
2023-11-05,P010,426,False,0
2023-11-05,P011,374,False,0
2023-11-05,P012,390,False,0
2023-11-05,P013,396,False,0
2023-11-05,P014,272,False,0
2023-11-05,P015,373,False,0
2023-11-05,P016,80,False,0
2023-11-05,P017,203,False,0
2023-11-05,P018,391,False,0
2023-11-05,P019,323,False,0
2023-11-05,P020,398,False,0
2023-11-05,P021,299,False,0
2023-11-05,P022,489,False,0
2023-11-05,P023,416,False,0
2023-11-05,P024,436,False,0
2023-11-05,P025,288,False,0
2023-11-05,P026,97,False,0
2023-11-05,P027,84,False,0
2023-11-05,P028,432,False,0
2023-11-05,P029,269,False,0
2023-11-05,P030,85,False,0
2023-11-05,P031,377,False,0
2023-11-05,P032,176,False,0
2023-11-05,P033,134,False,0
2023-11-05,P034,449,False,0
2023-11-05,P035,317,False,0
2023-11-05,P036,331,False,0
2023-11-05,P037,359,False,0
2023-11-05,P038,394,False,0
2023-11-05,P039,241,False,0
2023-11-05,P040,113,False,0
2023-11-06,P001,348,False,0
2023-11-06,P002,265,False,0
2023-11-06,P003,230,False,0
2023-11-06,P004,465,False,0
2023-11-06,P005,71,False,0
2023-11-06,P006,157,False,0
2023-11-06,P007,152,False,0
2023-11-06,P008,440,False,0
2023-11-06,P009,225,False,0
2023-11-06,P010,419,False,0
2023-11-06,P011,373,False,0
2023-11-06,P012,390,False,0
2023-11-06,P013,391,False,0
2023-11-06,P014,269,False,0
2023-11-06,P015,373,False,0
2023-11-06,P016,79,False,0
2023-11-06,P017,203,False,0
2023-11-06,P018,384,False,0
2023-11-06,P019,320,False,0
2023-11-06,P020,390,False,0
2023-11-06,P021,293,False,0
2023-11-06,P022,488,False,0
2023-11-06,P023,411,False,0
2023-11-06,P024,431,False,0
2023-11-06,P025,288,False,0
2023-11-06,P026,93,False,0
2023-11-06,P027,82,False,0
2023-11-06,P028,414,False,0
2023-11-06,P029,256,False,0
2023-11-06,P030,69,False,0
2023-11-06,P031,360,False,0
2023-11-06,P032,151,False,0
2023-11-06,P033,126,False,0
2023-11-06,P034,447,False,0
2023-11-06,P035,317,False,0
2023-11-06,P036,327,False,0
2023-11-06,P037,353,False,0
2023-11-06,P038,394,False,0
2023-11-06,P039,236,False,0
2023-11-06,P040,103,False,0
2023-11-07,P001,348,False,0
2023-11-07,P002,261,False,0
2023-11-07,P003,228,False,0
2023-11-07,P004,465,False,0
2023-11-07,P005,71,False,0
2023-11-07,P006,153,False,0
2023-11-07,P007,146,False,0
2023-11-07,P008,435,False,0
2023-11-07,P009,214,False,0
2023-11-07,P010,419,False,0
2023-11-07,P011,368,False,0
2023-11-07,P012,385,False,0
2023-11-07,P013,391,False,0
2023-11-07,P014,269,False,0
2023-11-07,P015,373,False,0
2023-11-07,P016,63,False,0
2023-11-07,P017,195,False,0
2023-11-07,P018,383,False,0
2023-11-07,P019,316,False,0
2023-11-07,P020,390,False,0
2023-11-07,P021,292,False,0
2023-11-07,P022,488,False,0
2023-11-07,P023,405,False,0
2023-11-07,P024,430,False,0
2023-11-07,P025,288,False,0
2023-11-07,P026,89,False,0
2023-11-07,P027,82,False,0
2023-11-07,P028,409,False,0
2023-11-07,P029,255,False,0
2023-11-07,P030,62,False,0
2023-11-07,P031,360,False,0
2023-11-07,P032,151,False,0
2023-11-07,P033,120,False,0
2023-11-07,P034,447,False,0
2023-11-07,P035,309,False,0
2023-11-07,P036,323,False,0
2023-11-07,P037,347,False,0
2023-11-07,P038,394,False,0
2023-11-07,P039,233,False,0
2023-11-07,P040,103,False,0
2023-11-08,P001,345,False,0
2023-11-08,P002,255,False,0
2023-11-08,P003,227,False,0
2023-11-08,P004,463,False,0
2023-11-08,P005,71,False,0
2023-11-08,P006,153,False,0
2023-11-08,P007,134,False,0
2023-11-08,P008,435,False,0
2023-11-08,P009,209,False,0
2023-11-08,P010,419,False,0
2023-11-08,P011,367,False,0
2023-11-08,P012,385,False,0
2023-11-08,P013,383,False,0
2023-11-08,P014,268,False,0
2023-11-08,P015,373,False,0
2023-11-08,P016,61,False,0
2023-11-08,P017,195,False,0
2023-11-08,P018,376,False,0
2023-11-08,P019,316,False,0
2023-11-08,P020,390,False,0
2023-11-08,P021,275,False,0
2023-11-08,P022,478,False,0
2023-11-08,P023,405,False,0
2023-11-08,P024,430,False,0
2023-11-08,P025,288,False,0
2023-11-08,P026,77,False,0
2023-11-08,P027,82,False,0
2023-11-08,P028,407,False,0
2023-11-08,P029,255,False,0
2023-11-08,P030,58,False,0
2023-11-08,P031,351,False,0
2023-11-08,P032,151,False,0
2023-11-08,P033,108,False,0
2023-11-08,P034,438,False,0
2023-11-08,P035,301,False,0
2023-11-08,P036,323,False,0
2023-11-08,P037,336,False,0
2023-11-08,P038,394,False,0
2023-11-08,P039,233,False,0
2023-11-08,P040,103,False,0
2023-11-09,P001,345,False,0
2023-11-09,P002,251,False,0
2023-11-09,P003,227,False,0
2023-11-09,P004,448,False,0
2023-11-09,P005,69,False,0
2023-11-09,P006,153,False,0
2023-11-09,P007,112,False,0
2023-11-09,P008,429,False,0
2023-11-09,P009,203,False,0
2023-11-09,P010,417,False,0
2023-11-09,P011,367,False,0
2023-11-09,P012,375,False,0
2023-11-09,P013,380,False,0
2023-11-09,P014,267,False,0
2023-11-09,P015,373,False,0
2023-11-09,P016,52,False,0
2023-11-09,P017,195,False,0
2023-11-09,P018,369,False,0
2023-11-09,P019,311,False,0
2023-11-09,P020,379,False,0
2023-11-09,P021,266,False,0
2023-11-09,P022,473,False,0
2023-11-09,P023,403,False,0
2023-11-09,P024,428,False,0
2023-11-09,P025,288,False,0
2023-11-09,P026,72,False,0
2023-11-09,P027,65,False,0
2023-11-09,P028,407,False,0
2023-11-09,P029,245,False,0
2023-11-09,P030,56,False,0
2023-11-09,P031,351,False,0
2023-11-09,P032,151,False,0
2023-11-09,P033,84,False,0
2023-11-09,P034,438,False,0
2023-11-09,P035,301,False,0
2023-11-09,P036,319,False,0
2023-11-09,P037,336,False,0
2023-11-09,P038,385,False,0
2023-11-09,P039,233,False,0
2023-11-09,P040,103,False,0
2023-11-10,P001,335,False,0
2023-11-10,P002,246,False,0
2023-11-10,P003,227,False,0
2023-11-10,P004,431,False,0
2023-11-10,P005,69,False,0
2023-11-10,P006,150,False,0
2023-11-10,P007,106,False,0
2023-11-10,P008,424,False,0
2023-11-10,P009,199,False,0
2023-11-10,P010,417,False,0
2023-11-10,P011,362,False,0
2023-11-10,P012,371,False,0
2023-11-10,P013,370,False,0
2023-11-10,P014,267,False,0
2023-11-10,P015,373,False,0
2023-11-10,P016,51,False,0
2023-11-10,P017,192,False,0
2023-11-10,P018,359,False,0
2023-11-10,P019,309,False,0
2023-11-10,P020,376,False,0
2023-11-10,P021,266,False,0
2023-11-10,P022,472,False,0
2023-11-10,P023,399,False,0
2023-11-10,P024,428,False,0
2023-11-10,P025,284,False,0
2023-11-10,P026,69,False,0
2023-11-10,P027,61,False,0
2023-11-10,P028,398,False,0
2023-11-10,P029,245,False,0
2023-11-10,P030,51,False,0
2023-11-10,P031,344,False,0
2023-11-10,P032,151,False,0
2023-11-10,P033,73,False,0
2023-11-10,P034,438,False,0
2023-11-10,P035,292,False,0
2023-11-10,P036,316,False,0
2023-11-10,P037,329,False,0
2023-11-10,P038,385,False,0
2023-11-10,P039,229,False,0
2023-11-10,P040,93,False,0
2023-11-11,P001,334,False,0
2023-11-11,P002,241,False,0
2023-11-11,P003,208,False,0
2023-11-11,P004,431,False,0
2023-11-11,P005,69,False,0
2023-11-11,P006,150,False,0
2023-11-11,P007,89,False,0
2023-11-11,P008,424,False,0
2023-11-11,P009,183,False,0
2023-11-11,P010,417,False,0
2023-11-11,P011,362,False,0
2023-11-11,P012,365,False,0
2023-11-11,P013,370,False,0
2023-11-11,P014,267,False,0
2023-11-11,P015,372,False,0
2023-11-11,P016,51,False,0
2023-11-11,P017,189,False,0
2023-11-11,P018,354,False,0
2023-11-11,P019,309,False,0
2023-11-11,P020,373,False,0
2023-11-11,P021,256,False,0
2023-11-11,P022,468,False,0
2023-11-11,P023,397,False,0
2023-11-11,P024,428,False,0
2023-11-11,P025,284,False,0
2023-11-11,P026,61,False,0
2023-11-11,P027,56,False,0
2023-11-11,P028,393,False,0
2023-11-11,P029,245,False,0
2023-11-11,P030,500,False,452
2023-11-11,P031,336,False,0
2023-11-11,P032,151,False,0
2023-11-11,P033,71,False,0
2023-11-11,P034,436,False,0
2023-11-11,P035,284,False,0
2023-11-11,P036,316,False,0
2023-11-11,P037,324,False,0
2023-11-11,P038,385,False,0
2023-11-11,P039,223,False,0
2023-11-11,P040,93,False,0
2023-11-12,P001,334,False,0
2023-11-12,P002,236,False,0
2023-11-12,P003,202,False,0
2023-11-12,P004,421,False,0
2023-11-12,P005,69,False,0
2023-11-12,P006,144,False,0
2023-11-12,P007,500,False,452
2023-11-12,P008,424,False,0
2023-11-12,P009,168,False,0
2023-11-12,P010,414,False,0
2023-11-12,P011,362,False,0
2023-11-12,P012,365,False,0
2023-11-12,P013,364,False,0
2023-11-12,P014,262,False,0
2023-11-12,P015,372,False,0
2023-11-12,P016,500,False,459
2023-11-12,P017,179,False,0
2023-11-12,P018,352,False,0
2023-11-12,P019,298,False,0
2023-11-12,P020,368,False,0
2023-11-12,P021,235,False,0
2023-11-12,P022,455,False,0
2023-11-12,P023,383,False,0
2023-11-12,P024,426,False,0
2023-11-12,P025,275,False,0
2023-11-12,P026,57,False,0
2023-11-12,P027,56,False,0
2023-11-12,P028,384,False,0
2023-11-12,P029,242,False,0
2023-11-12,P030,492,False,0
2023-11-12,P031,313,False,0
2023-11-12,P032,151,False,0
2023-11-12,P033,56,False,0
2023-11-12,P034,435,False,0
2023-11-12,P035,276,False,0
2023-11-12,P036,316,False,0
2023-11-12,P037,313,False,0
2023-11-12,P038,385,False,0
2023-11-12,P039,220,False,0
2023-11-12,P040,88,False,0
2023-11-13,P001,332,False,0
2023-11-13,P002,236,False,0
2023-11-13,P003,195,False,0
2023-11-13,P004,401,False,0
2023-11-13,P005,63,False,0
2023-11-13,P006,132,False,0
2023-11-13,P007,480,False,0
2023-11-13,P008,404,False,0
2023-11-13,P009,161,False,0
2023-11-13,P010,414,False,0
2023-11-13,P011,357,False,0
2023-11-13,P012,358,False,0
2023-11-13,P013,346,False,0
2023-11-13,P014,259,False,0
2023-11-13,P015,369,False,0
2023-11-13,P016,497,False,0
2023-11-13,P017,173,False,0
2023-11-13,P018,336,False,0
2023-11-13,P019,285,False,0
2023-11-13,P020,365,False,0
2023-11-13,P021,228,False,0
2023-11-13,P022,445,False,0
2023-11-13,P023,371,False,0
2023-11-13,P024,420,False,0
2023-11-13,P025,273,False,0
2023-11-13,P026,54,False,0
2023-11-13,P027,51,False,0
2023-11-13,P028,381,False,0
2023-11-13,P029,237,False,0
2023-11-13,P030,487,False,0
2023-11-13,P031,302,False,0
2023-11-13,P032,151,False,0
2023-11-13,P033,51,False,0
2023-11-13,P034,433,False,0
2023-11-13,P035,265,False,0
2023-11-13,P036,307,False,0
2023-11-13,P037,309,False,0
2023-11-13,P038,381,False,0
2023-11-13,P039,212,False,0
2023-11-13,P040,84,False,0
2023-11-14,P001,320,False,0
2023-11-14,P002,235,False,0
2023-11-14,P003,195,False,0
2023-11-14,P004,395,False,0
2023-11-14,P005,59,False,0
2023-11-14,P006,125,False,0
2023-11-14,P007,463,False,0
2023-11-14,P008,397,False,0
2023-11-14,P009,158,False,0
2023-11-14,P010,409,False,0
2023-11-14,P011,357,False,0
2023-11-14,P012,347,False,0
2023-11-14,P013,318,False,0
2023-11-14,P014,259,False,0
2023-11-14,P015,369,False,0
2023-11-14,P016,497,False,0
2023-11-14,P017,173,False,0
2023-11-14,P018,330,False,0
2023-11-14,P019,285,False,0
2023-11-14,P020,362,False,0
2023-11-14,P021,218,False,0
2023-11-14,P022,438,False,0
2023-11-14,P023,366,False,0
2023-11-14,P024,420,False,0
2023-11-14,P025,270,False,0
2023-11-14,P026,54,False,0
2023-11-14,P027,500,False,452
2023-11-14,P028,376,False,0
2023-11-14,P029,228,False,0
2023-11-14,P030,487,False,0
2023-11-14,P031,298,False,0
2023-11-14,P032,136,False,0
2023-11-14,P033,500,False,461
2023-11-14,P034,433,False,0
2023-11-14,P035,258,False,0
2023-11-14,P036,305,False,0
2023-11-14,P037,306,False,0
2023-11-14,P038,381,False,0
2023-11-14,P039,212,False,0
2023-11-14,P040,84,False,0
2023-11-15,P001,318,False,0
2023-11-15,P002,235,False,0
2023-11-15,P003,193,False,0
2023-11-15,P004,382,False,0
2023-11-15,P005,58,False,0
2023-11-15,P006,125,False,0
2023-11-15,P007,455,False,0
2023-11-15,P008,391,False,0
2023-11-15,P009,140,False,0
2023-11-15,P010,409,False,0
2023-11-15,P011,357,False,0
2023-11-15,P012,343,False,0
2023-11-15,P013,314,False,0
2023-11-15,P014,259,False,0
2023-11-15,P015,369,False,0
2023-11-15,P016,492,False,0
2023-11-15,P017,173,False,0
2023-11-15,P018,319,False,0
2023-11-15,P019,283,False,0
2023-11-15,P020,357,False,0
2023-11-15,P021,217,False,0
2023-11-15,P022,420,False,0
2023-11-15,P023,361,False,0
2023-11-15,P024,420,False,0
2023-11-15,P025,261,False,0
2023-11-15,P026,54,False,0
2023-11-15,P027,498,False,0
2023-11-15,P028,372,False,0
2023-11-15,P029,226,False,0
2023-11-15,P030,483,False,0
2023-11-15,P031,275,False,0
2023-11-15,P032,136,False,0
2023-11-15,P033,500,False,0
2023-11-15,P034,432,False,0
2023-11-15,P035,255,False,0
2023-11-15,P036,305,False,0
2023-11-15,P037,306,False,0
2023-11-15,P038,381,False,0
2023-11-15,P039,212,False,0
2023-11-15,P040,79,False,0
2023-11-16,P001,314,False,0
2023-11-16,P002,235,False,0
2023-11-16,P003,193,False,0
2023-11-16,P004,382,False,0
2023-11-16,P005,58,False,0
2023-11-16,P006,121,False,0
2023-11-16,P007,451,False,0
2023-11-16,P008,384,False,0
2023-11-16,P009,135,False,0
2023-11-16,P010,405,False,0
2023-11-16,P011,357,False,0
2023-11-16,P012,341,False,0
2023-11-16,P013,314,False,0
2023-11-16,P014,258,False,0
2023-11-16,P015,365,False,0
2023-11-16,P016,488,False,0
2023-11-16,P017,156,False,0
2023-11-16,P018,315,False,0
2023-11-16,P019,278,False,0
2023-11-16,P020,357,False,0
2023-11-16,P021,201,False,0
2023-11-16,P022,416,False,0
2023-11-16,P023,339,False,0
2023-11-16,P024,416,False,0
2023-11-16,P025,258,False,0
2023-11-16,P026,54,False,0
2023-11-16,P027,495,False,0
2023-11-16,P028,372,False,0
2023-11-16,P029,218,False,0
2023-11-16,P030,483,False,0
2023-11-16,P031,271,False,0
2023-11-16,P032,136,False,0
2023-11-16,P033,495,False,0
2023-11-16,P034,432,False,0
2023-11-16,P035,245,False,0
2023-11-16,P036,297,False,0
2023-11-16,P037,302,False,0
2023-11-16,P038,381,False,0
2023-11-16,P039,207,False,0
2023-11-16,P040,79,False,0
2023-11-17,P001,288,False,0
2023-11-17,P002,231,False,0
2023-11-17,P003,193,False,0
2023-11-17,P004,370,False,0
2023-11-17,P005,58,False,0
2023-11-17,P006,121,False,0
2023-11-17,P007,444,False,0
2023-11-17,P008,379,False,0
2023-11-17,P009,135,False,0
2023-11-17,P010,405,False,0
2023-11-17,P011,357,False,0
2023-11-17,P012,341,False,0
2023-11-17,P013,314,False,0
2023-11-17,P014,258,False,0
2023-11-17,P015,365,False,0
2023-11-17,P016,469,False,0
2023-11-17,P017,154,False,0
2023-11-17,P018,309,False,0
2023-11-17,P019,271,False,0
2023-11-17,P020,347,False,0
2023-11-17,P021,193,False,0
2023-11-17,P022,416,False,0
2023-11-17,P023,337,False,0
2023-11-17,P024,416,False,0
2023-11-17,P025,258,False,0
2023-11-17,P026,54,False,0
2023-11-17,P027,481,False,0
2023-11-17,P028,368,False,0
2023-11-17,P029,214,False,0
2023-11-17,P030,479,False,0
2023-11-17,P031,269,False,0
2023-11-17,P032,136,False,0
2023-11-17,P033,483,False,0
2023-11-17,P034,418,False,0
2023-11-17,P035,245,False,0
2023-11-17,P036,294,False,0
2023-11-17,P037,302,False,0
2023-11-17,P038,378,False,0
2023-11-17,P039,206,False,0
2023-11-17,P040,75,False,0
2023-11-18,P001,286,False,0
2023-11-18,P002,231,False,0
2023-11-18,P003,189,False,0
2023-11-18,P004,365,False,0
2023-11-18,P005,58,False,0
2023-11-18,P006,116,False,0
2023-11-18,P007,434,False,0
2023-11-18,P008,372,False,0
2023-11-18,P009,126,False,0
2023-11-18,P010,405,False,0
2023-11-18,P011,352,False,0
2023-11-18,P012,340,False,0
2023-11-18,P013,310,False,0
2023-11-18,P014,258,False,0
2023-11-18,P015,365,False,0
2023-11-18,P016,463,False,0
2023-11-18,P017,153,False,0
2023-11-18,P018,306,False,0
2023-11-18,P019,270,False,0
2023-11-18,P020,347,False,0
2023-11-18,P021,191,False,0
2023-11-18,P022,409,False,0
2023-11-18,P023,331,False,0
2023-11-18,P024,416,False,0
2023-11-18,P025,247,False,0
2023-11-18,P026,500,False,469
2023-11-18,P027,481,False,0
2023-11-18,P028,362,False,0
2023-11-18,P029,214,False,0
2023-11-18,P030,479,False,0
2023-11-18,P031,262,False,0
2023-11-18,P032,132,False,0
2023-11-18,P033,472,False,0
2023-11-18,P034,418,False,0
2023-11-18,P035,242,False,0
2023-11-18,P036,294,False,0
2023-11-18,P037,299,False,0
2023-11-18,P038,377,False,0
2023-11-18,P039,206,False,0
2023-11-18,P040,62,False,0
2023-11-19,P001,279,False,0
2023-11-19,P002,227,False,0
2023-11-19,P003,189,False,0
2023-11-19,P004,346,False,0
2023-11-19,P005,58,False,0
2023-11-19,P006,115,False,0
2023-11-19,P007,421,False,0
2023-11-19,P008,371,False,0
2023-11-19,P009,119,False,0
2023-11-19,P010,400,False,0
2023-11-19,P011,352,False,0
2023-11-19,P012,323,False,0
2023-11-19,P013,310,False,0
2023-11-19,P014,258,False,0
2023-11-19,P015,365,False,0
2023-11-19,P016,457,False,0
2023-11-19,P017,148,False,0
2023-11-19,P018,306,False,0
2023-11-19,P019,267,False,0
2023-11-19,P020,347,False,0
2023-11-19,P021,185,False,0
2023-11-19,P022,409,False,0
2023-11-19,P023,331,False,0
2023-11-19,P024,412,False,0
2023-11-19,P025,247,False,0
2023-11-19,P026,492,False,0
2023-11-19,P027,475,False,0
2023-11-19,P028,352,False,0
2023-11-19,P029,210,False,0
2023-11-19,P030,479,False,0
2023-11-19,P031,254,False,0
2023-11-19,P032,131,False,0
2023-11-19,P033,463,False,0
2023-11-19,P034,418,False,0
2023-11-19,P035,236,False,0
2023-11-19,P036,294,False,0
2023-11-19,P037,285,False,0
2023-11-19,P038,377,False,0
2023-11-19,P039,196,False,0
2023-11-19,P040,62,False,0
2023-11-20,P001,276,False,0
2023-11-20,P002,223,False,0
2023-11-20,P003,185,False,0
2023-11-20,P004,341,False,0
2023-11-20,P005,58,False,0
2023-11-20,P006,115,False,0
2023-11-20,P007,399,False,0
2023-11-20,P008,362,False,0
2023-11-20,P009,112,False,0
2023-11-20,P010,391,False,0
2023-11-20,P011,348,False,0
2023-11-20,P012,323,False,0
2023-11-20,P013,295,False,0
2023-11-20,P014,255,False,0
2023-11-20,P015,365,False,0
2023-11-20,P016,453,False,0
2023-11-20,P017,144,False,0
2023-11-20,P018,297,False,0
2023-11-20,P019,257,False,0
2023-11-20,P020,342,False,0
2023-11-20,P021,182,False,0
2023-11-20,P022,395,False,0
2023-11-20,P023,324,False,0
2023-11-20,P024,412,False,0
2023-11-20,P025,247,False,0
2023-11-20,P026,481,False,0
2023-11-20,P027,470,False,0
2023-11-20,P028,341,False,0
2023-11-20,P029,207,False,0
2023-11-20,P030,479,False,0
2023-11-20,P031,232,False,0
2023-11-20,P032,129,False,0
2023-11-20,P033,436,False,0
2023-11-20,P034,418,False,0
2023-11-20,P035,229,False,0
2023-11-20,P036,291,False,0
2023-11-20,P037,281,False,0
2023-11-20,P038,377,False,0
2023-11-20,P039,186,False,0
2023-11-20,P040,59,False,0
2023-11-21,P001,274,False,0
2023-11-21,P002,221,False,0
2023-11-21,P003,185,False,0
2023-11-21,P004,324,False,0
2023-11-21,P005,58,False,0
2023-11-21,P006,112,False,0
2023-11-21,P007,394,False,0
2023-11-21,P008,357,False,0
2023-11-21,P009,102,False,0
2023-11-21,P010,386,False,0
2023-11-21,P011,348,False,0
2023-11-21,P012,322,False,0
2023-11-21,P013,289,False,0
2023-11-21,P014,250,False,0
2023-11-21,P015,365,False,0
2023-11-21,P016,453,False,0
2023-11-21,P017,141,False,0
2023-11-21,P018,287,False,0
2023-11-21,P019,257,False,0
2023-11-21,P020,340,False,0
2023-11-21,P021,179,False,0
2023-11-21,P022,393,False,0
2023-11-21,P023,324,False,0
2023-11-21,P024,412,False,0
2023-11-21,P025,247,False,0
2023-11-21,P026,479,False,0
2023-11-21,P027,470,False,0
2023-11-21,P028,338,False,0
2023-11-21,P029,202,False,0
2023-11-21,P030,479,False,0
2023-11-21,P031,220,False,0
2023-11-21,P032,127,False,0
2023-11-21,P033,434,False,0
2023-11-21,P034,417,False,0
2023-11-21,P035,217,False,0
2023-11-21,P036,291,False,0
2023-11-21,P037,281,False,0
2023-11-21,P038,377,False,0
2023-11-21,P039,186,False,0
2023-11-21,P040,59,False,0
2023-11-22,P001,270,False,0
2023-11-22,P002,221,False,0
2023-11-22,P003,185,False,0
2023-11-22,P004,319,False,0
2023-11-22,P005,53,False,0
2023-11-22,P006,108,False,0
2023-11-22,P007,384,False,0
2023-11-22,P008,348,False,0
2023-11-22,P009,97,False,0
2023-11-22,P010,382,False,0
2023-11-22,P011,344,False,0
2023-11-22,P012,313,False,0
2023-11-22,P013,289,False,0
2023-11-22,P014,225,False,0
2023-11-22,P015,365,False,0
2023-11-22,P016,425,False,0
2023-11-22,P017,137,False,0
2023-11-22,P018,272,False,0
2023-11-22,P019,251,False,0
2023-11-22,P020,338,False,0
2023-11-22,P021,179,False,0
2023-11-22,P022,390,False,0
2023-11-22,P023,324,False,0
2023-11-22,P024,412,False,0
2023-11-22,P025,243,False,0
2023-11-22,P026,479,False,0
2023-11-22,P027,470,False,0
2023-11-22,P028,303,False,0
2023-11-22,P029,202,False,0
2023-11-22,P030,476,False,0
2023-11-22,P031,214,False,0
2023-11-22,P032,127,False,0
2023-11-22,P033,431,False,0
2023-11-22,P034,416,False,0
2023-11-22,P035,209,False,0
2023-11-22,P036,291,False,0
2023-11-22,P037,281,False,0
2023-11-22,P038,377,False,0
2023-11-22,P039,186,False,0
2023-11-22,P040,59,False,0
2023-11-23,P001,267,False,0
2023-11-23,P002,214,False,0
2023-11-23,P003,182,False,0
2023-11-23,P004,319,False,0
2023-11-23,P005,53,False,0
2023-11-23,P006,108,False,0
2023-11-23,P007,372,False,0
2023-11-23,P008,339,False,0
2023-11-23,P009,96,False,0
2023-11-23,P010,382,False,0
2023-11-23,P011,339,False,0
2023-11-23,P012,308,False,0
2023-11-23,P013,277,False,0
2023-11-23,P014,223,False,0
2023-11-23,P015,365,False,0
2023-11-23,P016,416,False,0
2023-11-23,P017,134,False,0
2023-11-23,P018,265,False,0
2023-11-23,P019,249,False,0
2023-11-23,P020,331,False,0
2023-11-23,P021,173,False,0
2023-11-23,P022,384,False,0
2023-11-23,P023,322,False,0
2023-11-23,P024,412,False,0
2023-11-23,P025,234,False,0
2023-11-23,P026,477,False,0
2023-11-23,P027,464,False,0
2023-11-23,P028,302,False,0
2023-11-23,P029,202,False,0
2023-11-23,P030,471,False,0
2023-11-23,P031,207,False,0
2023-11-23,P032,127,False,0
2023-11-23,P033,421,False,0
2023-11-23,P034,416,False,0
2023-11-23,P035,189,False,0
2023-11-23,P036,285,False,0
2023-11-23,P037,276,False,0
2023-11-23,P038,377,False,0
2023-11-23,P039,178,False,0
2023-11-23,P040,55,False,0
2023-11-24,P001,257,False,0
2023-11-24,P002,214,False,0
2023-11-24,P003,182,False,0
2023-11-24,P004,319,False,0
2023-11-24,P005,53,False,0
2023-11-24,P006,104,False,0
2023-11-24,P007,371,False,0
2023-11-24,P008,325,False,0
2023-11-24,P009,83,False,0
2023-11-24,P010,382,False,0
2023-11-24,P011,339,False,0
2023-11-24,P012,304,False,0
2023-11-24,P013,273,False,0
2023-11-24,P014,223,False,0
2023-11-24,P015,364,False,0
2023-11-24,P016,416,False,0
2023-11-24,P017,130,False,0
2023-11-24,P018,265,False,0
2023-11-24,P019,243,False,0
2023-11-24,P020,326,False,0
2023-11-24,P021,169,False,0
2023-11-24,P022,379,False,0
2023-11-24,P023,322,False,0
2023-11-24,P024,408,False,0
2023-11-24,P025,234,False,0
2023-11-24,P026,460,False,0
2023-11-24,P027,456,False,0
2023-11-24,P028,292,False,0
2023-11-24,P029,202,False,0
2023-11-24,P030,471,False,0
2023-11-24,P031,193,False,0
2023-11-24,P032,127,False,0
2023-11-24,P033,405,False,0
2023-11-24,P034,412,False,0
2023-11-24,P035,178,False,0
2023-11-24,P036,285,False,0
2023-11-24,P037,271,False,0
2023-11-24,P038,373,False,0
2023-11-24,P039,178,False,0
2023-11-24,P040,52,False,0
2023-11-25,P001,241,False,0
2023-11-25,P002,214,False,0
2023-11-25,P003,179,False,0
2023-11-25,P004,316,False,0
2023-11-25,P005,53,False,0
2023-11-25,P006,104,False,0
2023-11-25,P007,368,False,0
2023-11-25,P008,312,False,0
2023-11-25,P009,66,False,0
2023-11-25,P010,372,False,0
2023-11-25,P011,339,False,0
2023-11-25,P012,296,False,0
2023-11-25,P013,273,False,0
2023-11-25,P014,220,False,0
2023-11-25,P015,364,False,0
2023-11-25,P016,409,False,0
2023-11-25,P017,125,False,0
2023-11-25,P018,265,False,0
2023-11-25,P019,243,False,0
2023-11-25,P020,323,False,0
2023-11-25,P021,169,False,0
2023-11-25,P022,374,False,0
2023-11-25,P023,319,False,0
2023-11-25,P024,403,False,0
2023-11-25,P025,234,False,0
2023-11-25,P026,457,False,0
2023-11-25,P027,447,False,0
2023-11-25,P028,283,False,0
2023-11-25,P029,198,False,0
2023-11-25,P030,471,False,0
2023-11-25,P031,184,False,0
2023-11-25,P032,123,False,0
2023-11-25,P033,405,False,0
2023-11-25,P034,412,False,0
2023-11-25,P035,178,False,0
2023-11-25,P036,285,False,0
2023-11-25,P037,266,False,0
2023-11-25,P038,368,False,0
2023-11-25,P039,175,False,0
2023-11-25,P040,52,False,0
2023-11-26,P001,235,False,0
2023-11-26,P002,211,False,0
2023-11-26,P003,179,False,0
2023-11-26,P004,308,False,0
2023-11-26,P005,53,False,0
2023-11-26,P006,99,False,0
2023-11-26,P007,359,False,0
2023-11-26,P008,303,False,0
2023-11-26,P009,57,False,0
2023-11-26,P010,371,False,0
2023-11-26,P011,334,False,0
2023-11-26,P012,295,False,0
2023-11-26,P013,271,False,0
2023-11-26,P014,220,False,0
2023-11-26,P015,364,False,0
2023-11-26,P016,396,False,0
2023-11-26,P017,119,False,0
2023-11-26,P018,256,False,0
2023-11-26,P019,243,False,0
2023-11-26,P020,318,False,0
2023-11-26,P021,166,False,0
2023-11-26,P022,369,False,0
2023-11-26,P023,319,False,0
2023-11-26,P024,398,False,0
2023-11-26,P025,234,False,0
2023-11-26,P026,453,False,0
2023-11-26,P027,446,False,0
2023-11-26,P028,283,False,0
2023-11-26,P029,198,False,0
2023-11-26,P030,470,False,0
2023-11-26,P031,167,False,0
2023-11-26,P032,123,False,0
2023-11-26,P033,404,False,0
2023-11-26,P034,412,False,0
2023-11-26,P035,178,False,0
2023-11-26,P036,280,False,0
2023-11-26,P037,260,False,0
2023-11-26,P038,368,False,0
2023-11-26,P039,161,False,0
2023-11-26,P040,500,False,457
2023-11-27,P001,226,False,0
2023-11-27,P002,211,False,0
2023-11-27,P003,174,False,0
2023-11-27,P004,302,False,0
2023-11-27,P005,53,False,0
2023-11-27,P006,94,False,0
2023-11-27,P007,352,False,0
2023-11-27,P008,278,False,0
2023-11-27,P009,500,False,456
2023-11-27,P010,371,False,0
2023-11-27,P011,324,False,0
2023-11-27,P012,292,False,0
2023-11-27,P013,253,False,0
2023-11-27,P014,212,False,0
2023-11-27,P015,364,False,0
2023-11-27,P016,384,False,0
2023-11-27,P017,111,False,0
2023-11-27,P018,249,False,0
2023-11-27,P019,231,False,0
2023-11-27,P020,314,False,0
2023-11-27,P021,164,False,0
2023-11-27,P022,368,False,0
2023-11-27,P023,307,False,0
2023-11-27,P024,398,False,0
2023-11-27,P025,226,False,0
2023-11-27,P026,444,False,0
2023-11-27,P027,443,False,0
2023-11-27,P028,277,False,0
2023-11-27,P029,198,False,0
2023-11-27,P030,462,False,0
2023-11-27,P031,153,False,0
2023-11-27,P032,123,False,0
2023-11-27,P033,392,False,0
2023-11-27,P034,412,False,0
2023-11-27,P035,174,False,0
2023-11-27,P036,270,False,0
2023-11-27,P037,255,False,0
2023-11-27,P038,365,False,0
2023-11-27,P039,159,False,0
2023-11-27,P040,496,False,0
2023-11-28,P001,220,False,0
2023-11-28,P002,211,False,0
2023-11-28,P003,174,False,0
2023-11-28,P004,295,False,0
2023-11-28,P005,53,False,0
2023-11-28,P006,94,False,0
2023-11-28,P007,344,False,0
2023-11-28,P008,271,False,0
2023-11-28,P009,486,False,0
2023-11-28,P010,371,False,0
2023-11-28,P011,324,False,0
2023-11-28,P012,288,False,0
2023-11-28,P013,253,False,0
2023-11-28,P014,212,False,0
2023-11-28,P015,364,False,0
2023-11-28,P016,378,False,0
2023-11-28,P017,104,False,0
2023-11-28,P018,241,False,0
2023-11-28,P019,227,False,0
2023-11-28,P020,310,False,0
2023-11-28,P021,158,False,0
2023-11-28,P022,360,False,0
2023-11-28,P023,305,False,0
2023-11-28,P024,398,False,0
2023-11-28,P025,222,False,0
2023-11-28,P026,441,False,0
2023-11-28,P027,440,False,0
2023-11-28,P028,274,False,0
2023-11-28,P029,193,False,0
2023-11-28,P030,462,False,0
2023-11-28,P031,151,False,0
2023-11-28,P032,123,False,0
2023-11-28,P033,379,False,0
2023-11-28,P034,406,False,0
2023-11-28,P035,171,False,0
2023-11-28,P036,268,False,0
2023-11-28,P037,251,False,0
2023-11-28,P038,361,False,0
2023-11-28,P039,155,False,0
2023-11-28,P040,496,False,0
2023-11-29,P001,218,False,0
2023-11-29,P002,207,False,0
2023-11-29,P003,161,False,0
2023-11-29,P004,260,False,0
2023-11-29,P005,53,False,0
2023-11-29,P006,93,False,0
2023-11-29,P007,334,False,0
2023-11-29,P008,255,False,0
2023-11-29,P009,485,False,0
2023-11-29,P010,371,False,0
2023-11-29,P011,316,False,0
2023-11-29,P012,284,False,0
2023-11-29,P013,253,False,0
2023-11-29,P014,212,False,0
2023-11-29,P015,364,False,0
2023-11-29,P016,371,False,0
2023-11-29,P017,103,False,0
2023-11-29,P018,232,False,0
2023-11-29,P019,214,False,0
2023-11-29,P020,307,False,0
2023-11-29,P021,143,False,0
2023-11-29,P022,360,False,0
2023-11-29,P023,298,False,0
2023-11-29,P024,395,False,0
2023-11-29,P025,215,False,0
2023-11-29,P026,428,False,0
2023-11-29,P027,440,False,0
2023-11-29,P028,262,False,0
2023-11-29,P029,190,False,0
2023-11-29,P030,449,False,0
2023-11-29,P031,145,False,0
2023-11-29,P032,118,False,0
2023-11-29,P033,374,False,0
2023-11-29,P034,406,False,0
2023-11-29,P035,163,False,0
2023-11-29,P036,268,False,0
2023-11-29,P037,247,False,0
2023-11-29,P038,361,False,0
2023-11-29,P039,145,False,0
2023-11-29,P040,494,False,0
2023-11-30,P001,211,False,0
2023-11-30,P002,203,False,0
2023-11-30,P003,154,False,0
2023-11-30,P004,256,False,0
2023-11-30,P005,52,False,0
2023-11-30,P006,93,False,0
2023-11-30,P007,329,False,0
2023-11-30,P008,250,False,0
2023-11-30,P009,485,False,0
2023-11-30,P010,363,False,0
2023-11-30,P011,316,False,0
2023-11-30,P012,276,False,0
2023-11-30,P013,251,False,0
2023-11-30,P014,212,False,0
2023-11-30,P015,364,False,0
2023-11-30,P016,366,False,0
2023-11-30,P017,102,False,0
2023-11-30,P018,213,False,0
2023-11-30,P019,208,False,0
2023-11-30,P020,307,False,0
2023-11-30,P021,140,False,0
2023-11-30,P022,360,False,0
2023-11-30,P023,298,False,0
2023-11-30,P024,395,False,0
2023-11-30,P025,215,False,0
2023-11-30,P026,425,False,0
2023-11-30,P027,440,False,0
2023-11-30,P028,255,False,0
2023-11-30,P029,190,False,0
2023-11-30,P030,448,False,0
2023-11-30,P031,126,False,0
2023-11-30,P032,118,False,0
2023-11-30,P033,373,False,0
2023-11-30,P034,399,False,0
2023-11-30,P035,161,False,0
2023-11-30,P036,268,False,0
2023-11-30,P037,246,False,0
2023-11-30,P038,361,False,0
2023-11-30,P039,135,False,0
2023-11-30,P040,482,False,0
2023-12-01,P001,207,False,0
2023-12-01,P002,203,False,0
2023-12-01,P003,149,False,0
2023-12-01,P004,239,False,0
2023-12-01,P005,52,False,0
2023-12-01,P006,91,False,0
2023-12-01,P007,329,False,0
2023-12-01,P008,250,False,0
2023-12-01,P009,479,False,0
2023-12-01,P010,363,False,0
2023-12-01,P011,311,False,0
2023-12-01,P012,272,False,0
2023-12-01,P013,249,False,0
2023-12-01,P014,212,False,0
2023-12-01,P015,364,False,0
2023-12-01,P016,355,False,0
2023-12-01,P017,93,False,0
2023-12-01,P018,202,False,0
2023-12-01,P019,208,False,0
2023-12-01,P020,303,False,0
2023-12-01,P021,129,False,0
2023-12-01,P022,355,False,0
2023-12-01,P023,293,False,0
2023-12-01,P024,391,False,0
2023-12-01,P025,215,False,0
2023-12-01,P026,421,False,0
2023-12-01,P027,440,False,0
2023-12-01,P028,252,False,0
2023-12-01,P029,188,False,0
2023-12-01,P030,440,False,0
2023-12-01,P031,121,False,0
2023-12-01,P032,115,False,0
2023-12-01,P033,369,False,0
2023-12-01,P034,399,False,0
2023-12-01,P035,161,False,0
2023-12-01,P036,258,False,0
2023-12-01,P037,241,False,0
2023-12-01,P038,357,False,0
2023-12-01,P039,127,False,0
2023-12-01,P040,473,False,0
2023-12-02,P001,205,False,0
2023-12-02,P002,203,False,0
2023-12-02,P003,145,False,0
2023-12-02,P004,233,False,0
2023-12-02,P005,52,False,0
2023-12-02,P006,91,False,0
2023-12-02,P007,322,False,0
2023-12-02,P008,245,False,0
2023-12-02,P009,477,False,0
2023-12-02,P010,363,False,0
2023-12-02,P011,311,False,0
2023-12-02,P012,268,False,0
2023-12-02,P013,241,False,0
2023-12-02,P014,212,False,0
2023-12-02,P015,364,False,0
2023-12-02,P016,351,False,0
2023-12-02,P017,87,False,0
2023-12-02,P018,201,False,0
2023-12-02,P019,202,False,0
2023-12-02,P020,303,False,0
2023-12-02,P021,124,False,0
2023-12-02,P022,352,False,0
2023-12-02,P023,293,False,0
2023-12-02,P024,388,False,0
2023-12-02,P025,213,False,0
2023-12-02,P026,413,False,0
2023-12-02,P027,435,False,0
2023-12-02,P028,252,False,0
2023-12-02,P029,188,False,0
2023-12-02,P030,440,False,0
2023-12-02,P031,111,False,0
2023-12-02,P032,113,False,0
2023-12-02,P033,359,False,0
2023-12-02,P034,399,False,0
2023-12-02,P035,161,False,0
2023-12-02,P036,255,False,0
2023-12-02,P037,241,False,0
2023-12-02,P038,349,False,0
2023-12-02,P039,113,False,0
2023-12-02,P040,473,False,0
2023-12-03,P001,201,False,0
2023-12-03,P002,191,False,0
2023-12-03,P003,134,False,0
2023-12-03,P004,208,False,0
2023-12-03,P005,500,False,452
2023-12-03,P006,86,False,0
2023-12-03,P007,306,False,0
2023-12-03,P008,238,False,0
2023-12-03,P009,469,False,0
2023-12-03,P010,358,False,0
2023-12-03,P011,311,False,0
2023-12-03,P012,264,False,0
2023-12-03,P013,241,False,0
2023-12-03,P014,208,False,0
2023-12-03,P015,364,False,0
2023-12-03,P016,345,False,0
2023-12-03,P017,78,False,0
2023-12-03,P018,192,False,0
2023-12-03,P019,195,False,0
2023-12-03,P020,303,False,0
2023-12-03,P021,110,False,0
2023-12-03,P022,346,False,0
2023-12-03,P023,286,False,0
2023-12-03,P024,385,False,0
2023-12-03,P025,188,False,0
2023-12-03,P026,403,False,0
2023-12-03,P027,427,False,0
2023-12-03,P028,244,False,0
2023-12-03,P029,174,False,0
2023-12-03,P030,430,False,0
2023-12-03,P031,104,False,0
2023-12-03,P032,109,False,0
2023-12-03,P033,350,False,0
2023-12-03,P034,393,False,0
2023-12-03,P035,140,False,0
2023-12-03,P036,252,False,0
2023-12-03,P037,238,False,0
2023-12-03,P038,344,False,0
2023-12-03,P039,113,False,0
2023-12-03,P040,457,False,0
2023-12-04,P001,185,False,0
2023-12-04,P002,187,False,0
2023-12-04,P003,131,False,0
2023-12-04,P004,190,False,0
2023-12-04,P005,500,False,0
2023-12-04,P006,81,False,0
2023-12-04,P007,298,False,0
2023-12-04,P008,224,False,0
2023-12-04,P009,461,False,0
2023-12-04,P010,356,False,0
2023-12-04,P011,299,False,0
2023-12-04,P012,259,False,0
2023-12-04,P013,233,False,0
2023-12-04,P014,205,False,0
2023-12-04,P015,364,False,0
2023-12-04,P016,340,False,0
2023-12-04,P017,74,False,0
2023-12-04,P018,178,False,0
2023-12-04,P019,195,False,0
2023-12-04,P020,303,False,0
2023-12-04,P021,101,False,0
2023-12-04,P022,341,False,0
2023-12-04,P023,279,False,0
2023-12-04,P024,385,False,0
2023-12-04,P025,181,False,0
2023-12-04,P026,403,False,0
2023-12-04,P027,427,False,0
2023-12-04,P028,243,False,0
2023-12-04,P029,174,False,0
2023-12-04,P030,430,False,0
2023-12-04,P031,103,False,0
2023-12-04,P032,106,False,0
2023-12-04,P033,340,False,0
2023-12-04,P034,384,False,0
2023-12-04,P035,136,False,0
2023-12-04,P036,239,False,0
2023-12-04,P037,232,False,0
2023-12-04,P038,344,False,0
2023-12-04,P039,101,False,0
2023-12-04,P040,456,False,0
2023-12-05,P001,176,False,0
2023-12-05,P002,186,False,0
2023-12-05,P003,130,False,0
2023-12-05,P004,177,False,0
2023-12-05,P005,498,False,0
2023-12-05,P006,81,False,0
2023-12-05,P007,279,False,0
2023-12-05,P008,220,False,0
2023-12-05,P009,453,False,0
2023-12-05,P010,350,False,0
2023-12-05,P011,299,False,0
2023-12-05,P012,256,False,0
2023-12-05,P013,233,False,0
2023-12-05,P014,205,False,0
2023-12-05,P015,364,False,0
2023-12-05,P016,339,False,0
2023-12-05,P017,68,False,0
2023-12-05,P018,174,False,0
2023-12-05,P019,194,False,0
2023-12-05,P020,301,False,0
2023-12-05,P021,101,False,0
2023-12-05,P022,326,False,0
2023-12-05,P023,279,False,0
2023-12-05,P024,385,False,0
2023-12-05,P025,181,False,0
2023-12-05,P026,398,False,0
2023-12-05,P027,427,False,0
2023-12-05,P028,243,False,0
2023-12-05,P029,170,False,0
2023-12-05,P030,427,False,0
2023-12-05,P031,95,False,0
2023-12-05,P032,106,False,0
2023-12-05,P033,336,False,0
2023-12-05,P034,375,False,0
2023-12-05,P035,128,False,0
2023-12-05,P036,236,False,0
2023-12-05,P037,232,False,0
2023-12-05,P038,344,False,0
2023-12-05,P039,98,False,0
2023-12-05,P040,456,False,0
2023-12-06,P001,165,False,0
2023-12-06,P002,186,False,0
2023-12-06,P003,130,False,0
2023-12-06,P004,172,False,0
2023-12-06,P005,498,False,0
2023-12-06,P006,81,False,0
2023-12-06,P007,275,False,0
2023-12-06,P008,200,False,0
2023-12-06,P009,449,False,0
2023-12-06,P010,345,False,0
2023-12-06,P011,299,False,0
2023-12-06,P012,255,False,0
2023-12-06,P013,232,False,0
2023-12-06,P014,205,False,0
2023-12-06,P015,364,False,0
2023-12-06,P016,326,False,0
2023-12-06,P017,64,False,0
2023-12-06,P018,171,False,0
2023-12-06,P019,194,False,0
2023-12-06,P020,298,False,0
2023-12-06,P021,96,False,0
2023-12-06,P022,322,False,0
2023-12-06,P023,269,False,0
2023-12-06,P024,385,False,0
2023-12-06,P025,181,False,0
2023-12-06,P026,372,False,0
2023-12-06,P027,423,False,0
2023-12-06,P028,240,False,0
2023-12-06,P029,170,False,0
2023-12-06,P030,389,False,0
2023-12-06,P031,88,False,0
2023-12-06,P032,106,False,0
2023-12-06,P033,322,False,0
2023-12-06,P034,372,False,0
2023-12-06,P035,124,False,0
2023-12-06,P036,232,False,0
2023-12-06,P037,229,False,0
2023-12-06,P038,339,False,0
2023-12-06,P039,98,False,0
2023-12-06,P040,451,False,0
2023-12-07,P001,161,False,0
2023-12-07,P002,183,False,0
2023-12-07,P003,130,False,0
2023-12-07,P004,168,False,0
2023-12-07,P005,498,False,0
2023-12-07,P006,81,False,0
2023-12-07,P007,270,False,0
2023-12-07,P008,200,False,0
2023-12-07,P009,440,False,0
2023-12-07,P010,345,False,0
2023-12-07,P011,299,False,0
2023-12-07,P012,251,False,0
2023-12-07,P013,209,False,0
2023-12-07,P014,205,False,0
2023-12-07,P015,364,False,0
2023-12-07,P016,321,False,0
2023-12-07,P017,61,False,0
2023-12-07,P018,165,False,0
2023-12-07,P019,194,False,0
2023-12-07,P020,298,False,0
2023-12-07,P021,87,False,0
2023-12-07,P022,314,False,0
2023-12-07,P023,265,False,0
2023-12-07,P024,385,False,0
2023-12-07,P025,181,False,0
2023-12-07,P026,368,False,0
2023-12-07,P027,416,False,0
2023-12-07,P028,237,False,0
2023-12-07,P029,162,False,0
2023-12-07,P030,389,False,0
2023-12-07,P031,81,False,0
2023-12-07,P032,106,False,0
2023-12-07,P033,313,False,0
2023-12-07,P034,365,False,0
2023-12-07,P035,118,False,0
2023-12-07,P036,224,False,0
2023-12-07,P037,229,False,0
2023-12-07,P038,339,False,0
2023-12-07,P039,97,False,0
2023-12-07,P040,447,False,0
2023-12-08,P001,157,False,0
2023-12-08,P002,183,False,0
2023-12-08,P003,130,False,0
2023-12-08,P004,166,False,0
2023-12-08,P005,498,False,0
2023-12-08,P006,80,False,0
2023-12-08,P007,266,False,0
2023-12-08,P008,196,False,0
2023-12-08,P009,440,False,0
2023-12-08,P010,345,False,0
2023-12-08,P011,299,False,0
2023-12-08,P012,246,False,0
2023-12-08,P013,209,False,0
2023-12-08,P014,203,False,0
2023-12-08,P015,364,False,0
2023-12-08,P016,306,False,0
2023-12-08,P017,500,False,451
2023-12-08,P018,162,False,0
2023-12-08,P019,188,False,0
2023-12-08,P020,294,False,0
2023-12-08,P021,83,False,0
2023-12-08,P022,311,False,0
2023-12-08,P023,263,False,0
2023-12-08,P024,384,False,0
2023-12-08,P025,181,False,0
2023-12-08,P026,368,False,0
2023-12-08,P027,410,False,0
2023-12-08,P028,231,False,0
2023-12-08,P029,162,False,0
2023-12-08,P030,388,False,0
2023-12-08,P031,72,False,0
2023-12-08,P032,106,False,0
2023-12-08,P033,309,False,0
2023-12-08,P034,360,False,0
2023-12-08,P035,113,False,0
2023-12-08,P036,220,False,0
2023-12-08,P037,229,False,0
2023-12-08,P038,339,False,0
2023-12-08,P039,97,False,0
2023-12-08,P040,439,False,0
2023-12-09,P001,153,False,0
2023-12-09,P002,179,False,0
2023-12-09,P003,130,False,0
2023-12-09,P004,161,False,0
2023-12-09,P005,498,False,0
2023-12-09,P006,80,False,0
2023-12-09,P007,254,False,0
2023-12-09,P008,189,False,0
2023-12-09,P009,431,False,0
2023-12-09,P010,345,False,0
2023-12-09,P011,299,False,0
2023-12-09,P012,240,False,0
2023-12-09,P013,208,False,0
2023-12-09,P014,198,False,0
2023-12-09,P015,364,False,0
2023-12-09,P016,301,False,0
2023-12-09,P017,500,False,0
2023-12-09,P018,157,False,0
2023-12-09,P019,186,False,0
2023-12-09,P020,289,False,0
2023-12-09,P021,80,False,0
2023-12-09,P022,310,False,0
2023-12-09,P023,255,False,0
2023-12-09,P024,383,False,0
2023-12-09,P025,178,False,0
2023-12-09,P026,368,False,0
2023-12-09,P027,410,False,0
2023-12-09,P028,221,False,0
2023-12-09,P029,162,False,0
2023-12-09,P030,383,False,0
2023-12-09,P031,59,False,0
2023-12-09,P032,106,False,0
2023-12-09,P033,309,False,0
2023-12-09,P034,355,False,0
2023-12-09,P035,99,False,0
2023-12-09,P036,216,False,0
2023-12-09,P037,228,False,0
2023-12-09,P038,339,False,0
2023-12-09,P039,97,False,0
2023-12-09,P040,439,False,0
2023-12-10,P001,128,False,0
2023-12-10,P002,176,False,0
2023-12-10,P003,119,False,0
2023-12-10,P004,145,False,0
2023-12-10,P005,498,False,0
2023-12-10,P006,60,False,0
2023-12-10,P007,244,False,0
2023-12-10,P008,170,False,0
2023-12-10,P009,429,False,0
2023-12-10,P010,340,False,0
2023-12-10,P011,296,False,0
2023-12-10,P012,234,False,0
2023-12-10,P013,205,False,0
2023-12-10,P014,198,False,0
2023-12-10,P015,364,False,0
2023-12-10,P016,297,False,0
2023-12-10,P017,496,False,0
2023-12-10,P018,143,False,0
2023-12-10,P019,178,False,0
2023-12-10,P020,283,False,0
2023-12-10,P021,76,False,0
2023-12-10,P022,305,False,0
2023-12-10,P023,249,False,0
2023-12-10,P024,380,False,0
2023-12-10,P025,173,False,0
2023-12-10,P026,359,False,0
2023-12-10,P027,407,False,0
2023-12-10,P028,213,False,0
2023-12-10,P029,162,False,0
2023-12-10,P030,373,False,0
2023-12-10,P031,500,False,459
2023-12-10,P032,103,False,0
2023-12-10,P033,300,False,0
2023-12-10,P034,350,False,0
2023-12-10,P035,88,False,0
2023-12-10,P036,214,False,0
2023-12-10,P037,228,False,0
2023-12-10,P038,335,False,0
2023-12-10,P039,86,False,0
2023-12-10,P040,434,False,0
2023-12-11,P001,122,False,0
2023-12-11,P002,171,False,0
2023-12-11,P003,119,False,0
2023-12-11,P004,142,False,0
2023-12-11,P005,498,False,0
2023-12-11,P006,51,False,0
2023-12-11,P007,234,False,0
2023-12-11,P008,163,False,0
2023-12-11,P009,423,False,0
2023-12-11,P010,339,False,0
2023-12-11,P011,293,False,0
2023-12-11,P012,232,False,0
2023-12-11,P013,200,False,0
2023-12-11,P014,197,False,0
2023-12-11,P015,361,False,0
2023-12-11,P016,291,False,0
2023-12-11,P017,487,False,0
2023-12-11,P018,140,False,0
2023-12-11,P019,174,False,0
2023-12-11,P020,283,False,0
2023-12-11,P021,75,False,0
2023-12-11,P022,301,False,0
2023-12-11,P023,245,False,0
2023-12-11,P024,380,False,0
2023-12-11,P025,161,False,0
2023-12-11,P026,353,False,0
2023-12-11,P027,397,False,0
2023-12-11,P028,213,False,0
2023-12-11,P029,154,False,0
2023-12-11,P030,373,False,0
2023-12-11,P031,491,False,0
2023-12-11,P032,102,False,0
2023-12-11,P033,295,False,0
2023-12-11,P034,350,False,0
2023-12-11,P035,88,False,0
2023-12-11,P036,213,False,0
2023-12-11,P037,219,False,0
2023-12-11,P038,335,False,0
2023-12-11,P039,82,False,0
2023-12-11,P040,434,False,0
2023-12-12,P001,122,False,0
2023-12-12,P002,169,False,0
2023-12-12,P003,119,False,0
2023-12-12,P004,137,False,0
2023-12-12,P005,498,False,0
2023-12-12,P006,51,False,0
2023-12-12,P007,223,False,0
2023-12-12,P008,155,False,0
2023-12-12,P009,415,False,0
2023-12-12,P010,334,False,0
2023-12-12,P011,293,False,0
2023-12-12,P012,232,False,0
2023-12-12,P013,195,False,0
2023-12-12,P014,197,False,0
2023-12-12,P015,354,False,0
2023-12-12,P016,279,False,0
2023-12-12,P017,477,False,0
2023-12-12,P018,134,False,0
2023-12-12,P019,174,False,0
2023-12-12,P020,283,False,0
2023-12-12,P021,60,False,0
2023-12-12,P022,290,False,0
2023-12-12,P023,241,False,0
2023-12-12,P024,378,False,0
2023-12-12,P025,157,False,0
2023-12-12,P026,350,False,0
2023-12-12,P027,397,False,0
2023-12-12,P028,205,False,0
2023-12-12,P029,151,False,0
2023-12-12,P030,373,False,0
2023-12-12,P031,486,False,0
2023-12-12,P032,102,False,0
2023-12-12,P033,291,False,0
2023-12-12,P034,345,False,0
2023-12-12,P035,84,False,0
2023-12-12,P036,209,False,0
2023-12-12,P037,214,False,0
2023-12-12,P038,330,False,0
2023-12-12,P039,74,False,0
2023-12-12,P040,432,False,0
2023-12-13,P001,114,False,0
2023-12-13,P002,169,False,0
2023-12-13,P003,119,False,0
2023-12-13,P004,137,False,0
2023-12-13,P005,498,False,0
2023-12-13,P006,500,False,456
2023-12-13,P007,223,False,0
2023-12-13,P008,155,False,0
2023-12-13,P009,415,False,0
2023-12-13,P010,329,False,0
2023-12-13,P011,292,False,0
2023-12-13,P012,230,False,0
2023-12-13,P013,195,False,0
2023-12-13,P014,197,False,0
2023-12-13,P015,354,False,0
2023-12-13,P016,278,False,0
2023-12-13,P017,474,False,0
2023-12-13,P018,134,False,0
2023-12-13,P019,170,False,0
2023-12-13,P020,283,False,0
2023-12-13,P021,56,False,0
2023-12-13,P022,278,False,0
2023-12-13,P023,241,False,0
2023-12-13,P024,378,False,0
2023-12-13,P025,157,False,0
2023-12-13,P026,338,False,0
2023-12-13,P027,391,False,0
2023-12-13,P028,199,False,0
2023-12-13,P029,146,False,0
2023-12-13,P030,373,False,0
2023-12-13,P031,471,False,0
2023-12-13,P032,102,False,0
2023-12-13,P033,286,False,0
2023-12-13,P034,345,False,0
2023-12-13,P035,76,False,0
2023-12-13,P036,205,False,0
2023-12-13,P037,209,False,0
2023-12-13,P038,330,False,0
2023-12-13,P039,69,False,0
2023-12-13,P040,432,False,0
2023-12-14,P001,111,False,0
2023-12-14,P002,156,False,0
2023-12-14,P003,119,False,0
2023-12-14,P004,133,False,0
2023-12-14,P005,498,False,0
2023-12-14,P006,495,False,0
2023-12-14,P007,223,False,0
2023-12-14,P008,155,False,0
2023-12-14,P009,406,False,0
2023-12-14,P010,329,False,0
2023-12-14,P011,292,False,0
2023-12-14,P012,225,False,0
2023-12-14,P013,183,False,0
2023-12-14,P014,192,False,0
2023-12-14,P015,354,False,0
2023-12-14,P016,256,False,0
2023-12-14,P017,473,False,0
2023-12-14,P018,126,False,0
2023-12-14,P019,169,False,0
2023-12-14,P020,279,False,0
2023-12-14,P021,500,False,469
2023-12-14,P022,277,False,0
2023-12-14,P023,231,False,0
2023-12-14,P024,378,False,0
2023-12-14,P025,153,False,0
2023-12-14,P026,333,False,0
2023-12-14,P027,386,False,0
2023-12-14,P028,190,False,0
2023-12-14,P029,141,False,0
2023-12-14,P030,372,False,0
2023-12-14,P031,462,False,0
2023-12-14,P032,102,False,0
2023-12-14,P033,283,False,0
2023-12-14,P034,345,False,0
2023-12-14,P035,76,False,0
2023-12-14,P036,194,False,0
2023-12-14,P037,209,False,0
2023-12-14,P038,327,False,0
2023-12-14,P039,68,False,0
2023-12-14,P040,430,False,0
2023-12-15,P001,108,False,0
2023-12-15,P002,156,False,0
2023-12-15,P003,119,False,0
2023-12-15,P004,124,False,0
2023-12-15,P005,498,False,0
2023-12-15,P006,495,False,0
2023-12-15,P007,215,False,0
2023-12-15,P008,153,False,0
2023-12-15,P009,405,False,0
2023-12-15,P010,329,False,0
2023-12-15,P011,287,False,0
2023-12-15,P012,222,False,0
2023-12-15,P013,183,False,0
2023-12-15,P014,190,False,0
2023-12-15,P015,354,False,0
2023-12-15,P016,253,False,0
2023-12-15,P017,473,False,0
2023-12-15,P018,121,False,0
2023-12-15,P019,169,False,0
2023-12-15,P020,277,False,0
2023-12-15,P021,491,False,0
2023-12-15,P022,276,False,0
2023-12-15,P023,231,False,0
2023-12-15,P024,378,False,0
2023-12-15,P025,152,False,0
2023-12-15,P026,333,False,0
2023-12-15,P027,383,False,0
2023-12-15,P028,178,False,0
2023-12-15,P029,141,False,0
2023-12-15,P030,368,False,0
2023-12-15,P031,462,False,0
2023-12-15,P032,97,False,0
2023-12-15,P033,277,False,0
2023-12-15,P034,345,False,0
2023-12-15,P035,71,False,0
2023-12-15,P036,194,False,0
2023-12-15,P037,207,False,0
2023-12-15,P038,327,False,0
2023-12-15,P039,66,False,0
2023-12-15,P040,430,False,0
2023-12-16,P001,81,False,0
2023-12-16,P002,156,False,0
2023-12-16,P003,119,False,0
2023-12-16,P004,114,False,0
2023-12-16,P005,493,False,0
2023-12-16,P006,495,False,0
2023-12-16,P007,199,False,0
2023-12-16,P008,152,False,0
2023-12-16,P009,402,False,0
2023-12-16,P010,324,False,0
2023-12-16,P011,287,False,0
2023-12-16,P012,222,False,0
2023-12-16,P013,183,False,0
2023-12-16,P014,190,False,0
2023-12-16,P015,350,False,0
2023-12-16,P016,246,False,0
2023-12-16,P017,465,False,0
2023-12-16,P018,114,False,0
2023-12-16,P019,169,False,0
2023-12-16,P020,276,False,0
2023-12-16,P021,486,False,0
2023-12-16,P022,264,False,0
2023-12-16,P023,231,False,0
2023-12-16,P024,378,False,0
2023-12-16,P025,152,False,0
2023-12-16,P026,332,False,0
2023-12-16,P027,383,False,0
2023-12-16,P028,176,False,0
2023-12-16,P029,141,False,0
2023-12-16,P030,368,False,0
2023-12-16,P031,458,False,0
2023-12-16,P032,97,False,0
2023-12-16,P033,249,False,0
2023-12-16,P034,342,False,0
2023-12-16,P035,71,False,0
2023-12-16,P036,194,False,0
2023-12-16,P037,200,False,0
2023-12-16,P038,327,False,0
2023-12-16,P039,65,False,0
2023-12-16,P040,430,False,0
2023-12-17,P001,74,False,0
2023-12-17,P002,146,False,0
2023-12-17,P003,119,False,0
2023-12-17,P004,99,False,0
2023-12-17,P005,493,False,0
2023-12-17,P006,491,False,0
2023-12-17,P007,184,False,0
2023-12-17,P008,136,False,0
2023-12-17,P009,398,False,0
2023-12-17,P010,316,False,0
2023-12-17,P011,283,False,0
2023-12-17,P012,222,False,0
2023-12-17,P013,183,False,0
2023-12-17,P014,189,False,0
2023-12-17,P015,345,False,0
2023-12-17,P016,220,False,0
2023-12-17,P017,464,False,0
2023-12-17,P018,110,False,0
2023-12-17,P019,169,False,0
2023-12-17,P020,266,False,0
2023-12-17,P021,481,False,0
2023-12-17,P022,254,False,0
2023-12-17,P023,231,False,0
2023-12-17,P024,378,False,0
2023-12-17,P025,147,False,0
2023-12-17,P026,331,False,0
2023-12-17,P027,380,False,0
2023-12-17,P028,172,False,0
2023-12-17,P029,137,False,0
2023-12-17,P030,361,False,0
2023-12-17,P031,458,False,0
2023-12-17,P032,97,False,0
2023-12-17,P033,233,False,0
2023-12-17,P034,330,False,0
2023-12-17,P035,63,False,0
2023-12-17,P036,191,False,0
2023-12-17,P037,193,False,0
2023-12-17,P038,327,False,0
2023-12-17,P039,60,False,0
2023-12-17,P040,430,False,0
2023-12-18,P001,71,False,0
2023-12-18,P002,140,False,0
2023-12-18,P003,109,False,0
2023-12-18,P004,95,False,0
2023-12-18,P005,493,False,0
2023-12-18,P006,486,False,0
2023-12-18,P007,175,False,0
2023-12-18,P008,132,False,0
2023-12-18,P009,388,False,0
2023-12-18,P010,314,False,0
2023-12-18,P011,268,False,0
2023-12-18,P012,216,False,0
2023-12-18,P013,178,False,0
2023-12-18,P014,189,False,0
2023-12-18,P015,345,False,0
2023-12-18,P016,218,False,0
2023-12-18,P017,455,False,0
2023-12-18,P018,102,False,0
2023-12-18,P019,165,False,0
2023-12-18,P020,260,False,0
2023-12-18,P021,479,False,0
2023-12-18,P022,246,False,0
2023-12-18,P023,225,False,0
2023-12-18,P024,377,False,0
2023-12-18,P025,143,False,0
2023-12-18,P026,321,False,0
2023-12-18,P027,361,False,0
2023-12-18,P028,165,False,0
2023-12-18,P029,134,False,0
2023-12-18,P030,355,False,0
2023-12-18,P031,451,False,0
2023-12-18,P032,97,False,0
2023-12-18,P033,216,False,0
2023-12-18,P034,325,False,0
2023-12-18,P035,500,False,452
2023-12-18,P036,185,False,0
2023-12-18,P037,187,False,0
2023-12-18,P038,327,False,0
2023-12-18,P039,60,False,0
2023-12-18,P040,421,False,0
2023-12-19,P001,60,False,0
2023-12-19,P002,134,False,0
2023-12-19,P003,104,False,0
2023-12-19,P004,93,False,0
2023-12-19,P005,492,False,0
2023-12-19,P006,484,False,0
2023-12-19,P007,168,False,0
2023-12-19,P008,126,False,0
2023-12-19,P009,384,False,0
2023-12-19,P010,309,False,0
2023-12-19,P011,267,False,0
2023-12-19,P012,214,False,0
2023-12-19,P013,175,False,0
2023-12-19,P014,186,False,0
2023-12-19,P015,345,False,0
2023-12-19,P016,218,False,0
2023-12-19,P017,455,False,0
2023-12-19,P018,102,False,0
2023-12-19,P019,160,False,0
2023-12-19,P020,260,False,0
2023-12-19,P021,474,False,0
2023-12-19,P022,246,False,0
2023-12-19,P023,225,False,0
2023-12-19,P024,377,False,0
2023-12-19,P025,143,False,0
2023-12-19,P026,314,False,0
2023-12-19,P027,361,False,0
2023-12-19,P028,156,False,0
2023-12-19,P029,130,False,0
2023-12-19,P030,355,False,0
2023-12-19,P031,446,False,0
2023-12-19,P032,97,False,0
2023-12-19,P033,213,False,0
2023-12-19,P034,320,False,0
2023-12-19,P035,497,False,0
2023-12-19,P036,181,False,0
2023-12-19,P037,182,False,0
2023-12-19,P038,327,False,0
2023-12-19,P039,500,False,451
2023-12-19,P040,416,False,0
2023-12-20,P001,54,False,0
2023-12-20,P002,134,False,0
2023-12-20,P003,104,False,0
2023-12-20,P004,92,False,0
2023-12-20,P005,492,False,0
2023-12-20,P006,483,False,0
2023-12-20,P007,164,False,0
2023-12-20,P008,126,False,0
2023-12-20,P009,381,False,0
2023-12-20,P010,298,False,0
2023-12-20,P011,267,False,0
2023-12-20,P012,210,False,0
2023-12-20,P013,170,False,0
2023-12-20,P014,186,False,0
2023-12-20,P015,340,False,0
2023-12-20,P016,201,False,0
2023-12-20,P017,452,False,0
2023-12-20,P018,98,False,0
2023-12-20,P019,160,False,0
2023-12-20,P020,260,False,0
2023-12-20,P021,473,False,0
2023-12-20,P022,242,False,0
2023-12-20,P023,220,False,0
2023-12-20,P024,377,False,0
2023-12-20,P025,142,False,0
2023-12-20,P026,314,False,0
2023-12-20,P027,354,False,0
2023-12-20,P028,156,False,0
2023-12-20,P029,130,False,0
2023-12-20,P030,350,False,0
2023-12-20,P031,443,False,0
2023-12-20,P032,97,False,0
2023-12-20,P033,213,False,0
2023-12-20,P034,320,False,0
2023-12-20,P035,488,False,0
2023-12-20,P036,181,False,0
2023-12-20,P037,182,False,0
2023-12-20,P038,326,False,0
2023-12-20,P039,492,False,0
2023-12-20,P040,416,False,0
2023-12-21,P001,500,False,451
2023-12-21,P002,124,False,0
2023-12-21,P003,104,False,0
2023-12-21,P004,81,False,0
2023-12-21,P005,492,False,0
2023-12-21,P006,481,False,0
2023-12-21,P007,158,False,0
2023-12-21,P008,120,False,0
2023-12-21,P009,371,False,0
2023-12-21,P010,294,False,0
2023-12-21,P011,267,False,0
2023-12-21,P012,203,False,0
2023-12-21,P013,161,False,0
2023-12-21,P014,186,False,0
2023-12-21,P015,340,False,0
2023-12-21,P016,192,False,0
2023-12-21,P017,447,False,0
2023-12-21,P018,92,False,0
2023-12-21,P019,159,False,0
2023-12-21,P020,257,False,0
2023-12-21,P021,469,False,0
2023-12-21,P022,237,False,0
2023-12-21,P023,216,False,0
2023-12-21,P024,374,False,0
2023-12-21,P025,142,False,0
2023-12-21,P026,309,False,0
2023-12-21,P027,354,False,0
2023-12-21,P028,145,False,0
2023-12-21,P029,124,False,0
2023-12-21,P030,350,False,0
2023-12-21,P031,428,False,0
2023-12-21,P032,97,False,0
2023-12-21,P033,204,False,0
2023-12-21,P034,320,False,0
2023-12-21,P035,475,False,0
2023-12-21,P036,180,False,0
2023-12-21,P037,172,False,0
2023-12-21,P038,326,False,0
2023-12-21,P039,485,False,0
2023-12-21,P040,411,False,0
2023-12-22,P001,492,False,0
2023-12-22,P002,124,False,0
2023-12-22,P003,104,False,0
2023-12-22,P004,72,False,0
2023-12-22,P005,492,False,0
2023-12-22,P006,481,False,0
2023-12-22,P007,158,False,0
2023-12-22,P008,114,False,0
2023-12-22,P009,353,False,0
2023-12-22,P010,293,False,0
2023-12-22,P011,262,False,0
2023-12-22,P012,202,False,0
2023-12-22,P013,161,False,0
2023-12-22,P014,186,False,0
2023-12-22,P015,340,False,0
2023-12-22,P016,190,False,0
2023-12-22,P017,434,False,0
2023-12-22,P018,92,False,0
2023-12-22,P019,159,False,0
2023-12-22,P020,252,False,0
2023-12-22,P021,465,False,0
2023-12-22,P022,237,False,0
2023-12-22,P023,215,False,0
2023-12-22,P024,374,False,0
2023-12-22,P025,142,False,0
2023-12-22,P026,309,False,0
2023-12-22,P027,348,False,0
2023-12-22,P028,143,False,0
2023-12-22,P029,124,False,0
2023-12-22,P030,345,False,0
2023-12-22,P031,428,False,0
2023-12-22,P032,97,False,0
2023-12-22,P033,203,False,0
2023-12-22,P034,316,False,0
2023-12-22,P035,475,False,0
2023-12-22,P036,180,False,0
2023-12-22,P037,167,False,0
2023-12-22,P038,326,False,0
2023-12-22,P039,485,False,0
2023-12-22,P040,408,False,0
2023-12-23,P001,492,False,0
2023-12-23,P002,124,False,0
2023-12-23,P003,100,False,0
2023-12-23,P004,72,False,0
2023-12-23,P005,492,False,0
2023-12-23,P006,479,False,0
2023-12-23,P007,158,False,0
2023-12-23,P008,110,False,0
2023-12-23,P009,349,False,0
2023-12-23,P010,293,False,0
2023-12-23,P011,262,False,0
2023-12-23,P012,198,False,0
2023-12-23,P013,157,False,0
2023-12-23,P014,186,False,0
2023-12-23,P015,340,False,0
2023-12-23,P016,190,False,0
2023-12-23,P017,429,False,0
2023-12-23,P018,89,False,0
2023-12-23,P019,154,False,0
2023-12-23,P020,251,False,0
2023-12-23,P021,460,False,0
2023-12-23,P022,237,False,0
2023-12-23,P023,205,False,0
2023-12-23,P024,374,False,0
2023-12-23,P025,142,False,0
2023-12-23,P026,306,False,0
2023-12-23,P027,348,False,0
2023-12-23,P028,138,False,0
2023-12-23,P029,121,False,0
2023-12-23,P030,343,False,0
2023-12-23,P031,422,False,0
2023-12-23,P032,97,False,0
2023-12-23,P033,197,False,0
2023-12-23,P034,313,False,0
2023-12-23,P035,474,False,0
2023-12-23,P036,180,False,0
2023-12-23,P037,167,False,0
2023-12-23,P038,326,False,0
2023-12-23,P039,485,False,0
2023-12-23,P040,404,False,0
2023-12-24,P001,482,False,0
2023-12-24,P002,120,False,0
2023-12-24,P003,99,False,0
2023-12-24,P004,68,False,0
2023-12-24,P005,492,False,0
2023-12-24,P006,478,False,0
2023-12-24,P007,150,False,0
2023-12-24,P008,95,False,0
2023-12-24,P009,345,False,0
2023-12-24,P010,274,False,0
2023-12-24,P011,261,False,0
2023-12-24,P012,196,False,0
2023-12-24,P013,148,False,0
2023-12-24,P014,186,False,0
2023-12-24,P015,338,False,0
2023-12-24,P016,187,False,0
2023-12-24,P017,421,False,0
2023-12-24,P018,89,False,0
2023-12-24,P019,152,False,0
2023-12-24,P020,246,False,0
2023-12-24,P021,446,False,0
2023-12-24,P022,237,False,0
2023-12-24,P023,185,False,0
2023-12-24,P024,358,False,0
2023-12-24,P025,136,False,0
2023-12-24,P026,299,False,0
2023-12-24,P027,348,False,0
2023-12-24,P028,132,False,0
2023-12-24,P029,106,False,0
2023-12-24,P030,333,False,0
2023-12-24,P031,407,False,0
2023-12-24,P032,97,False,0
2023-12-24,P033,195,False,0
2023-12-24,P034,309,False,0
2023-12-24,P035,459,False,0
2023-12-24,P036,165,False,0
2023-12-24,P037,160,False,0
2023-12-24,P038,326,False,0
2023-12-24,P039,472,False,0
2023-12-24,P040,400,False,0
2023-12-25,P001,482,False,0
2023-12-25,P002,117,False,0
2023-12-25,P003,94,False,0
2023-12-25,P004,63,False,0
2023-12-25,P005,481,False,0
2023-12-25,P006,478,False,0
2023-12-25,P007,138,False,0
2023-12-25,P008,90,False,0
2023-12-25,P009,340,False,0
2023-12-25,P010,269,False,0
2023-12-25,P011,259,False,0
2023-12-25,P012,190,False,0
2023-12-25,P013,133,False,0
2023-12-25,P014,185,False,0
2023-12-25,P015,338,False,0
2023-12-25,P016,186,False,0
2023-12-25,P017,402,False,0
2023-12-25,P018,82,False,0
2023-12-25,P019,151,False,0
2023-12-25,P020,246,False,0
2023-12-25,P021,436,False,0
2023-12-25,P022,235,False,0
2023-12-25,P023,181,False,0
2023-12-25,P024,358,False,0
2023-12-25,P025,125,False,0
2023-12-25,P026,296,False,0
2023-12-25,P027,348,False,0
2023-12-25,P028,129,False,0
2023-12-25,P029,106,False,0
2023-12-25,P030,331,False,0
2023-12-25,P031,399,False,0
2023-12-25,P032,97,False,0
2023-12-25,P033,183,False,0
2023-12-25,P034,306,False,0
2023-12-25,P035,448,False,0
2023-12-25,P036,160,False,0
2023-12-25,P037,159,False,0
2023-12-25,P038,326,False,0
2023-12-25,P039,465,False,0
2023-12-25,P040,390,False,0
2023-12-26,P001,477,False,0
2023-12-26,P002,117,False,0
2023-12-26,P003,94,False,0
2023-12-26,P004,59,False,0
2023-12-26,P005,481,False,0
2023-12-26,P006,470,False,0
2023-12-26,P007,137,False,0
2023-12-26,P008,89,False,0
2023-12-26,P009,336,False,0
2023-12-26,P010,268,False,0
2023-12-26,P011,259,False,0
2023-12-26,P012,190,False,0
2023-12-26,P013,133,False,0
2023-12-26,P014,185,False,0
2023-12-26,P015,335,False,0
2023-12-26,P016,179,False,0
2023-12-26,P017,400,False,0
2023-12-26,P018,79,False,0
2023-12-26,P019,149,False,0
2023-12-26,P020,244,False,0
2023-12-26,P021,436,False,0
2023-12-26,P022,232,False,0
2023-12-26,P023,179,False,0
2023-12-26,P024,358,False,0
2023-12-26,P025,121,False,0
2023-12-26,P026,295,False,0
2023-12-26,P027,348,False,0
2023-12-26,P028,121,False,0
2023-12-26,P029,93,False,0
2023-12-26,P030,326,False,0
2023-12-26,P031,396,False,0
2023-12-26,P032,97,False,0
2023-12-26,P033,136,False,0
2023-12-26,P034,306,False,0
2023-12-26,P035,435,False,0
2023-12-26,P036,160,False,0
2023-12-26,P037,159,False,0
2023-12-26,P038,326,False,0
2023-12-26,P039,465,False,0
2023-12-26,P040,390,False,0
2023-12-27,P001,477,False,0
2023-12-27,P002,113,False,0
2023-12-27,P003,87,False,0
2023-12-27,P004,500,False,454
2023-12-27,P005,481,False,0
2023-12-27,P006,470,False,0
2023-12-27,P007,137,False,0
2023-12-27,P008,77,False,0
2023-12-27,P009,322,False,0
2023-12-27,P010,256,False,0
2023-12-27,P011,256,False,0
2023-12-27,P012,185,False,0
2023-12-27,P013,113,False,0
2023-12-27,P014,185,False,0
2023-12-27,P015,335,False,0
2023-12-27,P016,179,False,0
2023-12-27,P017,397,False,0
2023-12-27,P018,74,False,0
2023-12-27,P019,144,False,0
2023-12-27,P020,243,False,0
2023-12-27,P021,434,False,0
2023-12-27,P022,227,False,0
2023-12-27,P023,176,False,0
2023-12-27,P024,358,False,0
2023-12-27,P025,120,False,0
2023-12-27,P026,290,False,0
2023-12-27,P027,348,False,0
2023-12-27,P028,111,False,0
2023-12-27,P029,88,False,0
2023-12-27,P030,322,False,0
2023-12-27,P031,394,False,0
2023-12-27,P032,92,False,0
2023-12-27,P033,129,False,0
2023-12-27,P034,306,False,0
2023-12-27,P035,429,False,0
2023-12-27,P036,155,False,0
2023-12-27,P037,157,False,0
2023-12-27,P038,326,False,0
2023-12-27,P039,455,False,0
2023-12-27,P040,387,False,0
2023-12-28,P001,472,False,0
2023-12-28,P002,113,False,0
2023-12-28,P003,80,False,0
2023-12-28,P004,499,False,0
2023-12-28,P005,481,False,0
2023-12-28,P006,470,False,0
2023-12-28,P007,131,False,0
2023-12-28,P008,71,False,0
2023-12-28,P009,317,False,0
2023-12-28,P010,251,False,0
2023-12-28,P011,256,False,0
2023-12-28,P012,185,False,0
2023-12-28,P013,108,False,0
2023-12-28,P014,183,False,0
2023-12-28,P015,335,False,0
2023-12-28,P016,159,False,0
2023-12-28,P017,397,False,0
2023-12-28,P018,71,False,0
2023-12-28,P019,144,False,0
2023-12-28,P020,236,False,0
2023-12-28,P021,431,False,0
2023-12-28,P022,227,False,0
2023-12-28,P023,176,False,0
2023-12-28,P024,358,False,0
2023-12-28,P025,118,False,0
2023-12-28,P026,288,False,0
2023-12-28,P027,336,False,0
2023-12-28,P028,98,False,0
2023-12-28,P029,88,False,0
2023-12-28,P030,319,False,0
2023-12-28,P031,394,False,0
2023-12-28,P032,92,False,0
2023-12-28,P033,117,False,0
2023-12-28,P034,298,False,0
2023-12-28,P035,427,False,0
2023-12-28,P036,151,False,0
2023-12-28,P037,154,False,0
2023-12-28,P038,322,False,0
2023-12-28,P039,454,False,0
2023-12-28,P040,385,False,0
2023-12-29,P001,470,False,0
2023-12-29,P002,105,False,0
2023-12-29,P003,80,False,0
2023-12-29,P004,488,False,0
2023-12-29,P005,481,False,0
2023-12-29,P006,470,False,0
2023-12-29,P007,123,False,0
2023-12-29,P008,68,False,0
2023-12-29,P009,314,False,0
2023-12-29,P010,251,False,0
2023-12-29,P011,256,False,0
2023-12-29,P012,185,False,0
2023-12-29,P013,106,False,0
2023-12-29,P014,180,False,0
2023-12-29,P015,335,False,0
2023-12-29,P016,156,False,0
2023-12-29,P017,397,False,0
2023-12-29,P018,66,False,0
2023-12-29,P019,144,False,0
2023-12-29,P020,236,False,0
2023-12-29,P021,427,False,0
2023-12-29,P022,219,False,0
2023-12-29,P023,175,False,0
2023-12-29,P024,358,False,0
2023-12-29,P025,113,False,0
2023-12-29,P026,283,False,0
2023-12-29,P027,331,False,0
2023-12-29,P028,98,False,0
2023-12-29,P029,88,False,0
2023-12-29,P030,317,False,0
2023-12-29,P031,394,False,0
2023-12-29,P032,92,False,0
2023-12-29,P033,99,False,0
2023-12-29,P034,298,False,0
2023-12-29,P035,415,False,0
2023-12-29,P036,146,False,0
2023-12-29,P037,154,False,0
2023-12-29,P038,321,False,0
2023-12-29,P039,448,False,0
2023-12-29,P040,385,False,0
2023-12-30,P001,462,False,0
2023-12-30,P002,105,False,0
2023-12-30,P003,80,False,0
2023-12-30,P004,479,False,0
2023-12-30,P005,481,False,0
2023-12-30,P006,470,False,0
2023-12-30,P007,122,False,0
2023-12-30,P008,60,False,0
2023-12-30,P009,314,False,0
2023-12-30,P010,251,False,0
2023-12-30,P011,252,False,0
2023-12-30,P012,181,False,0
2023-12-30,P013,103,False,0
2023-12-30,P014,180,False,0
2023-12-30,P015,335,False,0
2023-12-30,P016,154,False,0
2023-12-30,P017,391,False,0
2023-12-30,P018,61,False,0
2023-12-30,P019,138,False,0
2023-12-30,P020,235,False,0
2023-12-30,P021,427,False,0
2023-12-30,P022,216,False,0
2023-12-30,P023,170,False,0
2023-12-30,P024,358,False,0
2023-12-30,P025,113,False,0
2023-12-30,P026,283,False,0
2023-12-30,P027,331,False,0
2023-12-30,P028,98,False,0
2023-12-30,P029,88,False,0
2023-12-30,P030,312,False,0
2023-12-30,P031,392,False,0
2023-12-30,P032,92,False,0
2023-12-30,P033,90,False,0
2023-12-30,P034,293,False,0
2023-12-30,P035,408,False,0
2023-12-30,P036,146,False,0
2023-12-30,P037,153,False,0
2023-12-30,P038,321,False,0
2023-12-30,P039,448,False,0
2023-12-30,P040,382,False,0
2023-12-31,P001,450,False,0
2023-12-31,P002,101,False,0
2023-12-31,P003,75,False,0
2023-12-31,P004,472,False,0
2023-12-31,P005,481,False,0
2023-12-31,P006,470,False,0
2023-12-31,P007,100,False,0
2023-12-31,P008,51,False,0
2023-12-31,P009,314,False,0
2023-12-31,P010,242,False,0
2023-12-31,P011,247,False,0
2023-12-31,P012,160,False,0
2023-12-31,P013,103,False,0
2023-12-31,P014,160,False,0
2023-12-31,P015,330,False,0
2023-12-31,P016,137,False,0
2023-12-31,P017,380,False,0
2023-12-31,P018,500,False,455
2023-12-31,P019,130,False,0
2023-12-31,P020,235,False,0
2023-12-31,P021,420,False,0
2023-12-31,P022,216,False,0
2023-12-31,P023,164,False,0
2023-12-31,P024,358,False,0
2023-12-31,P025,113,False,0
2023-12-31,P026,283,False,0
2023-12-31,P027,325,False,0
2023-12-31,P028,83,False,0
2023-12-31,P029,80,False,0
2023-12-31,P030,300,False,0
2023-12-31,P031,380,False,0
2023-12-31,P032,84,False,0
2023-12-31,P033,76,False,0
2023-12-31,P034,293,False,0
2023-12-31,P035,401,False,0
2023-12-31,P036,146,False,0
2023-12-31,P037,146,False,0
2023-12-31,P038,320,False,0
2023-12-31,P039,432,False,0
2023-12-31,P040,382,False,0
